id,gender,masterCategory,subCategory,articleType,baseColour,season,year,usage,productDisplayName,label_name
24098,Men,Footwear,Sandal,Sandals,Black,Summer,2012.0,Casual,Red Tape Men Black Sandals,Shoes
56844,Men,Apparel,Bottomwear,Jeans,Blue,Summer,2012.0,Casual,John Players Men Blue Jeans,Bottomwear
47236,Men,Footwear,Shoes,Casual Shoes,Brown,Summer,2013.0,Casual,Playboy Men Brown Low Cut Lace Up Shoes,Shoes
36051,Unisex,Accessories,Bags,Handbags,Green,Fall,2012.0,Casual,OTLS Unisex Green Dual Flap Bag,Accessories
46402,Men,Apparel,Topwear,Tshirts,Blue,Summer,2012.0,Casual,ADIDAS Men Blue & Orange T-shirt,Topwear
3382,Women,Accessories,Bags,Handbags,Brown,Winter,2015.0,Casual,Murcia Brown Solid Shoulder Bag,Accessories
13689,Men,Footwear,Shoes,Sports Shoes,Black,Summer,2013.0,Sports,Reebok Men Premier Zigfly Sports Shoes,Shoes
38930,Girls,Apparel,Bottomwear,Jeans,Blue,Summer,2012.0,Casual,Gini and Jony Girls Blue Jeans,Bottomwear
33504,Women,Apparel,Dress,Dresses,Pink,Summer,2012.0,Casual,Doodle Kids Girl Printed Pink Dress,Dress
53408,Women,Apparel,Topwear,Kurtas,Beige,Fall,2012.0,Ethnic,Alma Women Beige Printed Kurta,Topwear
11307,Women,Apparel,Bottomwear,Jeans,Blue,Fall,2011.0,Casual,Wrangler Women Blue Michelle Jeans,Bottomwear
23041,Men,Apparel,Bottomwear,Trousers,Grey,Fall,2011.0,Formal,Arrow Men Navy Grey Trousers,Bottomwear
11572,Women,Apparel,Topwear,Kurtas,White,Summer,2011.0,Ethnic,W Women Printed White Kurtas,Topwear
45777,Women,Apparel,Dress,Dresses,Red,Summer,2012.0,Casual,Remanika Women Red Dress,Dress
40997,Girls,Apparel,Bottomwear,Jeans,Black,Summer,2012.0,Casual,Gini and Jony  Girls Woven Black Jeans,Bottomwear
59991,Women,Apparel,Dress,Dresses,Multi,Fall,2012.0,Casual,Avirate Multicoloured Dress,Dress
33425,Women,Accessories,Bags,Handbags,Brown,Fall,2012.0,Casual,Baggit Women Brown Sling Bag,Accessories
21747,Unisex,Footwear,Shoes,Casual Shoes,Black,Fall,2011.0,Casual,Vans Unisex  Era Black Casual Shoes,Shoes
14879,Women,Accessories,Bags,Handbags,Black,Summer,2011.0,Casual,United Colors of Benetton Women Solid Black Handbags,Accessories
31050,Men,Apparel,Topwear,Shirts,Navy Blue,Summer,2012.0,Casual,Arrow Sport Men Check Navy Blue Shirt,Topwear
48252,Boys,Apparel,Topwear,Tshirts,Yellow,Summer,2012.0,Casual,The Amazing Spiderman Boys Yellow T-shirt,Topwear
7184,Women,Apparel,Topwear,Tops,White,Fall,2011.0,Casual,Jealous 21 Women's Lost White Top,Topwear
43653,Women,Apparel,Dress,Dresses,Peach,Summer,2012.0,Casual,ONLY Women Peach Dress,Dress
41774,Women,Apparel,Dress,Dresses,Navy Blue,Summer,2012.0,Casual,Remanika Women Navy Blue Dress,Dress
47581,Women,Footwear,Shoes,Flats,Maroon,Winter,2012.0,Casual,Portia Women Silver & Maroon Flats,Shoes
19256,Men,Accessories,Watches,Watches,Steel,Winter,2016.0,Casual,Guess Men Focus Steel Watch,Accessories
43227,Women,Accessories,Bags,Handbags,Brown,Summer,2012.0,Casual,United Colors of Benetton Women Brown Handbag,Accessories
14176,Men,Accessories,Belts,Belts,Black,Fall,2011.0,Casual,Belmonte Men Thread Black Belts,Accessories
13778,Men,Apparel,Bottomwear,Trousers,Grey,Fall,2011.0,Casual,Belmonte Men Solid Grey Trousers,Bottomwear
22607,Men,Apparel,Bottomwear,Shorts,Navy Blue,Fall,2011.0,Sports,Nike Men Navy Blue Shorts,Bottomwear
57994,Women,Apparel,Dress,Dresses,Brown,Fall,2012.0,Casual,Latin Quarters Women Brown Printed Dress,Dress
10289,Women,Footwear,Shoes,Heels,Black,Fall,2012.0,Casual,Clarks Women Soma Silk Leather Black Heels,Shoes
29835,Men,Apparel,Topwear,Shirts,Brown,Summer,2012.0,Casual,Basics Men Brown Checked Slim Fit Shirt,Topwear
3346,Men,Apparel,Topwear,Tshirts,Black,Summer,2011.0,Casual,Myntra Men's You Are Not My Type Black T-shirt,Topwear
49613,Women,Footwear,Shoes,Heels,Multi,Winter,2015.0,Casual,Catwalk Women Multi Coloured Heels,Shoes
56348,Men,Accessories,Watches,Watches,Navy Blue,Winter,2016.0,Casual,Fastrack Men Navy Blue Watch,Accessories
6208,Men,Apparel,Topwear,Tshirts,Green,Summer,2011.0,Casual,Lee Men's Hand Green T-shirt,Topwear
29056,Women,Apparel,Bottomwear,Track Pants,Grey,Summer,2012.0,Sports,ADIDAS Women Grey Track Pants,Bottomwear
15696,Men,Apparel,Topwear,Shirts,White,Fall,2011.0,Formal,Black coffee Men George White Shirts,Topwear
15508,Men,Footwear,Shoes,Casual Shoes,Brown,Fall,2011.0,Casual,Rockport Men Cape Noble Brown Casual Shoes,Shoes
35701,Men,Footwear,Shoes,Sports Shoes,White,Summer,2012.0,Sports,Nike Men City Court VI White Sports Shoes,Shoes
19767,Unisex,Accessories,Watches,Watches,Peach,Winter,2016.0,Casual,Ice Unisex Sili Peach Watch,Accessories
48042,Men,Accessories,Watches,Watches,Black,Winter,2016.0,Casual,Nautica Men Black Dial Chronograph Watch,Accessories
15054,Men,Footwear,Shoes,Formal Shoes,Black,Summer,2013.0,Formal,Franco Leone Men Black Formal Shoe,Shoes
31127,Girls,Apparel,Dress,Dresses,Black,Summer,2012.0,Casual,Gini and Jony Girls Black Dress,Dress
15289,Women,Footwear,Shoes,Sports Shoes,Silver,Fall,2011.0,Sports,FILA Women DLS Spry Silver Sports Shoes,Shoes
59977,Women,Apparel,Dress,Dresses,Navy Blue,Fall,2012.0,Casual,Avirate Women Navy Blue Dress,Dress
50820,Men,Accessories,Wallets,Wallets,Brown,Summer,2012.0,Casual,New Hide Men Brown Wallet,Accessories
8022,Men,Apparel,Bottomwear,Track Pants,Navy Blue,Fall,2011.0,Sports,Fila Men's Single Tipped Woven Navy White Track Pant,Bottomwear
31167,Girls,Apparel,Dress,Dresses,Blue,Summer,2012.0,Casual,Gini and Jony Girls Blue Dress,Dress
31673,Men,Apparel,Bottomwear,Jeans,Blue,Summer,2012.0,Casual,Spykar Men Washed Blue Jeans,Bottomwear
49585,Women,Footwear,Shoes,Heels,Beige,Winter,2015.0,Casual,Catwalk Women Beige Heels,Shoes
11354,Men,Apparel,Bottomwear,Jeans,Blue,Spring,2013.0,Casual,Lee Men Mickey Blue Powell Fit Jeans,Bottomwear
38841,Women,Apparel,Dress,Dresses,Brown,Summer,2012.0,Casual,Latin Quarters Women Brown Check Dress,Dress
57041,Women,Apparel,Dress,Dresses,Black,Summer,2012.0,Party,Elle Black Sheath Dress,Dress
4085,Men,Apparel,Topwear,Tshirts,White,Summer,2011.0,Casual,Inkfruit Men's Dark Poison White T-shirt,Topwear
31126,Girls,Apparel,Dress,Dresses,White,Summer,2012.0,Casual,Gini and Jony Girls White Dress,Dress
20927,Unisex,Accessories,Bags,Handbags,Black,Winter,2016.0,Casual,Fastrack Unisex Polyester Black HandBag,Accessories
42730,Women,Footwear,Shoes,Flats,Gold,Winter,2012.0,Casual,Rocia Women Golden Sandals,Shoes
24024,Men,Apparel,Topwear,Tshirts,Black,Fall,2011.0,Casual,Locomotive Men Printed Black T-shirt,Topwear
25283,Women,Accessories,Bags,Handbags,Brown,Summer,2012.0,Casual,Lino Perros Women Check Brown Handbag,Accessories
45579,Men,Footwear,Sandal,Sandals,Black,Summer,2012.0,Casual,Arrow Men Black Sandals,Shoes
2191,Men,Apparel,Bottomwear,Shorts,Blue,Fall,2010.0,Sports,ADIDAS Men Chelsea Lead Short,Bottomwear
27608,Men,Apparel,Bottomwear,Trousers,Black,Summer,2012.0,Casual,Scullers Men Black Trousers,Bottomwear
41237,Men,Accessories,Belts,Belts,Black,Summer,2012.0,Formal,Arrow Men Black Belt,Accessories
17945,Men,Apparel,Bottomwear,Track Pants,Black,Fall,2011.0,Sports,Puma Men No. 1 logo Black Track Pant,Bottomwear
46486,Men,Accessories,Watches,Watches,Black,Winter,2016.0,Casual,Timex Men Black Dial Chronograph Watch,Accessories
43917,Women,Apparel,Bottomwear,Trousers,Blue,Summer,2012.0,Casual,Femella Women Blue Trousers,Bottomwear
25157,Women,Accessories,Bags,Handbags,Black,Winter,2015.0,Casual,Lino Perros Women Leatherette Black Handbag,Accessories
34524,Men,Footwear,Sandal,Sandals,Brown,Summer,2012.0,Casual,Red Tape Men Brown Sandals,Shoes
49634,Women,Apparel,Dress,Dresses,Blue,Summer,2012.0,Casual,Mineral Blue Dress,Dress
21947,Women,Accessories,Bags,Handbags,Red,Winter,2015.0,Casual,Murcia Women Red Leatherite Handbag,Accessories
44441,Men,Footwear,Sandal,Sandals,Brown,Summer,2013.0,Casual,Gliders Men Brown Davis Sandals,Shoes
19600,Women,Apparel,Topwear,Tops,Black,Fall,2011.0,Casual,United Colors of Benetton Women Black Printed Top,Topwear
57991,Women,Apparel,Dress,Dresses,Blue,Fall,2012.0,Casual,Latin Quarters Women Blue Dress,Dress
25676,Women,Accessories,Watches,Watches,Black,Winter,2016.0,Casual,Fastrack Women Black Casual Watch,Accessories
50214,Women,Accessories,Belts,Belts,Brown,Summer,2012.0,Casual,Stoln Women Brown Belt,Accessories
22151,Men,Footwear,Sandal,Sandals,Black,Summer,2011.0,Casual,Lee Cooper Men Black Casual Sandals,Shoes
2203,Men,Apparel,Topwear,Tshirts,Blue,Fall,2010.0,Sports,Adidas Men Blue Polo T-shirt,Topwear
4987,Women,Apparel,Dress,Dresses,White,Summer,2011.0,Casual,Gini and Jony Girl's Viveca White Floral Kidswear,Dress
25663,Women,Accessories,Watches,Watches,Pink,Winter,2016.0,Casual,Fastrack Women Pink Dial Watch,Accessories
35573,Men,Footwear,Flip Flops,Flip Flops,Blue,Summer,2013.0,Casual,Gliders Men Esquire Blue Flip Flops,Shoes
22846,Men,Footwear,Shoes,Casual Shoes,Khaki,Summer,2012.0,Casual,Woodland Men Khaki Casual Shoes,Shoes
57058,Women,Apparel,Dress,Dresses,White,Summer,2012.0,Casual,Elle Women Multi Coloured Dress,Dress
20271,Women,Footwear,Shoes,Flats,Black,Winter,2015.0,Casual,Catwalk Women Black Shoe,Shoes
18026,Women,Accessories,Wallets,Wallets,Pink,Winter,2015.0,Casual,Lino Perros Women Solid Pink Wallet,Accessories
36732,Women,Apparel,Bottomwear,Jeans,Blue,Summer,2012.0,Casual,Spykar Women Liana Blue Jeans,Bottomwear
44470,Women,Footwear,Shoes,Flats,Silver,Summer,2012.0,Casual,Senorita Women Green & Silver Colored Sandals,Shoes
20029,Men,Apparel,Topwear,Shirts,Grey,Fall,2011.0,Casual,United Colors of Benetton Men Solid Grey Shirt,Topwear
57153,Women,Apparel,Topwear,Tshirts,Peach,Summer,2012.0,Casual,Elle Women Peach T-shirt,Topwear
39012,Men,Footwear,Shoes,Sports Shoes,Black,Fall,2012.0,Sports,Fila Men Black Sports Shoes,Shoes
21538,Women,Accessories,Bags,Handbags,Purple,Winter,2015.0,Casual,Kiara Women Flower  Purple Handbag,Accessories
4219,Boys,Apparel,Topwear,Tshirts,Orange,Summer,2011.0,Casual,Disney Kids Boy's Orange Colour Blast Kidswear,Topwear
34882,Women,Accessories,Bags,Handbags,Red,Summer,2012.0,Casual,Envirosax Women Red Bag,Accessories
58490,Women,Apparel,Dress,Dresses,White,Fall,2012.0,Casual,Tonga Women White Dress,Dress
40100,Men,Apparel,Topwear,Tshirts,Orange,Summer,2012.0,Casual,ADIDAS Men Orange T-shirt,Topwear
36915,Men,Accessories,Wallets,Wallets,Brown,Winter,2016.0,Casual,Fossil Men Brown Wallet,Accessories
29407,Men,Accessories,Watches,Watches,Blue,Winter,2016.0,Casual,Giordano Men Blue Dial Watch,Accessories
42527,Women,Apparel,Topwear,Kurtas,Blue,Summer,2012.0,Ethnic,Mother Earth Women Blue Kurta,Topwear
2026,Men,Apparel,Topwear,Tshirts,Green,Fall,2010.0,Casual,ADIDAS Mens Full Deep Green T-shirt,Topwear
12710,Men,Footwear,Shoes,Sports Shoes,Silver,Fall,2011.0,Sports,Nike Men Mercurial Victory Silver Sports Shoes,Shoes
40025,Men,Apparel,Bottomwear,Track Pants,Black,Summer,2012.0,Casual,ADIDAS Men Black Track Pants,Bottomwear
3958,Women,Apparel,Topwear,Tops,Green,Summer,2011.0,Casual,Jealous 21 Women Green Trendy Top,Topwear
33437,Women,Accessories,Bags,Handbags,Blue,Summer,2012.0,Casual,Baggit Women Confident Gipsy Blue Handbag,Accessories
34880,Women,Accessories,Bags,Handbags,Blue,Summer,2012.0,Casual,Envirosax Women Blue Bag,Accessories
22065,Women,Apparel,Topwear,Kurtas,Pink,Fall,2011.0,Ethnic,Vishudh Women Printed Pink Kurta,Topwear
7537,Men,Apparel,Bottomwear,Track Pants,Grey,Summer,2011.0,Sports,Nike Men's Classic Fresh Grey Track Pant,Bottomwear
44809,Women,Apparel,Topwear,Tops,Black,Summer,2012.0,Casual,Spykar Women Black Top,Topwear
24118,Men,Footwear,Flip Flops,Flip Flops,Turquoise Blue,Fall,2011.0,Casual,Playboy Men Turquoise Blue Casual Flip Flops,Shoes
11048,Men,Apparel,Topwear,Shirts,Red,Fall,2011.0,Casual,Scullers Men Check Red Shirts,Topwear
37912,Women,Apparel,Dress,Dresses,Orange,Summer,2012.0,Casual,Mineral Women Floral Orange Dress,Dress
10312,Women,Accessories,Watches,Watches,Silver,Winter,2016.0,Casual,Esprit Women Spark Black White Silver Watches,Accessories
13261,Women,Apparel,Bottomwear,Jeans,Blue,Fall,2011.0,Casual,Palm Tree Kids Girl Washed Blue Jeans,Bottomwear
38575,Men,Apparel,Bottomwear,Track Pants,Black,Summer,2012.0,Sports,Nike Men Breakline Black Track Pants,Bottomwear
3511,Men,Apparel,Bottomwear,Track Pants,Blue,Fall,2010.0,Sports,ADIDAS Men's Dark Navy White Tracksuit,Bottomwear
14116,Men,Apparel,Bottomwear,Jeans,Blue,Fall,2011.0,Casual,Flying Machine Men Blue Jeans,Bottomwear
59964,Women,Apparel,Dress,Dresses,Black,Fall,2012.0,Casual,Avirate Women Black Dress,Dress
14808,Women,Accessories,Bags,Handbags,Maroon,Summer,2011.0,Casual,United Colors of Benetton Women Solid Maroon Handbags,Accessories
6522,Men,Apparel,Bottomwear,Shorts,White,Summer,2011.0,Sports,Nike Men's Fit White Short,Bottomwear
41495,Men,Apparel,Topwear,Tshirts,Purple,Summer,2012.0,Casual,Locomotive Men Purple T-shirt,Topwear
57261,Women,Accessories,Bags,Handbags,Brown,Summer,2012.0,Casual,Murcia Women Brown Handbag,Accessories
8194,Men,Apparel,Topwear,Shirts,Navy Blue,Summer,2011.0,Casual,Locomotive Men Solid Poplin Lambert Navy Blue Shirts,Topwear
21997,Women,Accessories,Bags,Handbags,Pink,Winter,2015.0,Casual,Murcia Women Casual Pink Handbag,Accessories
58171,Women,Accessories,Bags,Handbags,Grey,Fall,2012.0,Casual,Rocky S Women Grey Handbag,Accessories
10365,Women,Apparel,Dress,Dresses,Black,Fall,2011.0,Casual,United Colors of Benetton Women Short Black Dresses,Dress
32294,Men,Accessories,Watches,Watches,Steel,Winter,2016.0,Casual,Q&Q Men White Dial Watch,Accessories
42848,Women,Accessories,Wallets,Wallets,Brown,Summer,2012.0,Casual,French Connection Women Brown Wallet,Accessories
34592,Women,Apparel,Dress,Dresses,Black,Summer,2012.0,Casual,Tonga Women Printed Black Dress,Dress
37634,Girls,Apparel,Topwear,Tshirts,Pink,Summer,2012.0,Casual,Madagascar3 Girls Pink Printed T-Shirt,Topwear
21700,Women,Accessories,Watches,Watches,White,Winter,2016.0,Casual,Fossil Women White Dial Watch ES2981,Accessories
53123,Women,Apparel,Topwear,Tshirts,Black,Summer,2012.0,Casual,Myntra Women Black T-shirt,Topwear
27214,Men,Apparel,Bottomwear,Shorts,Brown,Summer,2012.0,Casual,Doodle Kids Boy  Brown Shorts,Bottomwear
3579,Women,Footwear,Shoes,Sports Shoes,White,Summer,2011.0,Sports,ADIDAS Women White Turquoise Shoe,Shoes
52124,Girls,Apparel,Dress,Dresses,Orange,Summer,2012.0,Casual,Doodle Girls Orange Printed Dress,Dress
34091,Girls,Apparel,Topwear,Tops,Grey,Summer,2012.0,Casual,Doodle Girls Printed Grey Top,Topwear
20760,Women,Footwear,Shoes,Heels,Black,Winter,2012.0,Casual,Carlton London Women Casual Black Wedges,Shoes
18168,Girls,Apparel,Dress,Dresses,Pink,Fall,2011.0,Casual,Doodle Kids Girls Party Frock Pink Dress,Dress
11294,Men,Apparel,Bottomwear,Jeans,Blue,Spring,2013.0,Casual,Wrangler Men Blue Floyd Jeans,Bottomwear
5294,Women,Apparel,Topwear,Tshirts,Blue,Summer,2011.0,Casual,Puma Women's Ess Striped Blue T-shirt,Topwear
39217,Women,Apparel,Dress,Dresses,Red,Summer,2012.0,Casual,Femella Women Floral Red Dress,Dress
56822,Men,Apparel,Bottomwear,Trousers,Beige,Summer,2012.0,Casual,John Players Men Beige Shorts,Bottomwear
2670,Women,Accessories,Bags,Handbags,Yellow,Winter,2015.0,Casual,Murcia Women Yellow Leatherette Hand Bag,Accessories
12726,Men,Apparel,Topwear,Tshirts,Green,Fall,2011.0,Casual,Timberland Men Solid Green  Plo T-Shirts,Topwear
23189,Men,Apparel,Topwear,Shirts,Green,Fall,2011.0,Casual,Highlander Men Green Check Shirt,Topwear
38767,Girls,Apparel,Bottomwear,Shorts,Pink,Summer,2012.0,Casual,Gini and Jony Girls Pink Shorts,Bottomwear
54741,Unisex,Footwear,Shoes,Casual Shoes,Grey,Summer,2012.0,Casual,Vans Unisex Grey Shoes,Shoes
35427,Women,Footwear,Shoes,Sports Shoes,White,Summer,2012.0,Sports,ADIDAS Women Neptune White Sports Shoes,Shoes
26934,Women,Apparel,Dress,Dresses,Black,Summer,2012.0,Casual,Jealous 21 Women Black Dress,Dress
8846,Men,Apparel,Bottomwear,Trousers,Cream,Summer,2011.0,Casual,Scullers Men Scul Cream Trousers,Bottomwear
14792,Women,Accessories,Bags,Handbags,Beige,Summer,2011.0,Casual,United Colors of Benetton Women Solid Beige Handbags,Accessories
54076,Unisex,Footwear,Shoes,Casual Shoes,Brown,Summer,2010.0,Casual,ADIDAS Unisex Brown Casual Shoes,Shoes
41784,Women,Apparel,Dress,Dresses,Purple,Summer,2012.0,Casual,Remanika Women Purple Dress,Dress
29751,Men,Accessories,Watches,Watches,Black,Winter,2016.0,Casual,Fossil Men Black Dial Chronograph Watch FS4532,Accessories
47361,Women,Accessories,Bags,Handbags,Black,Summer,2012.0,Casual,Baggit Women Black Voodoo Gang Handbag,Accessories
18167,Girls,Apparel,Dress,Dresses,Magenta,Fall,2011.0,Casual,Doodle Kids Girls Party Frock Purple Dress,Dress
36094,Men,Accessories,Wallets,Wallets,Black,Summer,2012.0,Casual,OTLS Men Laurel Black Wallet,Accessories
54972,Women,Apparel,Dress,Dresses,Green,Fall,2012.0,Casual,Femella Women Green & Black Dress,Dress
47155,Men,Accessories,Wallets,Wallets,Brown,Summer,2012.0,Casual,Peter England Men Brown Wallet,Accessories
18420,Women,Footwear,Shoes,Sports Shoes,White,Summer,2012.0,Sports,Skechers Women Shape-Ups White Shoe,Shoes
57819,Women,Apparel,Dress,Dresses,Green,Fall,2012.0,Casual,United Colors of Benetton Women Green Dress,Dress
7968,Unisex,Footwear,Sandal,Sandals,Green,Fall,2011.0,Casual,Fila Unisex Inferno Olive Green Floater,Shoes
32416,Men,Apparel,Topwear,Tshirts,Blue,Summer,2012.0,Sports,ADIDAS Men Blue Jersey,Topwear
15341,Women,Apparel,Bottomwear,Shorts,Pink,Fall,2011.0,Sports,Nike Women Solid Pink Shorts,Bottomwear
20330,Men,Apparel,Topwear,Tshirts,Pink,Fall,2011.0,Casual,Mr.Men Little Miss Men Printed Fushia Pink Tshirt,Topwear
24358,Women,Apparel,Topwear,Kurtas,Pink,Fall,2011.0,Ethnic,Folklore Women Pink  Kurta,Topwear
48484,Women,Apparel,Dress,Dresses,Blue,Winter,2011.0,Casual,French Connection Women Blue Dress,Dress
45405,Women,Footwear,Shoes,Flats,Bronze,Winter,2012.0,Casual,Rocia Women Bronze Sandals,Shoes
27521,Women,Footwear,Shoes,Heels,White,Winter,2015.0,Casual,Catwalk Women White Heels,Shoes
37075,Women,Accessories,Bags,Handbags,Blue,Summer,2012.0,Casual,Lino Perros Women Blue Handbag,Accessories
24391,Women,Apparel,Topwear,Kurtas,Orange,Fall,2011.0,Ethnic,Folklore Women Orange Printed Kurta,Topwear
12337,Men,Apparel,Topwear,Tshirts,Navy Blue,Fall,2011.0,Casual,Spykar Men Navy Blue Polo T-Shirts,Topwear
37198,Women,Apparel,Dress,Dresses,Red,Summer,2012.0,Casual,United Colors of Benetton Women Check Red Dress,Dress
35341,Women,Footwear,Shoes,Heels,Brown,Summer,2012.0,Casual,Senorita Women Brown Heels,Shoes
3658,Men,Footwear,Shoes,Casual Shoes,Black,Summer,2011.0,Casual,Fila Men's Tribute Black Shoe,Shoes
28819,Men,Apparel,Topwear,Shirts,Green,Summer,2012.0,Casual,Denizen Men Check Green Shirt,Topwear
7306,Women,Apparel,Dress,Dresses,White,Summer,2011.0,Casual,UCB Women's Sleeveless Off White Dress,Dress
15406,Men,Footwear,Shoes,Sports Shoes,White,Fall,2011.0,Sports,FILA Men FILA Boston White Sports Shoes,Shoes
29235,Women,Footwear,Shoes,Flats,Black,Summer,2012.0,Casual,Puma Women Black Crazy Slide Flats,Shoes
42216,Women,Apparel,Dress,Dresses,Black,Fall,2012.0,Casual,Sepia Women Black Dress,Dress
47624,Women,Footwear,Shoes,Heels,Maroon,Fall,2014.0,Casual,Portia Women Maroon Flats,Shoes
58449,Men,Accessories,Watches,Watches,Black,Winter,2016.0,Casual,Fossil Men Black Dial Chronograph Watch FS4658,Accessories
12796,Women,Apparel,Topwear,Tshirts,Black,Fall,2011.0,Casual,Nike Women Grafitti Black T-shirt,Topwear
28794,Men,Apparel,Bottomwear,Jeans,Blue,Summer,2012.0,Casual,Denizen Men Blue Jeans,Bottomwear
31245,Men,Apparel,Topwear,Tshirts,White,Summer,2012.0,Casual,Puma Men White Polo T-shirt,Topwear
23321,Women,Apparel,Topwear,Kurtas,Brown,Fall,2011.0,Ethnic,W Women Brown Printed Kurta,Topwear
5067,Men,Accessories,Watches,Watches,Orange,Winter,2016.0,Casual,Being Human Men Black Dial Orange Strap Watch,Accessories
43331,Women,Apparel,Topwear,Dresses,Pink,Summer,2012.0,Casual,United Colors of Benetton Women Pink Sheath Dress,Dress
26710,Men,Apparel,Topwear,Tshirts,White,Summer,2012.0,Casual,Puma Men Jamaica Fun White T-shirt,Topwear
22787,Men,Apparel,Bottomwear,Jeans,Blue,Fall,2011.0,Casual,Deni Yo Men Washed Blue Jeans,Bottomwear
31258,Men,Apparel,Topwear,Tshirts,Navy Blue,Summer,2012.0,Casual,Puma Men Semi Graphic Navy Blue T-shirt,Topwear
15331,Men,Apparel,Bottomwear,Shorts,White,Summer,2012.0,Sports,Nike Men Solid White Shorts,Bottomwear
57046,Women,Apparel,Dress,Dresses,Black,Summer,2012.0,Casual,Elle Women Black Sheath Dress,Dress
37236,Men,Accessories,Wallets,Wallets,Brown,Summer,2012.0,Casual,United Colors of Benetton Men Leather Brown Wallet,Accessories
17448,Men,Accessories,Watches,Watches,Steel,Winter,2016.0,Casual,CASIO ENTICER Men Steel-Toned Analogue Watch BS121,Accessories
38288,Girls,Apparel,Topwear,Tops,Green,Summer,2012.0,Casual,Kids Ville Girls Green Printed Top,Topwear
22784,Men,Apparel,Bottomwear,Jeans,Blue,Fall,2011.0,Casual,Deniyo Men Washed Blue Jeans,Bottomwear
25574,Men,Footwear,Shoes,Sports Shoes,Black,Summer,2012.0,Sports,FILA Men Trempet Black & White Sports Shoes,Shoes
7021,Men,Apparel,Topwear,Tshirts,Green,Summer,2011.0,Casual,Classic Polo Men's Combo Pack of 2 Dark Blue Army Green T-shirt,Topwear
16112,Men,Footwear,Sandal,Sandals,Black,Fall,2011.0,Casual,Numero Uno Men Casual Black Slipper,Shoes
38842,Women,Apparel,Dress,Dresses,Purple,Fall,2012.0,Casual,Latin Quarters Women Purple Dress,Dress
9002,Men,Footwear,Shoes,Casual Shoes,Black,Fall,2011.0,Casual,Puma Men 917Lo Riddim 50s oc Black Casual Shoes,Shoes
38945,Girls,Apparel,Topwear,Tops,White,Summer,2012.0,Casual,Gini and Jony Girls Printed White Top,Topwear
37070,Women,Accessories,Bags,Handbags,Brown,Summer,2012.0,Casual,Lino Perros Women Brown Handbag,Accessories
56888,Women,Footwear,Shoes,Heels,Black,Winter,2012.0,Casual,HM Women Black Flats,Shoes
47221,Men,Footwear,Sandal,Sandals,Black,Summer,2012.0,Casual,Franco Leone Men Black Sandals,Shoes
41798,Women,Apparel,Dress,Dresses,Pink,Summer,2012.0,Casual,Remanika Women Printed Pink Dress,Dress
22803,Men,Apparel,Topwear,Tshirts,Green,Summer,2011.0,Casual,Locomotive Men Green Printed T-shirt,Topwear
21006,Women,Accessories,Belts,Belts,Black,Winter,2016.0,Casual,Fastrack Women Leatherette Black Belt,Accessories
37520,Boys,Apparel,Bottomwear,Shorts,Yellow,Summer,2012.0,Casual,Madagascar3 Infant Boys Lemon Yellow Shorts,Bottomwear
32574,Women,Apparel,Topwear,Tops,Black,Summer,2012.0,Casual,Only Women Katie Black Top,Topwear
28852,Men,Apparel,Topwear,Tshirts,Brown,Summer,2013.0,Casual,Proline Brown Polo T-shirt,Topwear
7795,Men,Apparel,Topwear,Tshirts,Blue,Fall,2011.0,Casual,Proline Men Blue Polo T-shirt,Topwear
57045,Women,Apparel,Dress,Dresses,Black,Summer,2012.0,Casual,Elle Women Black Dress,Dress
48482,Women,Apparel,Dress,Dresses,Red,Winter,2011.0,Casual,French Connection Women Red Dress,Dress
10168,Men,Footwear,Shoes,Casual Shoes,Black,Fall,2011.0,Casual,United Colors of Benetton Men Punk Black Casual Shoes,Shoes
27074,Women,Footwear,Shoes,Flats,Blue,Winter,2015.0,Casual,Catwalk Women Blue Casual Flats,Shoes
36315,Boys,Apparel,Topwear,Tshirts,Red,Summer,2012.0,Casual,Mr.Men Boys Just Looking Red T-shirt,Topwear
1884,Men,Apparel,Bottomwear,Track Pants,Navy Blue,Winter,2010.0,Casual,FIFA Mens 1905 Heritage Collection Track Pants,Bottomwear
2940,Women,Apparel,Topwear,Tops,Maroon,Fall,2010.0,Casual,DUSG Women Peacock Ladies Organic Cotton Top,Topwear
51404,Men,Apparel,Topwear,Shirts,Blue,Summer,2012.0,Casual,Myntra Men Blue Shirt,Topwear
44435,Men,Footwear,Shoes,Casual Shoes,Black,Summer,2013.0,Casual,Gliders Men Black Shoes,Shoes
10689,Men,Apparel,Topwear,Tshirts,White,Fall,2011.0,Casual,Doodle Boy Casual White Tshirts,Topwear
54544,Men,Footwear,Shoes,Sports Shoes,Black,Fall,2012.0,Sports,F Sports Men Black Pace Sports Shoes,Shoes
45162,Men,Accessories,Watches,Watches,Black,Winter,2016.0,Casual,Casio ENTICER Men Black Dial Watch A516 MTP-1305D-1AVDF,Accessories
44799,Women,Apparel,Topwear,Tops,Black,Summer,2012.0,Casual,Spykar Women Black Top,Topwear
18987,Men,Apparel,Topwear,Tshirts,Blue,Summer,2011.0,Casual,ADIDAS Originals Men St Grp Blue T-Shirt,Topwear
56795,Men,Apparel,Bottomwear,Jeans,Blue,Summer,2010.0,Casual,Horsefly Men Blue Jeans,Bottomwear
39612,Women,Footwear,Shoes,Heels,Silver,Winter,2015.0,Casual,Catwalk Women Silver Heels,Shoes
18541,Women,Footwear,Shoes,Flats,Red,Winter,2015.0,Casual,Catwalk Women  Red Casual Shoe,Shoes
43659,Women,Apparel,Dress,Dresses,Pink,Summer,2012.0,Casual,ONLY Women Pink Dress,Dress
29929,Men,Accessories,Watches,Watches,Copper,Winter,2016.0,Casual,Police Men Copper-Toned Dial Watch PL12895JS,Accessories
42076,Men,Accessories,Wallets,Wallets,Brown,Summer,2015.0,Casual,American Tourister Men Brown Trifold Wallet,Accessories
22631,Women,Apparel,Topwear,Tshirts,Pink,Fall,2011.0,Sports,Nike Women Printed Pink T-shirt,Topwear
54497,Women,Accessories,Bags,Handbags,Black,Summer,2012.0,Casual,Lino Perros Women Black Handbag,Accessories
13479,Women,Footwear,Shoes,Flats,White,Fall,2011.0,Casual,Rocia Women White Flats,Shoes
15330,Men,Apparel,Bottomwear,Shorts,Black,Summer,2012.0,Sports,Nike Men Solid Black Shorts,Bottomwear
27836,Men,Accessories,Belts,Belts,Red,Summer,2013.0,Casual,Bulchee Men Red Belt,Accessories
33509,Women,Apparel,Bottomwear,Shorts,Pink,Summer,2012.0,Casual,Doodle Kids Girl Check Pink Shorts,Bottomwear
15125,Men,Apparel,Bottomwear,Trousers,Grey,Fall,2011.0,Formal,Arrow Men Autoflex Grey Trousers,Bottomwear
38664,Men,Footwear,Shoes,Casual Shoes,Grey,Fall,2012.0,Casual,Nike Men Liteforce Grey Shoes,Shoes
38830,Women,Apparel,Dress,Dresses,Navy Blue,Summer,2012.0,Casual,Latin Quarters Women Navy Blue Printed Dress,Dress
11148,Men,Apparel,Topwear,Shirts,Purple,Fall,2011.0,Casual,Scullers Men Fil A Fil Purple Shirts,Topwear
29780,Men,Apparel,Bottomwear,Trousers,Black,Summer,2013.0,Casual,Basics Men Black Trousers,Bottomwear
33926,Women,Accessories,Watches,Watches,Silver,Winter,2016.0,Casual,Citizen Women White Dial Watch,Accessories
13121,Men,Footwear,Shoes,Casual Shoes,Brown,Fall,2011.0,Casual,Lee Cooper Men Formal Brown Casual Shoes,Shoes
19431,Men,Apparel,Bottomwear,Shorts,Grey,Summer,2012.0,Casual,Quiksilver Men Grey Ashland Cargo Shorts,Bottomwear
25748,Men,Accessories,Belts,Belts,Brown,Winter,2015.0,Casual,Lino Perros Men Leather Brown Belt,Accessories
57989,Women,Apparel,Dress,Dresses,Blue,Fall,2012.0,Casual,Latin Quarters Women Blue Dress,Dress
41347,Men,Apparel,Bottomwear,Jeans,,Fall,2016.0,Casual,Wrangler Men Black Texas Jeans,Bottomwear
19189,Men,Apparel,Topwear,Shirts,White,Fall,2011.0,Casual,United Colors of Benetton Men White Shirt,Topwear
38292,Men,Accessories,Wallets,Wallets,Brown,Summer,2012.0,Casual,Reid & Taylor Men Brown Wallet,Accessories
50824,Men,Accessories,Wallets,Wallets,Brown,Summer,2012.0,Casual,New Hide Men Brown Wallet,Accessories
14932,Men,Apparel,Bottomwear,Shorts,Black,Fall,2011.0,Casual,Status Quo Men Check Black Shorts,Bottomwear
37744,Men,Apparel,Topwear,Shirts,Blue,Summer,2012.0,Casual,John Players Men Stripes Blue Shirt,Topwear
16069,Men,Apparel,Bottomwear,Trousers,Navy Blue,Fall,2011.0,Casual,Highlander Men Solid Navy Blue Trouser,Bottomwear
52131,Girls,Apparel,Dress,Dresses,Blue,Summer,2012.0,Casual,Doodle Girls Blue Printed Dress,Dress
46387,Men,Apparel,Bottomwear,Shorts,Black,Summer,2012.0,Casual,ADIDAS Men Black Shorts,Bottomwear
57057,Women,Apparel,Dress,Dresses,Red,Summer,2012.0,Casual,Elle Women Red A-Line Dress,Dress
29513,Women,Accessories,Watches,Watches,White,Winter,2016.0,Casual,Playboy Women White Dial Watch,Accessories
44680,Women,Apparel,Topwear,Tops,Black,Summer,2012.0,Party,Wills Lifestyle Women Black Jaydon Top,Topwear
3137,Women,Footwear,Shoes,Heels,Brown,Winter,2015.0,Ethnic,Catwalk Women Ethnic Leather Flat Brown Flats,Shoes
2708,Girls,Apparel,Dress,Dresses,White,Summer,2011.0,Casual,Disney Kids Girl's White Dress Pooh Kidswear,Dress
34766,Women,Accessories,Bags,Handbags,Pink,Summer,2015.0,Casual,Be For Bag Women Zoli Pink Tote Bag,Accessories
43648,Women,Apparel,Topwear,Dresses,Cream,Summer,2012.0,Casual,ONLY Women Cream A-Line Dress,Dress
47674,Women,Apparel,Dress,Dresses,Black,Summer,2012.0,Casual,Femella Women Black Animal Printed Dress,Dress
13779,Men,Apparel,Bottomwear,Trousers,Cream,Fall,2011.0,Casual,Belmonte Men Solid Cream Trousers,Bottomwear
11240,Women,Apparel,Bottomwear,Jeans,Blue,Fall,2011.0,Casual,Flying Machine Women Low Rise Blue Jeans,Bottomwear
33505,Women,Apparel,Dress,Dresses,Pink,Summer,2012.0,Casual,Doodle Kids Girl Printed Pink Dress,Dress
32297,Men,Accessories,Watches,Watches,Silver,Winter,2016.0,Casual,Q&Q Men Silver Dial Watch,Accessories
44278,Women,Accessories,Bags,Handbags,Black,Summer,2012.0,Casual,Murcia Women Black Handpainted Print Handbag,Accessories
33969,Women,Apparel,Dress,Dresses,Black,Spring,2012.0,Party,Femella Women Black Dress,Dress
51886,Women,Accessories,Wallets,Wallets,Purple,Summer,2016.0,Casual,Nyk Women Purple Wallet,Accessories
22046,Women,Apparel,Topwear,Kurtas,Mustard,Fall,2011.0,Ethnic,Vishudh Women Mustard Printed Kurta,Topwear
49567,Women,Accessories,Bags,Handbags,Black,Summer,2015.0,Casual,Spice Art Women Black Handbag,Accessories
10578,Men,Apparel,Topwear,Tshirts,Blue,Fall,2011.0,Casual,Puma Men Large Logo Ringer Blue Tshirts,Topwear
51232,Women,Apparel,Topwear,Kurtas,Green,Fall,2012.0,Ethnic,Satya Paul Women Green Printed Kaftan,Topwear
7192,Women,Apparel,Bottomwear,Jeans,Brown,Fall,2011.0,Casual,Jealous 21 Women Brown Jeggings,Bottomwear
39673,Men,Footwear,Shoes,Sports Shoes,White,Summer,2012.0,Sports,Lotto Men White Sports Shoes,Shoes
38844,Women,Apparel,Dress,Dresses,Black,Summer,2012.0,Casual,Latin Quarters Women Black & White Printed Dress,Dress
9825,Women,Apparel,Topwear,Tshirts,Peach,Fall,2011.0,Casual,Little Miss Women Printed Orange T-shirt,Topwear
29402,Men,Apparel,Bottomwear,Trousers,Black,Summer,2012.0,Formal,Genesis Men Black Trousers,Bottomwear
19429,Men,Apparel,Topwear,Shirts,Red,Fall,2012.0,Smart Casual,Quiksilver Men Red Check Shirt,Topwear
30161,Men,Accessories,Wallets,Wallets,Brown,Summer,2012.0,Casual,Wrangler Men Striped Lining Brown Wallet,Accessories
14197,Women,Apparel,Dress,Dresses,Black,Fall,2011.0,Casual,AND Women Solid Black Dresses,Dress
36791,Men,Accessories,Watches,Watches,Steel,Winter,2016.0,Casual,Maxima Men Steel Dial Attivo Watch,Accessories
24496,Women,Apparel,Topwear,Kurtas,Red,Fall,2011.0,Ethnic,Mother Earth Women Red Printed Kurta,Topwear
3986,Men,Apparel,Topwear,Tshirts,Yellow,Summer,2011.0,Casual,Mr.Men Men's Strong Lemon Yellow T-shirt,Topwear
42566,Women,Apparel,Topwear,Tops,Beige,Summer,2012.0,Casual,Mother Earth Women Beige Top,Topwear
4843,Women,Apparel,Topwear,Tshirts,Black,Summer,2011.0,Sports,Sher Singh Women's Black Polo T-shirt,Topwear
7028,Men,Apparel,Bottomwear,Shorts,Grey,Summer,2011.0,Casual,s.Oliver Men Grey Checked Shorts,Bottomwear
34799,Men,Accessories,Belts,Belts,Beige,Summer,2012.0,Casual,Flying Machine Men Woven Beige Belt,Accessories
57044,Women,Apparel,Dress,Dresses,Black,Summer,2012.0,Party,Elle Women Black Dress,Dress
29925,Women,Accessories,Watches,Watches,White,Winter,2016.0,Casual,Police Women White Dial Genuine Leather Watch PL12778MS,Accessories
48478,Women,Apparel,Dress,Dresses,Beige,Winter,2011.0,Casual,French Connection Women Beige Dress,Dress
6331,Men,Apparel,Topwear,Shirts,Yellow,Summer,2011.0,Casual,UCB Men Ben Logo Yellow Shirt,Topwear
8148,Men,Apparel,Topwear,Shirts,Blue,Summer,2011.0,Casual,Highlander Men Blue Checked Haddon Slim Fit Shirt,Topwear
28501,Men,Apparel,Bottomwear,Track Pants,Navy Blue,Summer,2012.0,Sports,Urban Yoga Men Navy Blue Track Pants,Bottomwear
40046,Men,Apparel,Bottomwear,Shorts,Black,Winter,2014.0,Casual,ADIDAS Men Berty Black Shorts,Bottomwear
31943,Men,Footwear,Sandal,Sandals,Black,Summer,2012.0,Casual,Nike Men Solarsoft Slide Black Sandals,Shoes
29290,Men,Apparel,Topwear,Shirts,Blue,Summer,2012.0,Casual,Wrangler Men Miriam Checks Blue Shirt,Topwear
28962,Women,Apparel,Topwear,Kurtas,White,Summer,2012.0,Ethnic,BIBA Women Printed White Kurta,Topwear
16773,Unisex,Accessories,Watches,Watches,Black,Winter,2016.0,Casual,ADIDAS Originals Unisex Black Dial Chronograph Watch ADH2572,Accessories
4934,Women,Apparel,Dress,Dresses,Peach,Summer,2011.0,Casual,Gini and Jony Girl's Valerie Peach White Infant Kidswear,Dress
8837,Men,Apparel,Bottomwear,Trousers,Cream,Summer,2011.0,Casual,Scullers Men Scul Cream Trousers,Bottomwear
8109,Men,Accessories,Belts,Belts,Beige,Winter,2016.0,Casual,Fastrack Men Beige Canvas Green Stitches Belt,Accessories
24367,Women,Apparel,Topwear,Kurtas,Green,Fall,2011.0,Ethnic,Folklore Women Green  Kurta,Topwear
55626,Men,Footwear,Shoes,Casual Shoes,Black,Summer,2010.0,Casual,Numero Uno Men Black Shoes,Shoes
19260,Men,Accessories,Watches,Watches,Copper,Winter,2016.0,Casual,Guess Men Power Broker Copper Watch,Accessories
37202,Girls,Apparel,Bottomwear,Jeans,Grey,Summer,2012.0,Casual,United Colors of Benetton Girls Washed Grey Jeans,Bottomwear
19153,Men,Apparel,Topwear,Tshirts,Red,Summer,2011.0,Casual,United Colors of Benetton Men Red Polo TShirt,Topwear
47433,Women,Accessories,Bags,Handbags,Brown,Summer,2012.0,Casual,Baggit Women Brown Handbag,Accessories
2481,Men,Apparel,Topwear,Tshirts,Black,Fall,2010.0,Casual,Puma Men's Foundation limea Black Polo T-shirt,Topwear
34065,Girls,Apparel,Dress,Dresses,Black,Summer,2012.0,Casual,Gini and Jony Girls Black Dress,Dress
30411,Men,Apparel,Bottomwear,Jeans,Blue,Summer,2012.0,Casual,Deni Yo Men Slim Fit Washed Blue Jeans,Bottomwear
46732,Boys,Apparel,Bottomwear,Shorts,Khaki,Summer,2012.0,Casual,Gini and Jony Boys Khaki Bermuda Shorts,Bottomwear
40282,Men,Apparel,Bottomwear,Trousers,Brown,Summer,2012.0,Casual,Scullers Men Brown Trousers,Bottomwear
39765,Women,Apparel,Bottomwear,Trousers,Olive,Summer,2012.0,Casual,Arrow Woman Olive Trousers,Bottomwear
43915,Women,Apparel,Bottomwear,Shorts,Cream,Summer,2012.0,Casual,Femella Women Cream Shorts,Bottomwear
36906,Men,Accessories,Watches,Watches,Grey,Winter,2016.0,Casual,Fossil Men Grey Dial Watch ME1114,Accessories
27757,Men,Accessories,Wallets,Wallets,Brown,Winter,2015.0,Casual,Bulchee Men Brown Wallet,Accessories
47550,Women,Footwear,Shoes,Heels,Silver,Winter,2012.0,Casual,Portia Women Grey Heels,Shoes
23246,Men,Footwear,Shoes,Formal Shoes,Black,Fall,2011.0,Formal,Arrow Men Formal Black Shoe,Shoes
21433,Women,Apparel,Bottomwear,Shorts,Blue,Winter,2012.0,Casual,Roxy Women Beach Brights Blue Shorts,Bottomwear
29411,Men,Accessories,Watches,Watches,White,Winter,2016.0,Casual,Giordano Men White Dial Watch,Accessories
18907,Men,Footwear,Flip Flops,Flip Flops,Red,Spring,2012.0,Casual,ADIDAS Men Adi Linear Red Slippers,Shoes
13684,Men,Footwear,Shoes,Casual Shoes,Black,Fall,2011.0,Casual,ADIDAS Men Dash Casual Shoes,Shoes
15332,Men,Apparel,Bottomwear,Track Pants,Off White,Fall,2011.0,Sports,Nike Men Solid Off-White Track Pants,Bottomwear
24692,Men,Apparel,Bottomwear,Jeans,Black,Fall,2011.0,Casual,Locomotive Men Black Jeans,Bottomwear
16303,Men,Apparel,Topwear,Shirts,Navy Blue,Fall,2011.0,Casual,Peter England Men Check Navy Blue Shirt,Topwear
10016,Women,Apparel,Dress,Dresses,Pink,Summer,2011.0,Casual,Palm Tree Girl's Cr Blossom Drs Pink Dresses,Dress
37172,Boys,Apparel,Bottomwear,Shorts,Black,Summer,2012.0,Casual,United Colors of Benetton Boys Black Shorts,Bottomwear
38500,Girls,Apparel,Bottomwear,Jeans,Black,Summer,2012.0,Casual,Gini and Jony Girls Woven Black Jeans,Bottomwear
56999,Women,Footwear,Shoes,Flats,Red,Winter,2012.0,Casual,HM Women Red Sandals,Shoes
19271,Men,Accessories,Watches,Watches,Steel,Winter,2016.0,Casual,Guess Men Chase Steel Watch,Accessories
9502,Men,Apparel,Topwear,Shirts,Red,Fall,2011.0,Formal,John Miller Men Cotton Blend Red Shirts,Topwear
56878,Women,Footwear,Shoes,Heels,Silver,Winter,2012.0,Casual,HM Women Silver Heels,Shoes
32736,Men,Footwear,Shoes,Sports Shoes,Black,Summer,2012.0,Sports,FILA Men Smash III Black Sports Shoes,Shoes
26384,Men,Apparel,Bottomwear,Trousers,Black,Summer,2012.0,Formal,Turtle Men Black Trousers,Bottomwear
9767,Men,Apparel,Topwear,Tshirts,Blue,Fall,2011.0,Sports,Puma Men Blue Solid T-shirt,Topwear
46424,Women,Accessories,Watches,Watches,Black,Winter,2016.0,Casual,Timex Women Black Dial Watch,Accessories
51511,Men,Accessories,Watches,Watches,Brown,Winter,2016.0,Casual,Fastrack Men Brown Dial Watch NA3039sp02,Accessories
43188,Men,Accessories,Watches,Watches,Steel,Summer,2017.0,Casual,Fastrack Men Steel Dial Watch N9336SL02,Accessories
44781,Men,Footwear,Shoes,Casual Shoes,Navy Blue,Summer,2012.0,Casual,Lotto Men Navy Blue Shoes,Shoes
21592,Men,Apparel,Bottomwear,Shorts,Grey,Fall,2011.0,Sports,Artengo Men Solid Grey Short,Bottomwear
6763,Men,Apparel,Topwear,Tshirts,Green,Summer,2011.0,Casual,Timberland Men's Eclectic Apple Green T-shirt,Topwear
11571,Women,Apparel,Topwear,Kurtas,Purple,Summer,2011.0,Ethnic,W Women Printed Purple Kurtas,Topwear
46747,Men,Apparel,Bottomwear,Track Pants,Black,Summer,2012.0,Sports,Nike Men Black Track Pants,Bottomwear
26451,Unisex,Footwear,Flip Flops,Flip Flops,Navy Blue,Summer,2012.0,Casual,Puma Unisex Navy Flip Flops,Shoes
24392,Women,Apparel,Topwear,Kurtas,Purple,Fall,2011.0,Ethnic,Folklore Women Purple Printed Kurta,Topwear
42672,Women,Apparel,Topwear,Kurtas,Red,Summer,2012.0,Ethnic,Alma Women Red Printed Kurta,Topwear
11334,Men,Apparel,Bottomwear,Jeans,Navy Blue,Fall,2011.0,Casual,United Colors of Benetton Men Washed Navy Blue Jeans,Bottomwear
8371,Girls,Apparel,Topwear,Tshirts,Yellow,Fall,2011.0,Casual,Doodle Girl's Dont Worry Hippie Yellow Teen Kidswear,Topwear
4992,Women,Apparel,Dress,Dresses,Yellow,Summer,2011.0,Casual,Gini and Jony Girl's Sara White Yellow Polka Dot Kidswear,Dress
11208,Women,Accessories,Watches,Watches,Steel,Winter,2016.0,Casual,Esprit Women Rough Silver Black Steel Watch,Accessories
31911,Women,Accessories,Bags,Handbags,Blue,Summer,2012.0,Casual,Fabindia Women Blue Sling Bag,Accessories
14020,Men,Apparel,Topwear,Tshirts,Blue,Fall,2011.0,Casual,Nike Men Stripes Blue Polo Tshirts,Topwear
32620,Men,Apparel,Bottomwear,Track Pants,Black,Summer,2015.0,Sports,Nike Black Team Woven     Training  Track Pants,Bottomwear
23308,Women,Apparel,Topwear,Kurtas,Green,Fall,2011.0,Ethnic,W Women Green Kurta,Topwear
30608,Men,Apparel,Bottomwear,Track Pants,Navy Blue,Summer,2012.0,Casual,Nike Men Navy Blue Track Pants,Bottomwear
18577,Women,Apparel,Topwear,Tshirts,Purple,Fall,2011.0,Casual,Puma Women Riddim Purple Tshirt,Topwear
20531,Women,Accessories,Wallets,Wallets,Green,Winter,2015.0,Casual,Baggit Women Quick Mayur Green Wallet,Accessories
37967,Women,Footwear,Shoes,Heels,White,Fall,2012.0,Casual,Clarks Women Un Swish Patent White Sandals,Shoes
59970,Women,Apparel,Dress,Dresses,Black,Fall,2012.0,Casual,Avirate Mushroom Brown Dress,Dress
43678,Women,Apparel,Dress,Dresses,White,Summer,2012.0,Casual,French Connection Women White Dress,Dress
3805,Unisex,Footwear,Sandal,Sandals,Black,Summer,2011.0,Casual,Crocs Unisex Beach Black Sandal,Shoes
45964,Women,Apparel,Topwear,Tshirts,White,Summer,2012.0,Casual,Tokyo Talkies Women White Printed T-shirt,Topwear
2342,Men,Apparel,Topwear,Tshirts,Green,Fall,2010.0,Casual,Reebok Men Basil Green & White Polo T-shirt,Topwear
42939,Men,Accessories,Belts,Belts,Black,Summer,2012.0,Casual,French Connection Men Black Belt,Accessories
58504,Women,Apparel,Dress,Dresses,Black,Fall,2012.0,Casual,Tonga Women Black Dress,Dress
9508,Men,Apparel,Bottomwear,Shorts,Black,Fall,2011.0,Casual,Puma Men Bermudas Black Shorts,Bottomwear
31686,Women,Footwear,Shoes,Casual Shoes,Gold,Summer,2012.0,Casual,Nike Women Fivekay Gold Shoes,Shoes
54130,Women,Footwear,Shoes,Heels,Black,Winter,2012.0,Casual,Rocia Women Black Flats,Shoes
15485,Women,Apparel,Bottomwear,Track Pants,Black,Fall,2011.0,Sports,Puma Women TP Funky Workout Black Track Pants,Bottomwear
9080,Men,Apparel,Bottomwear,Track Pants,Grey,Fall,2011.0,Sports,ADIDAS Men Adna Revpt Grey Trackpant,Bottomwear
41154,Women,Apparel,Bottomwear,Shorts,Sea Green,Summer,2012.0,Casual,Allen Solly Woman Light Blue  Shorts,Bottomwear
49895,Unisex,Accessories,Watches,Watches,White,Winter,2016.0,Casual,Q&Q Kids Unisex White Dial Analog Watch,Accessories
15934,Men,Accessories,Belts,Belts,Brown,Fall,2011.0,Casual,Turtle Men Leather Brown Belts,Accessories
43633,Women,Apparel,Dress,Dresses,Red,Summer,2012.0,Casual,Vero Moda Women Coral Coloured Dress,Dress
35665,Men,Footwear,Flip Flops,Flip Flops,White,Summer,2013.0,Casual,U.S. Polo Assn. Men White Flip Flops,Shoes
47330,Women,Accessories,Bags,Handbags,Brown,Summer,2012.0,Casual,Baggit Women Brown Sling Bag,Accessories
51356,Women,Apparel,Bottomwear,Jeans,Blue,Summer,2012.0,Casual,Spykar Women Blue Jeans,Bottomwear
56828,Men,Apparel,Bottomwear,Jeans,Blue,Fall,2013.0,Casual,John Players Men Blue Slim Fit Jeans,Bottomwear
29913,Women,Accessories,Watches,Watches,Black,Winter,2016.0,Casual,Police Women Black Dial Chronograph Watch PL12207MSTB-02M,Accessories
13186,Men,Footwear,Shoes,Casual Shoes,Black,Summer,2012.0,Casual,Fila Men Black Stradd Shoes,Shoes
43918,Women,Apparel,Bottomwear,Trousers,Yellow,Summer,2012.0,Casual,Femella Women Yellow Trousers,Bottomwear
36672,Women,Accessories,Bags,Handbags,Multi,Summer,2012.0,Casual,Paridhan Women Multi Coloured Handbag,Accessories
5153,Women,Apparel,Topwear,Tshirts,White,Summer,2011.0,Casual,Wrangler Women's Side Paisley White T-shirt,Topwear
25227,Women,Accessories,Bags,Handbags,Blue,Winter,2015.0,Casual,Lino Perros Women Leatherite Blue Handbag,Accessories
28739,Women,Apparel,Topwear,Tops,Rust,Summer,2012.0,Casual,W Women Printed Rust Top,Topwear
11265,Men,Apparel,Bottomwear,Trousers,Black,Fall,2011.0,Casual,Indigo Nation Men TR Yarn Dyed Black Trousers,Bottomwear
52235,Men,Apparel,Bottomwear,Jeans,Blue,Summer,2012.0,Casual,Pepe Jeans Men Dark Blue Jeans,Bottomwear
16629,Men,Apparel,Topwear,Tshirts,Black,Summer,2016.0,Casual,Facit Men Black Printed T-shirt,Topwear
49594,Women,Footwear,Shoes,Flats,Black,Winter,2015.0,Casual,Catwalk Women Black Flats,Shoes
3398,Women,Accessories,Bags,Handbags,Black,Winter,2015.0,Casual,Murcia Women Black Handbag,Accessories
39380,Men,Apparel,Bottomwear,Jeans,White,Summer,2012.0,Casual,Peter England Men Blue Party Jeans,Bottomwear
12880,Men,Footwear,Shoes,Casual Shoes,Black,Spring,2012.0,Casual,Provogue Men Casual Black Shoes,Shoes
3879,Men,Apparel,Topwear,Tshirts,Blue,Summer,2011.0,Casual,Wrangler Men's Concert Blue T-shirt,Topwear
11653,Men,Accessories,Watches,Watches,White,Winter,2016.0,Casual,Puma Men Race Luminous 3HD White Dial Watch,Accessories
48159,Women,Accessories,Wallets,Wallets,Silver,Winter,2016.0,Casual,Fossil Women Silver Wallet,Accessories
46508,Men,Accessories,Watches,Watches,Gold,Winter,2016.0,Formal,Timex Men White Dial Chronograph Watch,Accessories
59982,Women,Apparel,Dress,Dresses,Black,Fall,2012.0,Casual,Avirate Black & Cream Dress,Dress
38293,Men,Accessories,Wallets,Wallets,Brown,Summer,2012.0,Casual,Reid & Taylor Men Brown Wallet,Accessories
57487,Men,Footwear,Shoes,Casual Shoes,Brown,Summer,2012.0,Formal,Lee Cooper Men Brown Shoes,Shoes
20772,Women,Footwear,Shoes,Flats,Black,Summer,2011.0,Casual,Carlton London Women Classy Black Sandals,Shoes
6334,Women,Footwear,Shoes,Heels,Brown,Winter,2015.0,Casual,Catwalk Summer Brown Flats,Shoes
37804,Men,Apparel,Topwear,Shirts,Navy Blue,Summer,2012.0,Formal,John Players Men Navy Blue Linen Shirt,Topwear
36841,Women,Apparel,Bottomwear,Jeans,Navy Blue,Summer,2012.0,Casual,Spykar Women Renegade Navy Blue Jeans,Bottomwear
8453,Women,Apparel,Topwear,Tops,Black,Fall,2011.0,Casual,Jealous 21 Women Jealous Randa Black Top Black Tops,Topwear
59895,Women,Apparel,Dress,Dresses,Orange,Fall,2012.0,Casual,Femella Women Orange Dress,Dress
11889,Men,Footwear,Shoes,Formal Shoes,Tan,Summer,2013.0,Formal,Franco Leone Men Formal Tan Formal Shoes,Shoes
53943,Women,Accessories,Bags,Handbags,Brown,Summer,2012.0,Casual,Kiara Women Brown Handbag,Accessories
52087,Women,Apparel,Topwear,Tshirts,Yellow,Summer,2012.0,Casual,Myntra Women Yellow T-shirt,Topwear
38568,Men,Apparel,Bottomwear,Shorts,Black,Summer,2012.0,Casual,Nike Men Black Running Shorts,Bottomwear
13533,Women,Footwear,Shoes,Casual Shoes,Pink,Fall,2011.0,Casual,ADIDAS Pink Adi light Casual Shoe,Shoes
44682,Women,Apparel,Dress,Dresses,Blue,Summer,2012.0,Casual,Wills Lifestyle Women Blue Dress,Dress
34826,Men,Footwear,Shoes,Sports Shoes,Navy Blue,Fall,2013.0,Sports,ADIDAS Men Speedtrek Navy Blue Sports Shoes,Shoes
16175,Men,Footwear,Shoes,Formal Shoes,Brown,Fall,2011.0,Formal,Enroute Men Leather Brown Formal Shoes,Shoes
10133,Women,Accessories,Watches,Watches,Silver,Winter,2016.0,Casual,Esprit Women Rough Chic Black Silver Watches,Accessories
46285,Women,Apparel,Dress,Dresses,Multi,Summer,2012.0,Casual,109F Women Multi Coloured Dress,Dress
38828,Women,Apparel,Dress,Dresses,Teal,Summer,2012.0,Casual,Latin Quarters Women Teal Dress,Dress
57536,Men,Accessories,Belts,Belts,Black,Summer,2010.0,Casual,Flying Machine Men Black Belt,Accessories
57054,Women,Apparel,Dress,Dresses,Yellow,Summer,2012.0,Casual,Elle Yellow Vintage Shift Dress,Dress
6893,Women,Apparel,Dress,Dresses,Black,Summer,2011.0,Casual,Forever New Women Straps Black Dress,Dress
48462,Men,Apparel,Bottomwear,Shorts,Blue,Summer,2012.0,Casual,French Connection Men Blue Denim Shorts,Bottomwear
10795,Men,Apparel,Topwear,Shirts,Navy Blue,Fall,2011.0,Casual,Wrangler Men Warnick Square Block Navy Blue Shirts,Topwear
45373,Women,Footwear,Shoes,Heels,Black,Summer,2016.0,Casual,Cobblerz Women Black Sandals,Shoes
15612,Men,Apparel,Bottomwear,Track Pants,Grey,Fall,2011.0,Sports,Nike Men AS Thermal Grey Track Pants,Bottomwear
11001,Men,Accessories,Watches,Watches,Black,Winter,2016.0,Sports,Puma Men Top Fluctuation Red Black Watches,Accessories
5906,Men,Footwear,Shoes,Casual Shoes,Black,Summer,2011.0,Casual,Puma Men's Yugo Run Black Shoe,Shoes
22977,Men,Footwear,Shoes,Sports Shoes,White,Fall,2011.0,Sports,Fila Men White Galaxy Sports Shoes,Shoes
2548,Men,Footwear,Flip Flops,Flip Flops,Navy Blue,Fall,2010.0,Casual,Numero Uno Men's Casual Navy Blue Flip Flop,Shoes
7880,Men,Footwear,Shoes,Formal Shoes,Brown,Summer,2011.0,Formal,Provogue Men's Formal Brown Shoe,Shoes
20145,Men,Apparel,Topwear,Shirts,Green,Fall,2011.0,Casual,Wrangler Men Urban Green Shirt,Topwear
25308,Women,Accessories,Watches,Watches,Blue,Winter,2016.0,Casual,CASIO Enticer Women Blue Dial Watch (A533) LTP-2069D-2AVDF,Accessories
25149,Women,Accessories,Bags,Handbags,Black,Winter,2015.0,Casual,Lino Perros Women Black Handbag,Accessories
25966,Women,Apparel,Dress,Dresses,Brown,Summer,2012.0,Casual,Femella Women Brown Dress,Dress
15335,Men,Apparel,Bottomwear,Shorts,Navy Blue,Summer,2012.0,Sports,Nike Men Solid Navy Blue Shorts,Bottomwear
19297,Women,Accessories,Watches,Watches,White,Summer,2016.0,Casual,Guess Women Puffy G White Dial Watch with Swarovski Elements W85098L1,Accessories
21468,Women,Footwear,Shoes,Casual Shoes,Black,Winter,2012.0,Casual,Roxy Women Sneaky Classic Black Casual Shoes,Shoes
54976,Women,Apparel,Dress,Dresses,Pink,Summer,2012.0,Casual,Femella Women Pink Dress,Dress
26508,Men,Apparel,Bottomwear,Trousers,Brown,Fall,2013.0,Casual,Arrow Sport Men Brown Trousers,Bottomwear
34598,Women,Apparel,Dress,Dresses,Black,Summer,2012.0,Casual,Tonga Women Printed Black Dress,Dress
10415,Women,Apparel,Topwear,Tops,Beige,Fall,2011.0,Casual,United Colors of Benetton Women Printed Beige Tops,Topwear
27379,Men,Apparel,Bottomwear,Jeans,Blue,Summer,2012.0,Casual,Spykar Men Washed Blue Jeans,Bottomwear
41996,Girls,Apparel,Dress,Dresses,Black,Summer,2012.0,Casual,Gini and Jony Girls Roseatte Black Dress,Dress
46281,Women,Apparel,Dress,Dresses,Black,Summer,2012.0,Casual,109F Women Black & Cream Dress,Dress
13900,Men,Footwear,Shoes,Sports Shoes,Black,Fall,2011.0,Sports,Nike Men Air Max Quarter Black Sports Shoes,Shoes
51471,Men,Apparel,Bottomwear,Jeans,Black,Summer,2012.0,Casual,Denizen Men Black Jeans,Bottomwear
41857,Men,Footwear,Sandal,Sandals,Olive,Summer,2012.0,Casual,Bata Men Hummer Grey Sandals,Shoes
4089,Men,Apparel,Topwear,Tshirts,White,Summer,2011.0,Casual,Classic Polo Men's White With Orange Black Stripe T-shirt,Topwear
19700,Men,Apparel,Topwear,Shirts,White,Summer,2011.0,Casual,United Colors of Benetton Men White Shirt,Topwear
38845,Women,Apparel,Dress,Dresses,Blue,Summer,2012.0,Casual,Latin Quarters Women Blue Printed Dress,Dress
36463,Men,Footwear,Shoes,Sports Shoes,White,Spring,2013.0,Sports,Spinn Men Track Runner White Sports Shoes,Shoes
12926,Men,Footwear,Shoes,Casual Shoes,Black,Fall,2012.0,Casual,iD Men Casual Black Shoes,Shoes
13378,Unisex,Footwear,Shoes,Casual Shoes,Pink,Fall,2011.0,Casual,Timberland Unisex Infant Pink Casual Shoes,Shoes
38336,Girls,Apparel,Topwear,Tops,Pink,Summer,2012.0,Casual,Mr. Men Little Miss Girls Pink Top,Topwear
15120,Men,Apparel,Bottomwear,Trousers,Charcoal,Fall,2011.0,Formal,Arrow Men Wooltouch Charcoal Trousers,Bottomwear
22590,Men,Apparel,Bottomwear,Shorts,Grey,Fall,2011.0,Sports,Nike Men Solid Grey Shorts,Bottomwear
50185,Women,Accessories,Bags,Handbags,Olive,Summer,2012.0,Casual,Paridhan Women Green Handbag,Accessories
43656,Women,Apparel,Bottomwear,Shorts,Orange,Summer,2012.0,Casual,ONLY Women Orange Shorts,Bottomwear
50664,Men,Apparel,Bottomwear,Shorts,Charcoal,Winter,2016.0,Sports,Chromozome Men Grey Melange Soccer Shorts S-5066,Bottomwear
3506,Women,Footwear,Shoes,Casual Shoes,White,Fall,2010.0,Casual,ADIDAS Women White Royal Silver Shoe,Shoes
34115,Girls,Apparel,Dress,Dresses,Blue,Summer,2012.0,Casual,Doodle Girls Printed Blue Dress,Dress
31835,Men,Accessories,Watches,Watches,Silver,Winter,2016.0,Casual,Titan Men White Dial Watch,Accessories
47896,Women,Accessories,Bags,Handbags,Green,Summer,2012.0,Casual,Murcia Women Green Handbag,Accessories
43249,Women,Apparel,Bottomwear,Jeans,Blue,Summer,2012.0,Casual,Denizen Women Blue Skinny Thunder Jeans,Bottomwear
36832,Women,Apparel,Topwear,Kurtas,Green,Summer,2012.0,Ethnic,Vishudh Women Green White & Green Kurta,Topwear
12290,Men,Apparel,Bottomwear,Trousers,Black,Fall,2011.0,Formal,Genesis Men Solid Black Trousers,Bottomwear
42920,Women,Accessories,Wallets,Wallets,Grey,Summer,2012.0,Casual,French Connection Women Grey Wallet,Accessories
36916,Men,Accessories,Wallets,Wallets,Black,Winter,2016.0,Casual,Fossil Men Black Evans Wallet,Accessories
46018,Women,Apparel,Topwear,Kurtas,Green,Summer,2012.0,Ethnic,Fabindia Women Green Kurta,Topwear
26434,Women,Accessories,Bags,Handbags,Red,Winter,2015.0,Casual,Spice Art Women Red Handbag,Accessories
39374,Women,Accessories,Watches,Watches,Green,Winter,2016.0,Casual,Helix Women Green Dial Watch,Accessories
21890,Women,Apparel,Topwear,Kurtas,Pink,Fall,2011.0,Ethnic,BIBA Women Printed Pink Kurta,Topwear
19040,Women,Footwear,Shoes,Heels,Beige,Winter,2015.0,Casual,Catwalk Women Beige Heels,Shoes
57215,Women,Apparel,Bottomwear,Shorts,Beige,Fall,2012.0,Casual,Kraus Jeans Women Beige Shorts,Bottomwear
16637,Men,Apparel,Topwear,Tshirts,Navy Blue,Summer,2016.0,Casual,Facit Men Smart Navy Blue Tshirt,Topwear
56827,Men,Apparel,Bottomwear,Jeans,Blue,Summer,2012.0,Casual,John Players Men Blue Jeans,Bottomwear
34599,Women,Apparel,Dress,Dresses,Black,Summer,2012.0,Casual,Tonga Women Printed Black Dress,Dress
17928,Men,Apparel,Bottomwear,Track Pants,Black,Fall,2011.0,Sports,Nike Men Casual Black Track Pant,Bottomwear
4933,Women,Apparel,Dress,Dresses,Peach,Summer,2011.0,Casual,Gini and Jony Girl's Valerie Peach White Kidswear,Dress
59264,Women,Accessories,Watches,Watches,White,Winter,2016.0,Casual,Titan Women White Watch,Accessories
41788,Women,Apparel,Topwear,Tops,Black,Summer,2012.0,Casual,Remanika Women Black Top,Topwear
58560,Women,Apparel,Bottomwear,Jeans,Navy Blue,Fall,2012.0,Casual,Puma Women Navy Blue Jeans,Bottomwear
15117,Men,Apparel,Bottomwear,Trousers,Grey,Fall,2011.0,Formal,Arrow Men Solid Grey Trousers,Bottomwear
6399,Men,Footwear,Sandal,Sandals,Black,Summer,2011.0,Casual,Lotto Men Rebel Black Grey Floater,Shoes
2220,Men,Footwear,Sandal,Sandals,Black,Fall,2010.0,Sports,Puma Men Carbon Black Sandal,Shoes
13310,Women,Apparel,Dress,Dresses,White,Fall,2011.0,Casual,Gini and Jony Kids Girls Solid White Dresses,Dress
45212,Women,Accessories,Watches,Watches,White,Winter,2016.0,Casual,CASIO ENTICER Women White Dial Watch A667,Accessories
34654,Men,Footwear,Shoes,Sports Shoes,Grey,Summer,2012.0,Sports,Fila Men Cerchi Lite Grey Sports Shoes,Shoes
25479,Men,Footwear,Shoes,Sports Shoes,White,Summer,2012.0,Sports,Nike Men Air Max White Sports Shoes,Shoes
10565,Men,Apparel,Topwear,Tshirts,Black,Fall,2011.0,Casual,Puma Men Heritage Black Polo Tshirts,Topwear
16019,Men,Apparel,Bottomwear,Trousers,Grey,Fall,2011.0,Casual,Turtle Check Men Grey Trouser,Bottomwear
25637,Women,Accessories,Watches,Watches,Silver,Winter,2016.0,Casual,Fastrack Women Silver Casual Watch,Accessories
5623,Men,Footwear,Flip Flops,Flip Flops,Grey,Summer,2011.0,Casual,Nike Men's Splash Thong Black Red Flip Flop,Shoes
27668,Women,Accessories,Bags,Handbags,White,Winter,2015.0,Casual,Murcia Women White Handbag,Accessories
41563,Women,Apparel,Dress,Dresses,Grey,Summer,2012.0,Casual,AND Women Grey Dress,Dress
42888,Women,Accessories,Bags,Handbags,Off White,Summer,2012.0,Casual,French Connection Off-White Tote Bag,Accessories
46269,Women,Apparel,Topwear,Tops,Blue,Summer,2012.0,Casual,109F Women Blue Top,Topwear
16826,Women,Apparel,Topwear,Tshirts,Green,Fall,2011.0,Casual,Little Miss Women Printed Green Tshirt,Topwear
5683,Men,Footwear,Shoes,Casual Shoes,Black,Winter,2015.0,Casual,Skechers Men's Triumphant Black Shoe,Shoes
11233,Women,Apparel,Bottomwear,Jeans,Black,Fall,2011.0,Casual,Flying Machine Women Low Rise Black Jeans,Bottomwear
33483,Women,Accessories,Belts,Belts,Navy Blue,Summer,2012.0,Casual,Baggit Women Capri Dum Navy Blue Belt,Accessories
44912,Men,Apparel,Bottomwear,Track Pants,Black,Summer,2012.0,Casual,Puma Men Black Track Pants,Bottomwear
16512,Men,Apparel,Bottomwear,Jeans,Blue,Fall,2011.0,Casual,Locomotive Men Washed Blue Jeans,Bottomwear
33462,Women,Accessories,Belts,Belts,Brown,Summer,2012.0,Casual,Baggit Women Getz Taj Brown Belt,Accessories
32514,Men,Footwear,Flip Flops,Flip Flops,Black,Summer,2013.0,Casual,Franco Leone Men Black Flip Flops,Shoes
18169,Girls,Apparel,Dress,Dresses,Pink,Fall,2011.0,Casual,Doodle Kids Girls Party Frock Pink Dress,Dress
7134,Men,Apparel,Bottomwear,Track Pants,Navy Blue,Fall,2011.0,Casual,Urban Yoga Men Bottom Navy Yoga Pants,Bottomwear
21434,Women,Apparel,Bottomwear,Shorts,Blue,Winter,2012.0,Casual,roxy Women Beach Brights Blue Short,Bottomwear
15022,Men,Apparel,Bottomwear,Track Pants,Grey,Fall,2011.0,Sports,ADIDAS Men Solid Grey Track Pants,Bottomwear
8845,Men,Apparel,Bottomwear,Trousers,Grey,Summer,2011.0,Casual,Scullers Men Scul Grey Trousers,Bottomwear
6525,Women,Apparel,Bottomwear,Shorts,Yellow,Summer,2011.0,Sports,Nike Women's Tempo yellow Short,Bottomwear
41570,Women,Apparel,Dress,Dresses,Pink,Summer,2012.0,Casual,AND Women Pink Dress,Dress
58932,Women,Accessories,Bags,Handbags,Beige,Summer,2012.0,Casual,Ivory Tag Women Beige Furry Foldover Sling Bag,Accessories
25461,Men,Footwear,Shoes,Sports Shoes,Grey,Summer,2012.0,Sports,Nike Men Dart 9 MSL Grey Sports Shoes,Shoes
2741,Girls,Apparel,Topwear,Tops,Pink,Summer,2011.0,Casual,Disney Kids Girl's Pink Kidswear,Topwear
43246,Men,Apparel,Bottomwear,Jeans,Blue,Summer,2012.0,Casual,Denizen Men Blue Jeans,Bottomwear
53129,Women,Footwear,Shoes,Flats,Bronze,Winter,2015.0,Casual,Catwalk Women Bronze Toned Flats,Shoes
9148,Women,Apparel,Bottomwear,Jeans,Blue,Summer,2013.0,Casual,Lee Women Blue Jeans,Bottomwear
18400,Men,Footwear,Shoes,Casual Shoes,Grey,Fall,2011.0,Casual,Skechers Men Fusion Grey Shoe,Shoes
39808,Men,Apparel,Bottomwear,Trousers,Khaki,Spring,2013.0,Formal,Peter England Men Khaki Trousers,Bottomwear
37857,Women,Accessories,Bags,Handbags,Blue,Summer,2012.0,Casual,Hidekraft Women Blue Handbag,Accessories
21454,Women,Apparel,Topwear,Tshirts,Black,Winter,2012.0,Casual,Roxy Women Black T-shirt,Topwear
37304,Men,Accessories,Watches,Watches,Brown,Summer,2017.0,Casual,Casio Youth Series Men Analog-Digital Watch AW-80V-5BVDFAD125,Accessories
27602,Men,Apparel,Bottomwear,Trousers,Black,Summer,2012.0,Casual,Scullers Men Black Trousers,Bottomwear
9200,Men,Footwear,Shoes,Casual Shoes,Black,Fall,2011.0,Casual,Puma Men SL Tech LO SF Black Casual Shoes,Shoes
10238,Men,Accessories,Watches,Watches,Steel,Winter,2016.0,Casual,Esprit Men Axis Day Steel Watches,Accessories
20237,Women,Apparel,Topwear,Tshirts,Blue,Fall,2011.0,Casual,Wrangler Women Printed Blue T-shirt,Topwear
53686,Women,Accessories,Bags,Handbags,Purple,Summer,2012.0,Casual,Kiara Women Purple & Yellow Handbag,Accessories
12098,Women,Apparel,Topwear,Kurtas,Beige,Fall,2011.0,Ethnic,W Women Printed Beige Kurtas,Topwear
17747,Men,Footwear,Shoes,Casual Shoes,Black,Fall,2011.0,Casual,Puma Men Track Cat Black Casual Shoe,Shoes
18543,Women,Footwear,Shoes,Heels,Black,Winter,2015.0,Casual,Catwalk Women  Black Heels,Shoes
15903,Unisex,Footwear,Shoes,Casual Shoes,White,Winter,2013.0,Casual,Warner Bros Kids Unisex TJ Stud Sandal White Casual Shoes,Shoes
42264,Men,Apparel,Bottomwear,Jeans,Blue,Summer,2012.0,Casual,John Players Men Blue Jeans,Bottomwear
33259,Boys,Apparel,Bottomwear,Shorts,Blue,Summer,2012.0,Casual,Gini & Jony Boys Blue Shorts,Bottomwear
40221,Men,Accessories,Belts,Belts,Black,Summer,2012.0,Casual,Provogue Men Black Leather Belt,Accessories
25033,Men,Apparel,Bottomwear,Track Pants,Grey,Summer,2011.0,Sports,Nike Men Grey Track Pant,Bottomwear
12326,Men,Apparel,Topwear,Shirts,Black,Winter,2011.0,Formal,Genesis Black Striped Formal Shirt,Topwear
11362,Women,Apparel,Topwear,Tops,Beige,Fall,2011.0,Casual,United Colors of Benetton Women  Printed Beige Top,Topwear
15686,Men,Apparel,Bottomwear,Trousers,Khaki,Fall,2011.0,Casual,Highlander Men Classic Chinos Khaki Trousers,Bottomwear
29753,Men,Accessories,Watches,Watches,Black,Winter,2016.0,Casual,Fossil Men Black Dial Chronograph Watch FS4249,Accessories
59896,Women,Apparel,Dress,Dresses,Multi,Fall,2012.0,Casual,Femella Women Multi Coloured Dress,Dress
58447,Men,Accessories,Watches,Watches,Black,Winter,2016.0,Casual,Fossil Men Black Dial Chronograph Watch JR1265,Accessories
40517,Men,Accessories,Watches,Watches,Cream,Winter,2016.0,Casual,Titan Men Cream Dial Watch,Accessories
48474,Women,Apparel,Dress,Dresses,Black,Winter,2011.0,Casual,French Connection Women Black Dress,Dress
7906,Men,Apparel,Topwear,Tshirts,Black,Fall,2011.0,Casual,Proline Men Black & Navy Striped Polo T-shirt,Topwear
8249,Unisex,Footwear,Shoes,Casual Shoes,Black,Summer,2011.0,Casual,Converse Unisex Chuck Logo Print Black Canvas,Shoes
14009,Men,Apparel,Topwear,Tshirts,Black,Fall,2011.0,Casual,Nike Men Printed Black Tshirts,Topwear
33709,Men,Footwear,Shoes,Formal Shoes,Brown,Winter,2012.0,Formal,Cobblerz Men Brown Semi-formal Shoes,Shoes
37506,Women,Accessories,Watches,Watches,White,Winter,2016.0,Casual,Esprit Women White Watch,Accessories
13335,Women,Apparel,Topwear,Tops,Pink,Fall,2011.0,Casual,Gini and Jony Kids Girls Printed Pink Tops,Topwear
33199,Women,Apparel,Dress,Dresses,Red,Summer,2012.0,Casual,Sepia Women Printed Red Dress,Dress
17823,Men,Footwear,Shoes,Casual Shoes,White,Fall,2011.0,Casual,Nike Men  Court Majestic White Casual Shoe,Shoes
37055,Women,Accessories,Belts,Belts,Brown,Summer,2012.0,Casual,Lino Perros Women Brown Belt,Accessories
46539,Men,Accessories,Watches,Watches,Black,Winter,2016.0,Smart Casual,Timex Men Black Dial Watch,Accessories
39232,Women,Apparel,Dress,Dresses,Blue,Summer,2012.0,Casual,Femella Women Blue Polka Bow Dress Dress,Dress
22697,Men,Footwear,Shoes,Sports Shoes,Silver,Fall,2011.0,Sports,Nike Men Zoom Atlas+ Silver Sports Shoes,Shoes
58439,Women,Apparel,Dress,Dresses,Black,Summer,2012.0,Casual,AND by Anita Dongre Women Black Dress,Dress
8776,Men,Apparel,Topwear,Shirts,Green,Fall,2011.0,Casual,Indigo Nation Men Check Me Out Green Shirts,Topwear
37378,Boys,Apparel,Topwear,Tshirts,Blue,Winter,2013.0,Casual,U.S. Polo Assn. Boys Blue Polo T-shirt,Topwear
17939,Men,Apparel,Bottomwear,Shorts,White,Fall,2011.0,Sports,Puma Men Solid White  Logo 3/4 Pants,Bottomwear
40404,Women,Apparel,Topwear,Tops,Red,Summer,2012.0,Casual,Tonga Women Red & Cream-Coloured Top,Topwear
47370,Women,Accessories,Wallets,Wallets,Navy Blue,Summer,2012.0,Casual,Baggit Women Navy Blue Square Dum Wallet,Accessories
26631,Women,Footwear,Shoes,Casual Shoes,Black,Spring,2014.0,Casual,Puma Women Winning Diva Ballerina Black Casual Shoes,Shoes
38846,Women,Apparel,Dress,Dresses,Brown,Summer,2012.0,Casual,Latin Quarters Women Brown Printed Dress,Dress
10510,Women,Apparel,Topwear,Tshirts,Grey,Fall,2011.0,Casual,Flying Machine Women RN HS Grey Tshirts,Topwear
32399,Women,Apparel,Topwear,Tops,White,Summer,2012.0,Casual,Arrow Woman Printed White & Green Top,Topwear
30780,Men,Apparel,Topwear,Kurtas,Blue,Summer,2012.0,Ethnic,Fabindia Men Striped Blue Striped Kurta,Topwear
8925,Men,Accessories,Belts,Belts,Black,Summer,2012.0,Casual,Puma Men High Shine Black Belt,Accessories
12213,Men,Apparel,Bottomwear,Trousers,Grey,Fall,2011.0,Casual,Basics Men Grey New Improved Fit Trousers,Bottomwear
53911,Women,Accessories,Bags,Handbags,Beige,Summer,2012.0,Casual,Kiara Women Brown Handbag,Accessories
7321,Men,Footwear,Shoes,Casual Shoes,Brown,Winter,2018.0,Casual,Red Tape Men's Brown Shoe,Shoes
8104,Women,Accessories,Watches,Watches,Black,Winter,2016.0,Casual,Fastrack Women New Analog White Black Watch,Accessories
16028,Men,Apparel,Topwear,Shirts,Red,Fall,2011.0,Casual,Highlander Men Check Red Shirt,Topwear
7501,Women,Apparel,Topwear,Tshirts,Purple,Summer,2011.0,Sports,Nike Women's Smash Purple T-shirt,Topwear
27019,Women,Apparel,Bottomwear,Jeans,Blue,Summer,2012.0,Casual,Jealous 21 Women Washed Light Blue Jeans,Bottomwear
17121,Women,Accessories,Bags,Handbags,Black,Winter,2015.0,Casual,Lino Perros Women Golden Chain Black Handbag,Accessories
7219,Men,Footwear,Shoes,Formal Shoes,Black,Fall,2011.0,Formal,Rockport Men's Mubleno Black Shoe,Shoes
15122,Men,Apparel,Bottomwear,Trousers,Brown,Fall,2011.0,Formal,Arrow Men  Autoflex Brown Trousers,Bottomwear
24678,Women,Accessories,Belts,Belts,Black,Winter,2016.0,Casual,Fastrack Women Leatherette Black Belt,Accessories
19745,Men,Apparel,Topwear,Tshirts,Red,Summer,2011.0,Casual,ADIDAS Originals Men Red Polo T-shirt,Topwear
4775,Women,Apparel,Bottomwear,Track Pants,Black,Summer,2011.0,Sports,ADIDAS Women 3S Black Track Pants,Bottomwear
15055,Men,Footwear,Shoes,Formal Shoes,Brown,Summer,2013.0,Formal,Franco Leone Men Brown Formal Shoe,Shoes
2389,Men,Footwear,Shoes,Casual Shoes,White,Winter,2018.0,Casual,Red Tape Men Casual White Shoe,Shoes
32315,Women,Accessories,Watches,Watches,Pink,Winter,2016.0,Casual,Q&Q Women Pink Dial Watch,Accessories
24194,Men,Apparel,Bottomwear,Jeans,Black,Summer,2012.0,Casual,Deni Yo Men Slim Fit Black Jeans,Bottomwear
41456,Men,Footwear,Sandal,Sandals,Beige,Summer,2012.0,Casual,Lee Cooper Men Beige Sandals,Shoes
30090,Men,Accessories,Watches,Watches,Steel,Winter,2016.0,Casual,Ed Hardy Men Silver Dial Watch,Accessories
21753,Women,Accessories,Bags,Handbags,Brown,Winter,2015.0,Casual,Kiara Women Classic Brown Handbag,Accessories
15632,Women,Apparel,Bottomwear,Track Pants,Black,Summer,2012.0,Sports,Nike Women AS Regular DF Cotton Black Track Pants,Bottomwear
18897,Women,Apparel,Dress,Dresses,Green,Fall,2011.0,Casual,Arrow Woman Solid Green Dress,Dress
51905,Women,Accessories,Bags,Handbags,Purple,Summer,2016.0,Casual,Nyk Women Blue Pacifier Handbag,Accessories
20637,Women,Apparel,Dress,Dresses,Grey,Fall,2011.0,Casual,AND Women Solid Grey and Black Dress,Dress
33536,Women,Footwear,Shoes,Heels,Brown,Summer,2016.0,Casual,Cobblerz Women Brown & Beige Pumps,Shoes
12754,Women,Apparel,Bottomwear,Jeans,Blue,Fall,2011.0,Casual,Spykar Women Ep Jeans Blue Jeans,Bottomwear
58489,Women,Apparel,Dress,Dresses,Beige,Summer,2012.0,Casual,Tonga Women Beige Dress,Dress
47732,Women,Accessories,Bags,Handbags,Brown,Summer,2012.0,Casual,Murcia Women Brown Handbag,Accessories
5874,Women,Accessories,Bags,Handbags,Black,Summer,2011.0,Casual,Puma Womens Thrill Black handbag,Accessories
21385,Men,Apparel,Bottomwear,Track Pants,Navy Blue,Fall,2011.0,Casual,Manchester United Men Solid Navy Blue Track Pants,Bottomwear
22035,Women,Apparel,Topwear,Kurtas,Cream,Fall,2011.0,Ethnic,Vishudh Women Self Printed Cream Kurta,Topwear
27232,Women,Apparel,Bottomwear,Shorts,Pink,Summer,2012.0,Casual,Doodle Kids Girl Check Pink Shorts,Bottomwear
6040,Men,Apparel,Topwear,Tshirts,Grey,Summer,2011.0,Casual,UCB Men's Applique Grey T-shirt,Topwear
8737,Men,Apparel,Topwear,Shirts,White,Fall,2011.0,Casual,Indigo Nation Men Checks Shirt Purple Shirts,Topwear
17433,Women,Accessories,Watches,Watches,White,Winter,2016.0,Casual,CASIO Sheen Women White Dial Chronograph Watch (SH100) SHN-3008D-7ADR,Accessories
7180,Women,Apparel,Bottomwear,Jeans,Blue,Fall,2011.0,Casual,Jealous 21 Women Zipped Ankle Shimmer Blue Jeans,Bottomwear
21963,Women,Accessories,Bags,Handbags,Beige,Winter,2015.0,Casual,Murcia Women Casual Beige Handbag,Accessories
36767,Men,Accessories,Watches,Watches,Green,Winter,2016.0,Casual,Maxima Men Green Dial Watch,Accessories
18819,Men,Accessories,Wallets,Wallets,Black,Fall,2011.0,Formal,Peter England Men Statements Black Wallet,Accessories
42908,Women,Accessories,Belts,Belts,Black,Summer,2012.0,Casual,French Connection Women Black Belt,Accessories
41691,Women,Footwear,Shoes,Heels,Grey,Winter,2012.0,Casual,Catwalk Women Grey Heels,Shoes
17948,Men,Apparel,Bottomwear,Track Pants,Grey,Fall,2011.0,Sports,Puma Men South Africa  Grey Track Pant,Bottomwear
11630,Women,Apparel,Topwear,Kurtas,Purple,Summer,2011.0,Ethnic,W Women Printed Purple Kurtas,Topwear
2707,Girls,Apparel,Dress,Dresses,Pink,Summer,2011.0,Casual,Disney Kids Girl's Dress Pink Pooh Kidswear,Dress
50761,Men,Footwear,Sandal,Sandals,Brown,Winter,2018.0,Casual,Red Chief Men Brown Sandals,Shoes
34063,Girls,Apparel,Dress,Dresses,Pink,Summer,2012.0,Casual,Gini and Jony Girls Printed Pink Dress,Dress
42918,Women,Accessories,Wallets,Wallets,Black,Summer,2012.0,Casual,French Connection Women Black Wallet,Accessories
47162,Men,Accessories,Belts,Belts,Brown,Summer,2012.0,Casual,Peter England Men Brown Belt,Accessories
6460,Men,Footwear,Shoes,Casual Shoes,Brown,Summer,2011.0,Casual,Lotto Men's Leisure Brown Shoe,Shoes
24144,Men,Apparel,Topwear,Tshirts,Blue,Spring,2012.0,Casual,ADIDAS Men Blue Printed T-shirt,Topwear
14449,Women,Footwear,Shoes,Casual Shoes,Red,Summer,2012.0,Casual,Enroute Women Casual  Coral Red Casual Shoes,Shoes
24610,Men,Apparel,Topwear,Shirts,White,Fall,2011.0,Casual,Spykar Men White Shirt,Topwear
49562,Women,Accessories,Bags,Handbags,Grey,Summer,2012.0,Casual,Spice Art Women Grey & Black Handbag,Accessories
47219,Men,Footwear,Shoes,Formal Shoes,Black,Summer,2012.0,Formal,Franco Leone Men Black Formal Shoes,Shoes
25334,Women,Accessories,Watches,Watches,Silver,Winter,2016.0,Casual,Casio Sheen Women Silver Analogue Watches (SH111) SHN-4015D-7ADR,Accessories
3250,Women,Footwear,Shoes,Casual Shoes,Red,Fall,2010.0,Casual,Puma Women Sneakerina Red Shoe,Shoes
7133,Men,Apparel,Bottomwear,Track Pants,Grey,Fall,2011.0,Casual,Urban Yoga Men Bottom Grey Yoga Pants,Bottomwear
44847,Men,Apparel,Topwear,Tshirts,Red,Summer,2012.0,Casual,Puma Men Red Ducati Graphic T-shirt,Topwear
58173,Women,Accessories,Bags,Handbags,Brown,Fall,2012.0,Casual,Rocky S Women Brown Handbag,Accessories
54506,Women,Accessories,Bags,Handbags,Pink,Summer,2012.0,Casual,Lino Perros Women Pink Handbag,Accessories
25611,Women,Accessories,Watches,Watches,Blue,Winter,2016.0,Casual,Fastrack Women Blue Dial Watch,Accessories
49488,Men,Footwear,Shoes,Casual Shoes,Black,Summer,2012.0,Casual,Vans Men Black Helliotrope Shoes,Shoes
8258,Men,Footwear,Shoes,Sports Shoes,Orange,Summer,2011.0,Sports,Puma Men's Calibre Convertible Orange Shoe,Shoes
7216,Men,Footwear,Shoes,Formal Shoes,Brown,Fall,2011.0,Formal,Rockport Men's Evander Brown Shoe,Shoes
36503,Women,Apparel,Topwear,Kurtas,White,Summer,2012.0,Ethnic,Folklore Women Green Kurta,Topwear
13113,Men,Apparel,Bottomwear,Shorts,Khaki,Fall,2011.0,Casual,ADIDAS Men HT Khakhi Short,Bottomwear
31698,Women,Apparel,Topwear,Kurtas,Pink,Summer,2012.0,Ethnic,Folklore Women Printed Pink Kurta,Topwear
26810,Men,Apparel,Bottomwear,Trousers,Grey,Summer,2013.0,Formal,Arrow Men Grey Flat Front Trousers,Bottomwear
45265,Men,Accessories,Watches,Watches,Black,Winter,2016.0,Casual,CASIO G-Shock Men Black Digital Watch G-7900-1DR G260,Accessories
35575,Men,Footwear,Flip Flops,Flip Flops,Green,Summer,2013.0,Casual,Gliders Men Green Esquire Flip Flops,Shoes
27195,Women,Apparel,Dress,Dresses,Off White,Summer,2012.0,Casual,Doodle Kids Girl Printed Off White Dress,Dress
8854,Men,Apparel,Topwear,Shirts,Blue,Fall,2011.0,Casual,Mark Taylor Men Blue Striped Shirt,Topwear
27766,Men,Accessories,Wallets,Wallets,Brown,Winter,2015.0,Casual,Bulchee Ufficio Men Brown Wallet,Accessories
48079,Men,Apparel,Topwear,Tshirts,Green,Summer,2012.0,Casual,French Connection Men Green T-shirt,Topwear
51495,Men,Apparel,Bottomwear,Jeans,Blue,Summer,2012.0,Casual,Denizen Men Blue Jeans,Bottomwear
33114,Women,Footwear,Shoes,Heels,Black,Winter,2015.0,Casual,Catwalk Women Black Sandals,Shoes
38317,Men,Accessories,Wallets,Wallets,Black,Summer,2012.0,Casual,Puma Men Black Big Cat Wallet,Accessories
48472,Women,Apparel,Dress,Dresses,Black,Summer,2012.0,Casual,French Connection Black Dress,Dress
9309,Men,Apparel,Topwear,Tshirts,Navy Blue,Fall,2011.0,Casual,Indian Terrain Men Rico Navy Blue T-shirt,Topwear
39220,Women,Apparel,Dress,Dresses,Black,Summer,2012.0,Casual,Femella Women Black Dress,Dress
12691,Men,Footwear,Shoes,Sports Shoes,Grey,Fall,2011.0,Sports,Nike Men Dual Fusion Grey Sports Shoes,Shoes
11861,Men,Footwear,Flip Flops,Flip Flops,Brown,Fall,2012.0,Casual,Playboy Men Casual Brown Slippers,Shoes
28472,Women,Apparel,Topwear,Tops,Purple,Summer,2012.0,Casual,Urban Yoga Women Printed Purple Top,Topwear
37088,Women,Accessories,Bags,Handbags,Beige,Summer,2012.0,Casual,Lino Perros Women Beige Handbag,Accessories
10207,Women,Accessories,Bags,Handbags,Brown,Winter,2015.0,Casual,Murcia Women Hths Brown Handbags,Accessories
25247,Women,Accessories,Bags,Handbags,Brown,Summer,2012.0,Casual,Lino Perros Women Leatherette Brown Handbag,Accessories
2509,Men,Footwear,Shoes,Casual Shoes,Grey,Fall,2010.0,Casual,Numero Uno Men's Casual Grey Shoes,Shoes
57050,Women,Apparel,Dress,Dresses,White,Summer,2012.0,Casual,Elle Color Clash Purple Dress,Dress
33209,Women,Apparel,Dress,Dresses,White,Summer,2012.0,Casual,Sepia Women Printed White Dress,Dress
27196,Girls,Apparel,Dress,Dresses,Yellow,Summer,2012.0,Casual,Doodle Girls Yellow Dress,Dress
36750,Girls,Apparel,Dress,Dresses,Navy Blue,Summer,2012.0,Casual,Little Miss Girls Chatterbox Navy Blue Dress,Dress
25274,Women,Accessories,Bags,Handbags,Red,Summer,2012.0,Casual,Lino Perros Women Sequins Red Handbag,Accessories
30349,Men,Apparel,Topwear,Tshirts,Off White,Summer,2012.0,Casual,Myntra Men Diet Off White T-shirt,Topwear
3240,Men,Footwear,Shoes,Sports Shoes,Red,Fall,2010.0,Sports,Puma Men's Ducati Red Shoe,Shoes
11414,Men,Apparel,Topwear,Shirts,Black,Summer,2011.0,Casual,United Colors of Benetton Men Solid Black Shirt,Topwear
41702,Women,Footwear,Shoes,Heels,Brown,Winter,2012.0,Casual,Catwalk Women Brown Wedges,Shoes
43548,Men,Footwear,Sandal,Sandals,Khaki,Summer,2012.0,Casual,Woodland Men Khaki Sandals,Shoes
10243,Women,Accessories,Bags,Handbags,Red,Winter,2015.0,Casual,Murcia Women Emma Red Handbags,Accessories
14972,Men,Accessories,Belts,Belts,Black,Fall,2011.0,Formal,New Hide Men Solid Black Belts,Accessories
11947,Men,Footwear,Sandal,Sandals,Olive,Summer,2012.0,Casual,Ganuchi Men Casual Olive Sandals,Shoes
29582,Women,Footwear,Shoes,Flats,Black,Summer,2012.0,Casual,Puma Women Black Grace Flats,Shoes
43872,Men,Footwear,Shoes,Casual Shoes,Black,Summer,2012.0,Casual,Puma Men Blue Driving Power Lo Shoes,Shoes
28142,Men,Apparel,Bottomwear,Shorts,Grey Melange,Summer,2016.0,Casual,Jockey 24 x 7 Men Grey Melange Lounge Shorts 9426,Bottomwear
57510,Men,Footwear,Shoes,Casual Shoes,Black,Fall,2012.0,Casual,Provogue Men Black Casual Shoes,Shoes
39103,Men,Apparel,Bottomwear,Trousers,Grey,Summer,2012.0,Formal,Reid & Taylor Men Grey Trouser,Bottomwear
28931,Men,Apparel,Topwear,Tshirts,Purple,Summer,2012.0,Casual,Mr. Men Printed Purple T-shirt,Topwear
46910,Men,Apparel,Bottomwear,Jeans,Black,Summer,2012.0,Casual,Peter England Men Black Jeans,Bottomwear
34062,Girls,Apparel,Dress,Dresses,Pink,Summer,2012.0,Casual,Gini and Jony Girls Printed Pink Dress,Dress
30605,Men,Apparel,Bottomwear,Track Pants,Grey,Summer,2012.0,Casual,Nike Men Classic Jersey Grey Track Pants,Bottomwear
39209,Men,Footwear,Shoes,Formal Shoes,Black,Summer,2013.0,Formal,Franco Leone Men Black Formal Shoes,Shoes
44289,Men,Apparel,Bottomwear,Trousers,Beige,Summer,2012.0,Formal,Indian Terrain Men Beige Trousers,Bottomwear
34586,Women,Apparel,Dress,Dresses,Black,Summer,2012.0,Casual,Tonga Women Printed Black Dress,Dress
59987,Women,Apparel,Dress,Dresses,Black,Fall,2012.0,Casual,Avirate Black Dress,Dress
56798,Men,Apparel,Bottomwear,Jeans,Blue,Summer,2012.0,Casual,Horsefly Men Blue Jeans,Bottomwear
47030,Women,Apparel,Topwear,Kurtas,Blue,Fall,2012.0,Ethnic,Shree Women Blue Printed Kurta,Topwear
5456,Men,Apparel,Bottomwear,Shorts,Navy Blue,Summer,2011.0,Sports,Nike Men's Basic Woven Med Blue Short,Bottomwear
22935,Women,Accessories,Watches,Watches,Red,Winter,2016.0,Casual,Fastrack Women Red Casual Watch,Accessories
42717,Women,Footwear,Shoes,Flats,Black,Winter,2012.0,Casual,Rocia Women Black Sandals,Shoes
25289,Women,Accessories,Bags,Handbags,Black,Summer,2012.0,Casual,Lino Perros Women Leatherette Black Sling Bag,Accessories
8063,Men,Footwear,Shoes,Formal Shoes,Black,Winter,2018.0,Formal,Red Tape Men's Formal Leather Black Shoe,Shoes
15073,Men,Footwear,Sandal,Sandals,Black,Fall,2012.0,Casual,Ganuchi Men Black Sandal,Shoes
53872,Women,Footwear,Shoes,Sports Shoes,White,Summer,2012.0,Sports,Puma Women Speeder Ind White Sports Shoes,Shoes
5768,Women,Apparel,Bottomwear,Jeans,Blue,Summer,2011.0,Casual,Jealous 21 Women Dark Blue Jeggning,Bottomwear
22069,Women,Apparel,Topwear,Kurtas,Red,Fall,2011.0,Ethnic,Vishudh Women Printed Red Kurtas,Topwear
38762,Women,Footwear,Shoes,Sports Shoes,White,Fall,2012.0,Sports,Nike Women Ballista II White Sports Shoes,Shoes
2092,Men,Apparel,Topwear,Tshirts,Blue,Fall,2010.0,Sports,ADIDAS Mens Polo Blue Polo T-shirt,Topwear
27834,Men,Accessories,Belts,Belts,Navy Blue,Summer,2012.0,Casual,Bulchee Men Navy Blue Leather Belt,Accessories
15116,Men,Apparel,Bottomwear,Trousers,Grey,Fall,2011.0,Formal,Arrow Men TR Finish Grey Trousers,Bottomwear
15685,Men,Apparel,Bottomwear,Trousers,Khaki,Fall,2011.0,Casual,Highlander Men Classic Chinos Khaki Trousers,Bottomwear
1804,Men,Apparel,Bottomwear,Shorts,Black,Fall,2010.0,Sports,Kalenji Men Essential Baggy Black Shorts,Bottomwear
11457,Men,Apparel,Topwear,Tshirts,Black,Fall,2011.0,Casual,United Colors of Benetton Men Light Winter Black Tshirts,Topwear
27006,Women,Apparel,Bottomwear,Jeans,Navy Blue,Summer,2012.0,Casual,Jealous 21 Women Washed Navy Blue Jeggings,Bottomwear
27430,Women,Apparel,Topwear,Tshirts,Grey Melange,Summer,2018.0,Casual,Jockey Women Grey Melange T-shirt 1359,Topwear
2704,Girls,Apparel,Dress,Dresses,White,Summer,2011.0,Casual,Disney Kids Girl's White Pooh Kidswear,Dress
3818,Boys,Apparel,Topwear,Tshirts,Green,Summer,2011.0,Casual,Disney Kids Boy's Green Pooh Tiger Kidswear,Topwear
21179,Men,Footwear,Flip Flops,Flip Flops,Black,Summer,2011.0,Casual,ADIDAS Men Adi Stars Tread Black Flip Flops,Shoes
46541,Men,Accessories,Watches,Watches,Silver,Winter,2016.0,Casual,Timex Men Silver-Toned Dial Watch,Accessories
28500,Men,Apparel,Bottomwear,Track Pants,Grey,Summer,2012.0,Sports,Urban Yoga Men Grey Track Pants,Bottomwear
15384,Men,Footwear,Flip Flops,Flip Flops,Black,Summer,2013.0,Casual,Filac Men Hawai Black Slippers,Shoes
7240,Men,Footwear,Shoes,Formal Shoes,Black,Fall,2011.0,Formal,Rockport Men's Stanton Black Shoe,Shoes
48112,Women,Accessories,Belts,Belts,Brown,Summer,2012.0,Casual,Fossil Women Brown Belt,Accessories
1607,Men,Apparel,Bottomwear,Track Pants,Blue,Fall,2010.0,Sports,Reebok Men trackpant- male Track Pants,Bottomwear
26169,Men,Apparel,Bottomwear,Trousers,Black,Summer,2012.0,Formal,John Miller Men Black Trousers,Bottomwear
52759,Women,Accessories,Bags,Handbags,Brown,Fall,2012.0,Casual,Fiorelli Women Chocolate Brown Leather Handbag,Accessories
22148,Men,Footwear,Shoes,Formal Shoes,Brown,Fall,2011.0,Formal,Lee Cooper Men Brown Formal Shoes,Shoes
18758,Women,Apparel,Dress,Dresses,Black,Fall,2011.0,Casual,Arrow Woman Bling Black Dress,Dress
40413,Women,Apparel,Dress,Dresses,White,Summer,2012.0,Casual,Tonga Women White Dress,Dress
7655,Men,Apparel,Topwear,Tshirts,Navy Blue,Fall,2011.0,Sports,Puma Men's Lifestyle Mood Indigo Navy T-shirt,Topwear
14556,Men,Footwear,Shoes,Casual Shoes,Navy Blue,Spring,2012.0,Casual,Vans Men Zapto Del Barco Navy Blue Casual Shoes,Shoes
43081,Women,Apparel,Bottomwear,Track Pants,Navy Blue,Summer,2012.0,Casual,Nike Women Navy Blue Track Pant,Bottomwear
6729,Men,Footwear,Sandal,Sandals,Green,Winter,2011.0,Casual,Puma Men Pumpom Olive Black Floater,Shoes
24521,Women,Apparel,Topwear,Kurtas,Green,Fall,2011.0,Ethnic,Mother Earth Women Green Printed Kurta,Topwear
6680,Men,Footwear,Shoes,Sports Shoes,Grey,Summer,2011.0,Sports,Nike Men's Zoom Vomero 5 Grey Blue Shoe,Shoes
59897,Women,Apparel,Dress,Dresses,Yellow,Fall,2012.0,Casual,Femella Women Yellow Dress,Dress
22484,Women,Apparel,Topwear,Tops,Pink,Summer,2011.0,Ethnic,Global Desi Women Printed Pink Top,Topwear
5855,Women,Accessories,Bags,Handbags,White,Summer,2011.0,Casual,ADIDAS Women Plated Handbag,Accessories
49647,Women,Apparel,Dress,Dresses,Blue,Summer,2012.0,Casual,Mineral Blue & Green Printed Dress,Dress
21943,Women,Accessories,Bags,Handbags,Purple,Winter,2015.0,Casual,Murcia Women Casual Purple Handbag,Accessories
36742,Women,Apparel,Bottomwear,Jeans,Blue,Summer,2012.0,Casual,Spykar Women Aza Blue Jeans,Bottomwear
13319,Men,Apparel,Topwear,Shirts,Green,Fall,2011.0,Casual,Gini and Jony Kids Boys Check Green Shirts,Topwear
45378,Women,Footwear,Shoes,Flats,Black,Summer,2012.0,Casual,Rocia Women Black Sandals,Shoes
17437,Women,Accessories,Watches,Watches,Black,Winter,2016.0,Casual,CASIO Sheen Women Black Dial Chronograph Watch SX006 SHN-5016D-1ADR,Accessories
27614,Men,Apparel,Bottomwear,Trousers,Beige,Summer,2012.0,Casual,Scullers Men Beige Trousers,Bottomwear
59908,Women,Apparel,Dress,Dresses,Peach,Fall,2012.0,Casual,Femella Women Peach Dress,Dress
4984,Women,Apparel,Dress,Dresses,White,Summer,2011.0,Casual,Palm Tree Girls Beyonce White & Blue Dress,Dress
7783,Men,Apparel,Bottomwear,Track Pants,Black,Fall,2011.0,Casual,Urban Yoga Men Dhauti Black Track Pant,Bottomwear
47579,Women,Footwear,Shoes,Heels,Black,Winter,2012.0,Casual,Portia Women Black & Brown Sandals,Shoes
8482,Women,Apparel,Dress,Dresses,Cream,Fall,2011.0,Casual,Forever New Women Cream Fur Dress,Dress
43586,Girls,Apparel,Dress,Dresses,Blue,Summer,2012.0,Casual,Gini and Jony Girls Blue Saloppette,Dress
36538,Women,Accessories,Wallets,Wallets,Blue,Summer,2012.0,Casual,United Colors of Benetton Women Blue Wallet,Accessories
44404,Men,Footwear,Shoes,Sports Shoes,Brown,Fall,2012.0,Sports,Force 10 Men Light Brown Training Shoes,Shoes
33170,Women,Apparel,Topwear,Tops,Blue,Summer,2012.0,Casual,Sepia Women Oxygen Blue Top,Topwear
36669,Women,Accessories,Bags,Handbags,Brown,Summer,2012.0,Casual,Paridhan Women Brown Handbag,Accessories
48469,Women,Apparel,Dress,Dresses,Black,Summer,2012.0,Casual,French Connection Black Dress,Dress
9738,Men,Apparel,Topwear,Shirts,Navy Blue,Fall,2011.0,Smart Casual,Indian Terrain Men Navy & White Checked Slim Fit Smart-Casual Shirt,Topwear
23505,Men,Footwear,Shoes,Sports Shoes,White,Summer,2011.0,Sports,FILA Men Aspire White Sports Shoes,Shoes
40554,Women,Accessories,Watches,Watches,Maroon,Winter,2016.0,Casual,Titan Women Maroon Dial Watch,Accessories
31124,Girls,Apparel,Dress,Dresses,Magenta,Summer,2012.0,Casual,Gini and Jony Girls Pink Dress,Dress
57993,Women,Apparel,Dress,Dresses,Beige,Fall,2012.0,Casual,Latin Quarters Women Beige Dress,Dress
9785,Women,Apparel,Bottomwear,Track Pants,Navy Blue,Summer,2011.0,Sports,Urban Yoga Women Summer Bottoms Navy Blue Track Pants,Bottomwear
18657,Men,Footwear,Shoes,Sports Shoes,Black,Fall,2011.0,Sports,Fila Men Splash Black Basketball Sports Shoes,Shoes
22013,Women,Accessories,Bags,Handbags,Brown,Winter,2015.0,Casual,Murcia Women Casual Brown Handbag,Accessories
25894,Women,Apparel,Topwear,Tops,Olive,Summer,2012.0,Casual,Femella Women Olive Green Spaghetti Top,Topwear
34833,Women,Footwear,Shoes,Flats,Green,Summer,2012.0,Casual,ADIDAS Women Sweep Green Sandals,Shoes
16378,Men,Apparel,Bottomwear,Trousers,Charcoal,Fall,2011.0,Formal,Peter England Men Stripes Navy Blue Trouser,Bottomwear
59981,Women,Apparel,Dress,Dresses,Black,Fall,2012.0,Party,Avirate  Black & Purple Women Dress,Dress
42967,Men,Accessories,Wallets,Wallets,Black,Summer,2012.0,Casual,French Connection Men Black Wallet,Accessories
11179,Men,Accessories,Watches,Watches,Brown,Winter,2016.0,Casual,Carrera Men Leather strap dial and golden frame Brown Watches,Accessories
11134,Men,Accessories,Watches,Watches,Black,Winter,2016.0,Casual,Puma Men Dial With Steel finish frame Black Watches,Accessories
5959,Men,Apparel,Topwear,Shirts,Green,Summer,2011.0,Casual,Locomotive Men Green White Blue Checked Shirt,Topwear
3239,Men,Footwear,Shoes,Sports Shoes,White,Fall,2010.0,Sports,Puma Men White 65CC Lo Ducati Sports Shoes,Shoes
12591,Unisex,Apparel,Topwear,Tshirts,Blue,Fall,2011.0,Casual,Tantra Unisex Printed Blue Tshirts,Topwear
34570,Women,Apparel,Dress,Dresses,Black,Summer,2012.0,Casual,Tonga Women Printed Black Dress,Dress
2634,Men,Footwear,Sandal,Sandals,Beige,Fall,2010.0,Casual,Carlton London Men Beige Strapped Sandal,Shoes
53875,Men,Footwear,Flip Flops,Flip Flops,Navy Blue,Summer,2012.0,Casual,U.S. Polo Assn. Men Navy Blue Flip Flops,Shoes
11345,Men,Apparel,Bottomwear,Jeans,Black,Fall,2011.0,Casual,Lee Men Elvira Rinse Black Jeans,Bottomwear
57060,Women,Apparel,Dress,Dresses,Teal,Summer,2012.0,Casual,Elle Women Teal Dress,Dress
41552,Men,Apparel,Topwear,Shirts,Blue,Winter,2015.0,Casual,Probase Blue & Black Checked Slim Fit Casual Shirt,Topwear
48468,Women,Apparel,Dress,Dresses,Mauve,Summer,2012.0,Casual,French Connection Mauve Dress,Dress
39074,Men,Apparel,Topwear,Shirts,White,Summer,2012.0,Casual,Arrow Sport Men White Slim Fit Shirt,Topwear
8119,Men,Accessories,Belts,Belts,Grey,Winter,2016.0,Casual,Fastrack Men Canvas Red Stitches Grey Belts,Accessories
9041,Men,Footwear,Shoes,Formal Shoes,Black,Winter,2011.0,Formal,Buckaroo Men Moles Black Formal Shoes,Shoes
21804,Men,Accessories,Belts,Belts,Brown,Fall,2011.0,Casual,Fossil Men Spencer Brown Belt,Accessories
23807,Men,Footwear,Shoes,Casual Shoes,Maroon,Fall,2011.0,Casual,Puma Men Maroon Graphic Casual Shoes,Shoes
43672,Women,Apparel,Dress,Dresses,Peach,Summer,2012.0,Casual,ONLY Women Peach Dress,Dress
57127,Women,Apparel,Topwear,Tops,White,Summer,2012.0,Casual,Elle Women Printed White Top,Topwear
25029,Men,Apparel,Bottomwear,Shorts,Black,Fall,2011.0,Sports,Nike Men Black Speed Fly Shorts,Bottomwear
6385,Men,Footwear,Shoes,Sports Shoes,Black,Summer,2011.0,Sports,Puma Men's Future Cat Engine Black Shoe,Shoes
12190,Men,Apparel,Topwear,Shirts,Blue,Fall,2011.0,Casual,Basics Men Blue Slim Fit Checked Shirt,Topwear
44640,Men,Footwear,Shoes,Sports Shoes,Orange,Summer,2012.0,Sports,Nike Men Orange Mercurial Victory Sports Shoes,Shoes
49630,Women,Apparel,Dress,Dresses,Blue,Summer,2012.0,Casual,Mineral Blue Dress,Dress
12679,Men,Apparel,Bottomwear,Trousers,Black,Fall,2011.0,Casual,Probase Men Solid Black Trousers,Bottomwear
26805,Men,Apparel,Bottomwear,Trousers,Black,Summer,2012.0,Formal,Arrow Men Black Flat Front Trousers,Bottomwear
31657,Men,Apparel,Topwear,Shirts,Black,Summer,2012.0,Casual,Indigo Nation Men Printed Black Shirt,Topwear
21577,Men,Footwear,Shoes,Formal Shoes,Black,Winter,2018.0,Casual,Red Tape Men Black Leather Formal Shoes,Shoes
31559,Men,Apparel,Bottomwear,Trousers,Black,Summer,2012.0,Formal,Mark Taylor Men Striped Black Trousers,Bottomwear
17836,Women,Footwear,Flip Flops,Flip Flops,Pink,Fall,2011.0,Casual,Nike Women Solarsoft Thong Pink Slipper,Shoes
37457,Men,Accessories,Belts,Belts,Black,Summer,2012.0,Casual,Turtle Men Black Belt,Accessories
17903,Women,Apparel,Bottomwear,Track Pants,Grey,Fall,2011.0,Sports,Nike Women Trainng Grey Track Pant,Bottomwear
17994,Women,Apparel,Bottomwear,Track Pants,Navy Blue,Fall,2009.0,Sports,Puma Women Essential Skinny Navy Blue Track Pant,Bottomwear
35693,Men,Footwear,Shoes,Casual Shoes,Navy Blue,Summer,2012.0,Casual,U.S. Polo Assn. Men Navy Blue Shoes,Shoes
10996,Men,Apparel,Topwear,Tshirts,Brown,Fall,2011.0,Casual,Inkfruit Men Too Drunk Brown Tshirts,Topwear
15365,Men,Footwear,Shoes,Casual Shoes,Brown,Winter,2018.0,Casual,Red Tape Men Casual Brown Shoes,Shoes
54550,Women,Apparel,Topwear,Kurtas,Multi,Summer,2012.0,Ethnic,Global Desi Women Multi Coloured Kurta,Topwear
14352,Women,Footwear,Shoes,Flats,Blue,Winter,2015.0,Casual,Catwalk Women Blue Flats,Shoes
34061,Girls,Apparel,Dress,Dresses,Magenta,Summer,2012.0,Casual,Gini and Jony Girls Printed White & Pink Dress,Dress
24929,Girls,Apparel,Dress,Dresses,Navy Blue,Summer,2012.0,Casual,United Colors of Benetton Kids Girls Navy Blue Dress,Dress
51355,Women,Apparel,Bottomwear,Jeans,Blue,Summer,2012.0,Casual,Spykar Women Light Blue Jeans,Bottomwear
50946,Women,Apparel,Bottomwear,Jeans,Blue,Winter,2011.0,Casual,Lee Womens Blue Roxy Fit Jeans,Bottomwear
8483,Women,Apparel,Dress,Dresses,Blue,Fall,2011.0,Casual,Forever New Women Creme de Menthe Blue Dresses,Dress
7252,Men,Footwear,Shoes,Formal Shoes,Brown,Fall,2011.0,Formal,Rockport Men's Mepozo Distressed Brown Shoe,Shoes
41455,Men,Footwear,Sandal,Sandals,Grey,Summer,2012.0,Casual,Lee Cooper Men Grey Sandals,Shoes
25907,Women,Apparel,Dress,Dresses,Purple,Summer,2012.0,Casual,Femella Women Purple Dress,Dress
8169,Women,Footwear,Shoes,Flats,White,Winter,2015.0,Casual,Catwalk Women Casual White Flats,Shoes
48524,Women,Apparel,Dress,Dresses,White,Summer,2012.0,Casual,French Connection Women White Dress,Dress
52683,Men,Accessories,Watches,Watches,Silver,Winter,2016.0,Casual,Morellato Men Silver Dial Watch,Accessories
16296,Men,Apparel,Topwear,Tshirts,Red,Fall,2011.0,Casual,Peter England Men Solid Red Polo T-Shirt,Topwear
46262,Women,Apparel,Topwear,Tops,Beige,Summer,2012.0,Casual,109F Women Beige Embroidered Top,Topwear
29039,Men,Apparel,Topwear,Tshirts,Green,Summer,2012.0,Casual,ADIDAS Men Boston Celtics Green T-shirt,Topwear
10235,Men,Accessories,Watches,Watches,Black,Winter,2016.0,Casual,Carrera Men Hexagaon Dial Black Watches,Accessories
43658,Women,Apparel,Dress,Dresses,Black,Summer,2012.0,Casual,ONLY Women Black Dress,Dress
49592,Women,Footwear,Shoes,Heels,Gold,Winter,2015.0,Casual,Catwalk Women Gold Heels,Shoes
18044,Women,Accessories,Wallets,Wallets,Yellow,Winter,2015.0,Casual,Lino Perros Women Sequin Yellow Wallet,Accessories
2830,Men,Footwear,Shoes,Casual Shoes,Black,Summer,2012.0,Casual,Lee Cooper Men's Casual Canvas Black Shoe,Shoes
47656,Women,Apparel,Dress,Dresses,Black,Summer,2012.0,Casual,Femella Women Black Printed Dress,Dress
47389,Women,Accessories,Bags,Handbags,White,Summer,2012.0,Casual,Baggit Women White Handbag,Accessories
19690,Men,Apparel,Topwear,Shirts,Grey,Fall,2011.0,Casual,United Colors of Benetton Men Solid Grey Shirt,Topwear
36826,Women,Apparel,Topwear,Kurtas,Brown,Summer,2012.0,Ethnic,Vishudh Women Brown Kurta,Topwear
35479,Men,Footwear,Shoes,Formal Shoes,Brown,Summer,2012.0,Formal,Bata Men Tech Brown Formal Shoes,Shoes
26657,Men,Footwear,Shoes,Casual Shoes,Blue,Summer,2012.0,Casual,Puma Men G. Vilas 2 Basics Blue Shoes,Shoes
24111,Men,Footwear,Flip Flops,Flip Flops,Black,Summer,2012.0,Casual,Playboy Men Black Flip Flops,Shoes
10099,Men,Accessories,Watches,Watches,Grey,Winter,2016.0,Casual,Fastrack Men Analogue Grey Watches,Accessories
48476,Women,Apparel,Dress,Dresses,Blue,Winter,2011.0,Casual,French Connection Women Blue Dress,Dress
39328,Girls,Apparel,Bottomwear,Shorts,Green,Summer,2012.0,Casual,Gini and Jony Girls Green Shorts,Bottomwear
35582,Men,Footwear,Sandal,Sandals,Black,Summer,2012.0,Casual,Gliders Men Black Sandals,Shoes
21188,Men,Footwear,Flip Flops,Flip Flops,Black,Summer,2011.0,Casual,ADIDAS Men Adi Stars Tread Black Flip Flops,Shoes
40544,Women,Accessories,Watches,Watches,Black,Winter,2016.0,Casual,Titan Raga Women Black Dial Watch,Accessories
4041,Men,Apparel,Topwear,Tshirts,Blue,Summer,2011.0,Sports,Rajasthan Royals Mens Lookalike Yellow Jersey,Topwear
15222,Men,Footwear,Shoes,Casual Shoes,White,Fall,2011.0,Casual,ADIDAS Originals Men Superstar 11 White Casual Shoes,Shoes
14284,Boys,Footwear,Shoes,Casual Shoes,Brown,Fall,2011.0,Casual,Timberland Kids-Boys Asphlttrl Ek Chk Dk Casual Shoe,Shoes
38839,Women,Apparel,Dress,Dresses,Olive,Summer,2012.0,Casual,Latin Quarters Women Black Printed Dress,Dress
32482,Men,Apparel,Topwear,Tshirts,Red,Summer,2012.0,Casual,Proline Men Red Polo T-shirt,Topwear
27219,Women,Apparel,Dress,Dresses,Lavender,Summer,2012.0,Casual,Doodle Kids Girl Printed Lavender Dress,Dress
41759,Girls,Apparel,Dress,Dresses,Navy Blue,Summer,2012.0,Casual,Doodle Girls Navy Blue Dress,Dress
6665,Men,Footwear,Shoes,Sports Shoes,Grey,Summer,2011.0,Sports,Nike Men's Lunarglide 2 Grey Yellow Shoe,Shoes
38784,Men,Footwear,Shoes,Casual Shoes,Olive,Summer,2012.0,Casual,Woodland Men Olive Shoes,Shoes
46271,Women,Apparel,Dress,Dresses,Blue,Summer,2012.0,Casual,109F Blue A-Line Dress,Dress
20368,Men,Apparel,Topwear,Shirts,Blue,Summer,2011.0,Casual,United Colors of Benetton Men Blue Check Shirt,Topwear
14451,Women,Footwear,Shoes,Heels,Multi,Summer,2012.0,Casual,Enroute Women Casual Multi Flats,Shoes
18976,Men,Apparel,Bottomwear,Track Pants,Red,Summer,2011.0,Casual,ADIDAS Originals Men Firebird Red Track Pants,Bottomwear
58505,Women,Apparel,Dress,Dresses,Off White,Fall,2012.0,Casual,Tonga Women Printed Brown Dress,Dress
53753,Men,Apparel,Bottomwear,Shorts,Red,Summer,2012.0,Casual,ADIDAS Men Red Shorts,Bottomwear
7775,Men,Footwear,Shoes,Casual Shoes,Black,Fall,2011.0,Casual,Converse Men's Poormn Team Black Canvas Shoe,Shoes
33976,Women,Apparel,Dress,Dresses,Navy Blue,Summer,2012.0,Casual,Femella Women Check Navy Blue Dress,Dress
42841,Women,Accessories,Bags,Handbags,Beige,Summer,2012.0,Casual,French Connection Women Beige Handbag,Accessories
12613,Men,Apparel,Topwear,Tshirts,Black,Fall,2011.0,Casual,Ed Hardy Men Printed Black Tshirts,Topwear
45603,Men,Footwear,Shoes,Formal Shoes,Black,Summer,2012.0,Formal,Arrow Men Black Formal Shoes,Shoes
52656,Women,Accessories,Bags,Handbags,Beige,Summer,2012.0,Casual,Mod-acc Women Beige Handbag,Accessories
41939,Women,Footwear,Flip Flops,Flip Flops,Beige,Winter,2012.0,Casual,iPanema Women Beige Flip Flops,Shoes
20461,Women,Accessories,Bags,Handbags,White,Winter,2015.0,Casual,Baggit Women Golmaal Taj White Handbag,Accessories
31956,Men,Footwear,Shoes,Sports Shoes,Black,Summer,2012.0,Sports,Nike Men Air Ring Leader Low Black Sports Shoes,Shoes
17691,Men,Footwear,Shoes,Casual Shoes,Navy Blue,Fall,2011.0,Casual,Vans Men Chukka Low Navy Blue Casual Shoes,Shoes
12560,Men,Apparel,Topwear,Tshirts,Blue,Fall,2011.0,Casual,Tantra Men Printed Blue Tshirts,Topwear
58494,Women,Apparel,Dress,Dresses,Purple,Fall,2012.0,Casual,Tonga Women Purple Dress,Dress
47587,Women,Footwear,Shoes,Flats,Brown,Winter,2012.0,Ethnic,Portia Women Gold Flats,Shoes
41426,Men,Apparel,Bottomwear,Trousers,Khaki,Summer,2012.0,Casual,Highlander Men Khaki Trousers,Bottomwear
27000,Women,Apparel,Bottomwear,Jeans,Blue,Summer,2012.0,Casual,Jealous 21 Women Washed Blue Jeans,Bottomwear
40742,Unisex,Footwear,Flip Flops,Flip Flops,Black,Summer,2012.0,Casual,Converse Unisex Black Flip Flops,Shoes
13226,Men,Apparel,Topwear,Tshirts,Brown,Fall,2011.0,Casual,Palm Tree Kids Boys Printed Brown Tshirts,Topwear
11951,Men,Footwear,Shoes,Casual Shoes,Blue,Summer,2012.0,Casual,Ganuchi Men Blue Shoes,Shoes
22825,Men,Footwear,Shoes,Casual Shoes,Khaki,Summer,2016.0,Casual,Woodland Men Khaki Casual Shoes,Shoes
43373,Men,Footwear,Shoes,Sports Shoes,White,Summer,2013.0,Sports,Reebok Men White Spectra Run Sports Shoes,Shoes
48497,Women,Apparel,Bottomwear,Trousers,Black,Winter,2011.0,Casual,French Connection Women Black Trousers,Bottomwear
26372,Women,Apparel,Bottomwear,Trousers,Grey,Summer,2012.0,Formal,Arrow Woman Check Grey Trousers,Bottomwear
51465,Women,Apparel,Dress,Dresses,Teal,Summer,2012.0,Casual,Tonga Women Teal Dress,Dress
13472,Women,Apparel,Dress,Dresses,White,Summer,2011.0,Casual,United Colors of Benetton Women Solid White Dress,Dress
33169,Women,Apparel,Topwear,Tops,Yellow,Summer,2012.0,Casual,Sepia Women Yellow Top,Topwear
43510,Women,Apparel,Dress,Dresses,Maroon,Fall,2012.0,Casual,French Connection Women Maroon Knitted Dress,Dress
46563,Men,Accessories,Watches,Watches,Black,Winter,2016.0,Casual,Timex Men Black Watch,Accessories
14364,Women,Footwear,Shoes,Heels,Blue,Winter,2015.0,Casual,Catwalk Women Casual Blue Flats,Shoes
57052,Women,Apparel,Dress,Dresses,Blue,Summer,2012.0,Casual,Elle Women Blue Dress,Dress
29158,Women,Apparel,Dress,Dresses,Green,Summer,2012.0,Casual,United Colors of Benetton Women Green Dress,Dress
42113,Men,Apparel,Bottomwear,Track Pants,Navy Blue,Summer,2012.0,Sports,ADIDAS Men Navy Blue Track Pants,Bottomwear
9095,Men,Apparel,Bottomwear,Shorts,Navy Blue,Fall,2011.0,Sports,ADIDAS Men's Schelse Navy Blue Shorts,Bottomwear
17075,Women,Accessories,Belts,Belts,Navy Blue,Winter,2015.0,Casual,Lino Perros Women Weaved  Navy Blue Belt,Accessories
7902,Men,Apparel,Bottomwear,Shorts,Brown,Fall,2011.0,Casual,Proline Men Brown & Blue Checked Shorts,Bottomwear
47557,Women,Footwear,Shoes,Heels,Charcoal,Winter,2012.0,Casual,Portia Women Charcoal & Silver Flats,Shoes
11856,Men,Footwear,Flip Flops,Flip Flops,Red,Fall,2011.0,Casual,Playboy Men Casual Red Slippers,Shoes
36907,Men,Accessories,Wallets,Wallets,Brown,Winter,2016.0,Casual,Fossil Men Brown Carson Wallet,Accessories
57434,Women,Apparel,Topwear,Tshirts,Blue,Summer,2015.0,Casual,Angry Birds Women Blue T-shirt,Topwear
50958,Women,Apparel,Bottomwear,Jeans,Blue,Winter,2011.0,Casual,Lee Womens Blue Jeans,Bottomwear
22157,Men,Footwear,Shoes,Casual Shoes,Black,Summer,2011.0,Casual,Lee Cooper Men Black Casual Shoes,Shoes
37559,Girls,Apparel,Bottomwear,Shorts,Green,Summer,2012.0,Casual,Madagascar3 Girls Green Shorts,Bottomwear
43513,Women,Apparel,Dress,Dresses,Orange,Summer,2012.0,Casual,French Connection Women Orange Dress,Dress
3011,Men,Apparel,Topwear,Shirts,White,Summer,2011.0,Casual,Lee Men Edward White Shirt,Topwear
14457,Women,Footwear,Shoes,Flats,Black,Summer,2012.0,Casual,Enroute Women Black Ballerinas,Shoes
44932,Men,Apparel,Bottomwear,Jeans,Blue,Summer,2012.0,Casual,Jack & Jones Men Blue Jeans,Bottomwear
44585,Men,Apparel,Bottomwear,Jeans,Black,Summer,2017.0,Casual,Lee Men Black Skinny Fit Jeans,Bottomwear
7395,Men,Footwear,Shoes,Casual Shoes,Grey,Winter,2018.0,Casual,Red Tape Men's Casual Grey Shoe,Shoes
28474,Women,Apparel,Topwear,Tops,Pink,Summer,2012.0,Casual,Urban Yoga Women Pink Top,Topwear
9596,Men,Apparel,Topwear,Shirts,White,Fall,2011.0,Casual,Scullers Men Scul White Shirts,Topwear
12216,Men,Apparel,Bottomwear,Trousers,Green,Summer,2013.0,Formal,Basics Men Green Trousers,Bottomwear
13470,Women,Apparel,Dress,Dresses,Pink,Summer,2011.0,Casual,United Colors of Benetton Women Solid Pink Dress,Dress
22744,Women,Apparel,Topwear,Kurtas,Navy Blue,Fall,2011.0,Ethnic,BIBA Women Solid Navy Blue Green Kurta,Topwear
25636,Women,Accessories,Watches,Watches,Black,Winter,2016.0,Casual,Fastrack Women Black Casual Watch,Accessories
24455,Women,Footwear,Shoes,Sports Shoes,White,Summer,2012.0,Casual,Nike Women Court Majestic White Shoes,Shoes
46577,Women,Accessories,Watches,Watches,Blue,Winter,2016.0,Casual,Timex Women Blue Watch,Accessories
39255,Men,Footwear,Shoes,Formal Shoes,Black,Winter,2018.0,Formal,Red Chief Men Black Formal Shoes,Shoes
59990,Women,Apparel,Dress,Dresses,Pink,Fall,2012.0,Casual,Avirate Pink Dress,Dress
16061,Men,Apparel,Bottomwear,Trousers,Olive,Fall,2011.0,Casual,Highlander Men Solid Olive Trouser,Bottomwear
27769,Men,Accessories,Wallets,Wallets,Black,Winter,2015.0,Casual,Bulchee Men Black & Brown Wallet,Accessories
8354,Boys,Apparel,Topwear,Tshirts,Brown,Fall,2011.0,Casual,Doodle Boy's I am Handsome No1 Rust Kidswear,Topwear
57997,Women,Apparel,Dress,Dresses,Blue,Fall,2012.0,Casual,Latin Quarters Women Blue Dress,Dress
3602,Men,Apparel,Topwear,Tshirts,Blue,Summer,2012.0,Sports,Puma Rajasthan Royals Men Blue Lookalike Jersey,Topwear
30337,Men,Apparel,Topwear,Tshirts,Red,Summer,2012.0,Casual,Myntra Men You Have Rite to Remain Silent Red T-shirt,Topwear
19843,Men,Apparel,Topwear,Shirts,Green,Fall,2011.0,Casual,U.S. Polo Assn. Men Check Green Shirt,Topwear
13290,Women,Apparel,Dress,Dresses,Pink,Fall,2011.0,Casual,Gini and Jony Kids Girls Solid Pink Dresses,Dress
47551,Women,Footwear,Shoes,Heels,White,Winter,2012.0,Casual,Portia Women White Heels,Shoes
7626,Men,Accessories,Belts,Belts,Brown,Summer,2011.0,Casual,Wrangler Men Brown Leather Belt,Accessories
10021,Men,Apparel,Bottomwear,Shorts,White,Spring,2013.0,Sports,Nike Men As Woven Shor White Shorts,Bottomwear
42402,Women,Apparel,Bottomwear,Jeans,Blue,Summer,2012.0,Casual,Flying Machine Women Blue Denim Shorts,Bottomwear
34585,Women,Apparel,Dress,Dresses,Green,Summer,2012.0,Casual,Tonga Women Green Dress,Dress
42015,Men,Footwear,Shoes,Sports Shoes,White,Summer,2012.0,Sports,ADIDAS Men White Vermont Shoes,Shoes
27225,Girls,Apparel,Dress,Dresses,Pink,Summer,2012.0,Casual,Doodle Girls Printed Pink Dress,Dress
15385,Men,Footwear,Flip Flops,Flip Flops,Blue,Summer,2013.0,Casual,Fila Men Hawai Blue Flip Flops,Shoes
43054,Men,Apparel,Topwear,Tshirts,Green,Summer,2012.0,Casual,Nike Men Green Portugal Football T-shirt,Topwear
23820,Unisex,Footwear,Flip Flops,Flip Flops,Black,Fall,2011.0,Casual,Puma Unisex Black Flip Flops,Shoes
13109,Men,Apparel,Bottomwear,Track Pants,Black,Fall,2011.0,Sports,ADIDAS Men Pant Climalite Black Track Pants,Bottomwear
9225,Men,Footwear,Sandal,Sandals,Black,Fall,2011.0,Casual,Puma Men Snipper Black Sandal,Shoes
36772,Women,Accessories,Watches,Watches,Black,Winter,2016.0,Casual,Maxima Women Black Watch,Accessories
16070,Men,Apparel,Bottomwear,Trousers,Khaki,Fall,2011.0,Casual,Highlander Men Solid Khaki Trouser,Bottomwear
57998,Women,Apparel,Dress,Dresses,Blue,Fall,2012.0,Casual,Latin Quarters Women Blue Dress,Dress
9164,Men,Apparel,Bottomwear,Jeans,Blue,Fall,2011.0,Casual,Locomotive Men Cam Blue Jeans,Bottomwear
9121,Men,Footwear,Shoes,Sports Shoes,Brown,Summer,2013.0,Casual,Puma Men Yacht L Brown Casual Shoes,Shoes
16784,Unisex,Accessories,Watches,Watches,Black,Winter,2016.0,Casual,ADIDAS Originals Unisex Black Dial Chronograph Watch ADH2584,Accessories
40753,Women,Footwear,Flip Flops,Flip Flops,White,Winter,2012.0,Casual,Roxy Women White Flip Flops,Shoes
11318,Women,Apparel,Bottomwear,Jeans,Black,Fall,2011.0,Casual,United Colors of Benetton Women Solid Black Jeans,Bottomwear
53990,Women,Accessories,Bags,Handbags,Beige,Summer,2012.0,Casual,Kiara Women Beige & Yellow Handbags,Accessories
34581,Women,Apparel,Dress,Dresses,Maroon,Summer,2012.0,Casual,Tonga Women Maroon Dress,Dress
31457,Men,Apparel,Bottomwear,Shorts,Black,Summer,2012.0,Sports,Nike Men Running Black Shorts,Bottomwear
17109,Women,Accessories,Wallets,Wallets,Pink,Winter,2015.0,Casual,Lino Perros Women Small Purse Pink Wallet,Accessories
28595,Men,Accessories,Belts,Belts,Brown,Summer,2012.0,Casual,Peter England Men Leather Brown Belt,Accessories
57858,Women,Footwear,Shoes,Heels,Brown,Winter,2015.0,Casual,Catwalk Women Brown Flats,Shoes
45725,Women,Apparel,Topwear,Kurtas,Blue,Summer,2012.0,Ethnic,Folklore Women Blue Kurta,Topwear
16511,Men,Apparel,Bottomwear,Jeans,Blue,Fall,2011.0,Casual,Locomotive Men Washed Blue Jeans,Bottomwear
50953,Women,Apparel,Bottomwear,Jeans,Blue,Winter,2011.0,Casual,Lee Womens Blue Maxi Fit Jeans,Bottomwear
21898,Women,Apparel,Topwear,Kurtas,Pink,Fall,2011.0,Ethnic,BIBA Women Printed Pink Kurta,Topwear
3766,Men,Apparel,Topwear,Tshirts,Red,Summer,2011.0,Casual,Status Quo Men's Unplugged Red T-shirt,Topwear
23257,Men,Accessories,Watches,Watches,Black,Winter,2016.0,Casual,Maxima Attivo Men Black Army Watch,Accessories
39960,Men,Footwear,Sandal,Sandals,Brown,Spring,2013.0,Casual,GAS Men Brown Madly Sandals,Shoes
20842,Men,Footwear,Shoes,Casual Shoes,Brown,Winter,2018.0,Casual,Red Tape Men Brown Shoes,Shoes
48463,Women,Apparel,Dress,Dresses,Teal,Summer,2012.0,Casual,French Connection Teal & Brown Printed Dress,Dress
5330,Men,Footwear,Shoes,Casual Shoes,Brown,Summer,2011.0,Casual,Fila Men's Rockridge Slate Shoe,Shoes
12670,Men,Apparel,Bottomwear,Shorts,White,Fall,2011.0,Casual,Probase Men Check White Shorts,Bottomwear
59973,Women,Apparel,Dress,Dresses,Navy Blue,Fall,2012.0,Casual,Avirate Women Navy Blue Dress,Dress
31188,Men,Accessories,Wallets,Wallets,Black,Summer,2012.0,Casual,Cabarelli Men Black Wallet,Accessories
36513,Men,Accessories,Belts,Belts,Black,Summer,2012.0,Casual,United Colors of Benetton Men Leather Black Belt,Accessories
38756,Women,Accessories,Bags,Handbags,Fluorescent Green,Summer,2012.0,Casual,Nike Fluorescent Green Tote Bag,Accessories
5403,Women,Footwear,Shoes,Sports Shoes,White,Summer,2011.0,Sports,Kalenji Kiprun 2000l Wht/purple,Shoes
19155,Men,Apparel,Topwear,Tshirts,Yellow,Summer,2011.0,Casual,United Colors of Benetton Men Solid Yellow TShirt,Topwear
48385,Men,Apparel,Bottomwear,Jeans,Navy Blue,Summer,2012.0,Casual,French Connection Men Navy Blue Jeans,Bottomwear
5454,Men,Apparel,Bottomwear,Shorts,Black,Summer,2011.0,Sports,Nike Men's Basic Woven Med Black Short,Bottomwear
13231,Men,Apparel,Bottomwear,Shorts,Blue,Fall,2011.0,Casual,Palm Tree Kids Boys Washed Blue Shorts,Bottomwear
15676,Men,Apparel,Bottomwear,Jeans,Blue,Fall,2011.0,Casual,Highlander Men High Original Blue Jeans,Bottomwear
5384,Men,Footwear,Shoes,Sports Shoes,Beige,Summer,2011.0,Sports,Quechua Arpenaz Flex Man Beige,Shoes
48163,Women,Accessories,Wallets,Wallets,Blue,Winter,2016.0,Casual,Fossil Women Blue Wallet,Accessories
35817,Women,Footwear,Shoes,Casual Shoes,Black,Summer,2012.0,Casual,Enroute Women Black Shoes,Shoes
22842,Men,Footwear,Shoes,Casual Shoes,Khaki,Summer,2012.0,Casual,Woodland Men Khaki Casual Shoes,Shoes
44610,Men,Footwear,Shoes,Sports Shoes,Black,Spring,2013.0,Sports,Salomon Men Black Quest Sports Shoes,Shoes
22260,Women,Footwear,Shoes,Heels,Multi,Winter,2012.0,Casual,Inc.5 Women Multi Casual Flats,Shoes
29945,Men,Accessories,Watches,Watches,Black,Winter,2016.0,Casual,Police Men Black Dial Watch PL13088JSB-02,Accessories
33267,Girls,Apparel,Bottomwear,Shorts,Blue,Summer,2012.0,Casual,Gini and Jony Girls Blue Shorts,Bottomwear
20523,Women,Accessories,Bags,Handbags,Teal,Winter,2015.0,Casual,Baggit Women Hail Taj Teal Handbag,Accessories
11287,Men,Apparel,Bottomwear,Jeans,Blue,Summer,2016.0,Casual,Wrangler Men Blue Texas Jeans,Bottomwear
50225,Women,Accessories,Belts,Belts,Brown,Summer,2012.0,Casual,Stoln Women Brown Belt,Accessories
58208,Men,Accessories,Belts,Belts,Brown,Summer,2013.0,Casual,New Hide Men Brown Belt,Accessories
3095,Men,Apparel,Topwear,Tshirts,Red,Summer,2011.0,Casual,Probase Men's Freestyler Red T-shirt,Topwear
33820,Men,Footwear,Shoes,Sports Shoes,White,Summer,2012.0,Sports,Puma Men White Axis Sports Shoes,Shoes
12989,Men,Footwear,Shoes,Sports Shoes,White,Fall,2011.0,Sports,ADIDAS Kids Duramo Synthetic White Sports Shoes,Shoes
2712,Girls,Apparel,Dress,Dresses,Blue,Summer,2011.0,Casual,Disney Kids Girl's Halter Neck Blue Kidswear,Dress
33135,Women,Footwear,Shoes,Heels,Bronze,Winter,2015.0,Ethnic,Catwalk Women Bronze Heels,Shoes
58510,Women,Apparel,Dress,Dresses,White,Fall,2012.0,Casual,Tonga White & Black Animal Print Dress,Dress
18866,Men,Apparel,Bottomwear,Track Pants,Grey,Fall,2011.0,Casual,Puma Men Solid Grey Core Sweat Pants,Bottomwear
11730,Men,Apparel,Topwear,Tshirts,Yellow,Fall,2011.0,Casual,Lee Men Solid Yellow T-shirt,Topwear
47305,Women,Accessories,Bags,Handbags,Brown,Summer,2012.0,Casual,Baggit Women Brown Handbag,Accessories
28678,Men,Apparel,Bottomwear,Track Pants,Black,Summer,2012.0,Casual,Proline Men Black Track Pants,Bottomwear
4735,Men,Footwear,Shoes,Casual Shoes,Brown,Fall,2012.0,Casual,Numero Uno Men's Brown Funk Shoe,Shoes
23260,Men,Accessories,Watches,Watches,Steel,Winter,2016.0,Casual,Maxima Ssteele Men Watch,Accessories
49559,Women,Accessories,Bags,Handbags,Purple,Summer,2012.0,Casual,Rocia Women Purple Handbag,Accessories
59989,Women,Apparel,Dress,Dresses,Black,Fall,2012.0,Party,Avirate Women Black Dress,Dress
53740,Men,Apparel,Bottomwear,Track Pants,Grey,Summer,2012.0,Casual,ADIDAS Men Grey Track Pant,Bottomwear
37937,Women,Apparel,Dress,Dresses,Purple,Summer,2012.0,Casual,Mineral Women Purple Dress,Dress
12875,Men,Footwear,Shoes,Formal Shoes,Black,Spring,2012.0,Formal,Provogue Men Formal Black Formal Shoes,Shoes
44632,Men,Apparel,Bottomwear,Track Pants,Grey,Summer,2012.0,Sports,Nike Men Grey AS Sideline Track Pants,Bottomwear
50388,Women,Accessories,Watches,Watches,White,Winter,2016.0,Casual,Miss Sixty White Dial Watch,Accessories
3779,Men,Apparel,Topwear,Tshirts,Black,Summer,2011.0,Casual,Status Quo Men's Black Polo T-shirt,Topwear
22499,Women,Footwear,Shoes,Heels,Gold,Winter,2015.0,Casual,Catwalk Women Gold Casual Heels,Shoes
39225,Women,Apparel,Bottomwear,Trousers,Brown,Summer,2012.0,Casual,Femella Women Heart Print  Brown Trousers,Bottomwear
45213,Women,Accessories,Watches,Watches,White,Winter,2016.0,Casual,CASIO ENTICER Women White Dial Analogue Watch A668,Accessories
18413,Men,Footwear,Shoes,Sports Shoes,Black,Fall,2011.0,Sports,Skechers Men Shape-Ups Black Shoe,Shoes
27373,Men,Apparel,Topwear,Tshirts,Purple,Fall,2011.0,Casual,Tantra Men Blood Test Purple T-shirt,Topwear
10849,Men,Apparel,Topwear,Tshirts,Maroon,Fall,2011.0,Casual,Wrangler Men Famous Filafil Maroon T-Shirts,Topwear
43676,Women,Apparel,Dress,Dresses,Green,Summer,2012.0,Casual,French Connection Women Mint Green Dress,Dress
38939,Boys,Apparel,Bottomwear,Shorts,Blue,Summer,2012.0,Casual,Gini and Jony Boys Blue Shorts,Bottomwear
26935,Women,Apparel,Dress,Dresses,Black,Summer,2012.0,Casual,Jealous 21 Women Black Dress,Dress
57076,Women,Apparel,Bottomwear,Jeans,Blue,Summer,2012.0,Casual,Elle Women Blue Jeans,Bottomwear
8481,Women,Apparel,Dress,Dresses,Peach,Fall,2011.0,Casual,Forever New Women Peach Dress,Dress
17455,Men,Accessories,Watches,Watches,Black,Winter,2016.0,Casual,Casio Enticer Men Silver Analogue Watches (A168) MTP-1192A-1ADF,Accessories
54792,Men,Apparel,Bottomwear,Jeans,Grey,Summer,2012.0,Casual,Peter England Men Grey Jeans,Bottomwear
36946,Men,Footwear,Shoes,Sports Shoes,Grey,Fall,2012.0,Sports,Fila Men DLS Temporal Grey Sports Shoes,Shoes
11261,Women,Apparel,Dress,Dresses,Red,Summer,2011.0,Casual,Palm Tree Kids Girls Red Saloppette Set,Dress
44509,Men,Footwear,Shoes,Casual Shoes,Navy Blue,Summer,2012.0,Casual,Converse Men Navy Blue Shoes,Shoes
22614,Men,Apparel,Topwear,Tshirts,Navy Blue,Fall,2011.0,Sports,Nike Men Navy Blue T-shirt,Topwear
25165,Women,Accessories,Bags,Handbags,Black,Winter,2015.0,Casual,Lino Perros Women Leatherite Black Handbag,Accessories
51609,Women,Apparel,Bottomwear,Trousers,Cream,Fall,2012.0,Casual,Kraus Jeans Women Cream Trousers,Bottomwear
25565,Men,Footwear,Shoes,Sports Shoes,White,Summer,2012.0,Sports,Fila Men Swift White Sports Shoes,Shoes
41991,Boys,Apparel,Topwear,Shirts,Black,Summer,2012.0,Casual,Gini and Jony Boys Check Black Shirt,Topwear
21808,Men,Accessories,Wallets,Wallets,Brown,Winter,2016.0,Casual,Fossil Men Marcus Brown Wallet,Accessories
53252,Men,Apparel,Bottomwear,Jeans,Blue,Summer,2012.0,Casual,Locomotive Men Blue Jeans,Bottomwear
35162,Men,Footwear,Sandal,Sandals,Brown,Fall,2012.0,Casual,Coolers Men Brown Sandals,Shoes
34027,Boys,Apparel,Topwear,Tshirts,White,Summer,2012.0,Casual,Gini and Jony Boys Printed White T-shirt,Topwear
9956,Men,Apparel,Topwear,Tshirts,Blue,Fall,2011.0,Sports,Nike Men Manu Train Blue Tshirts,Topwear
31913,Women,Accessories,Bags,Handbags,Pink,Summer,2012.0,Casual,Fabindia Women Pink Sling Bag,Accessories
11236,Women,Apparel,Bottomwear,Jeans,Blue,Fall,2011.0,Casual,Flying Machine Women Low Rise Blue Jeans,Bottomwear
37229,Men,Accessories,Belts,Belts,Black,Summer,2012.0,Casual,United Colors of Benetton Men Leather Black Belt,Accessories
44587,Men,Apparel,Bottomwear,Jeans,Blue,Summer,2017.0,Casual,Lee Men Blue Rack Jeans,Bottomwear
57981,Women,Apparel,Topwear,Shirts,Red,Summer,2010.0,Casual,Latin Quarters Women Red Check Shirt,Topwear
6870,Women,Apparel,Dress,Dresses,Pink,Summer,2011.0,Casual,Forever New Women's Pink Dress,Dress
9146,Women,Apparel,Bottomwear,Jeans,Blue,Summer,2013.0,Casual,Lee Women Mid Stone Blue Maxi Fit Jeans,Bottomwear
9871,Men,Apparel,Topwear,Tshirts,Green,Fall,2011.0,Casual,Status Quo Men Stripes Green Tshirts,Topwear
13981,Men,Footwear,Shoes,Sports Shoes,Black,Spring,2012.0,Sports,Puma Mens Speeder Black Sports Shoes,Shoes
41842,Women,Footwear,Shoes,Sports Shoes,Pink,Summer,2012.0,Sports,Skechers Women Pink Sports Shoes,Shoes
19406,Men,Footwear,Shoes,Sports Shoes,White,Fall,2011.0,Sports,ADIDAS Men White Twenty2yds Lite IV Sports Shoes,Shoes
17902,Men,Apparel,Bottomwear,Track Pants,Navy Blue,Fall,2011.0,Sports,Nike Men Trainng Navy Blue Track Pant,Bottomwear
21379,Men,Apparel,Bottomwear,Track Pants,Black,Fall,2011.0,Casual,Manchester United Men Solid Black Track Pants,Bottomwear
58272,Women,Accessories,Bags,Handbags,Red,Fall,2012.0,Casual,Baggit Women Red Sling Bag,Accessories
35481,Men,Footwear,Shoes,Formal Shoes,Black,Summer,2012.0,Formal,Bata Men Black Mocassino Formal Shoes,Shoes
17547,Men,Apparel,Topwear,Shirts,Blue,Fall,2011.0,Formal,Mark Taylor Men Blue & White Striped Shirt,Topwear
3908,Women,Apparel,Bottomwear,Track Pants,Blue,Summer,2011.0,Casual,Urban Yoga Women's Fitted Yoga Blue Track Pant,Bottomwear
57231,Women,Accessories,Bags,Handbags,Black,Summer,2012.0,Casual,Murcia Women Black Handbag,Accessories
43647,Women,Apparel,Topwear,Tops,Blue,Summer,2012.0,Casual,ONLY Women Blue Top,Topwear
21381,Men,Apparel,Bottomwear,Track Pants,Navy Blue,Fall,2011.0,Casual,Manchester United Men Solid Navy Blue Track Pants,Bottomwear
59811,Women,Apparel,Dress,Dresses,Beige,Fall,2012.0,Casual,United Colors of Benetton Women Beige Printed Dress,Dress
31571,Men,Apparel,Bottomwear,Trousers,Black,Summer,2012.0,Formal,Mark Taylor Men Striped Black Trousers,Bottomwear
36147,Men,Footwear,Flip Flops,Flip Flops,Black,Fall,2012.0,Casual,Nike Men Chroma Thong II Black Flip Flops,Shoes
8806,Men,Apparel,Topwear,Shirts,Red,Fall,2011.0,Casual,Scullers Men Black & Red Check Shirt,Topwear
14691,Men,Apparel,Bottomwear,Trousers,Tan,Fall,2011.0,Casual,Basics Men Tan Trousers,Bottomwear
52553,Women,Apparel,Bottomwear,Jeans,Blue,Summer,2012.0,Casual,Pepe Jeans Women Blue Jeans,Bottomwear
14638,Men,Apparel,Topwear,Shirts,White,Fall,2011.0,Casual,Probase Men Double Pattern Check White Shirts,Topwear
16505,Men,Apparel,Bottomwear,Jeans,Blue,Fall,2011.0,Casual,Locomotive Men Washed Blue Jeans,Bottomwear
20962,Women,Accessories,Bags,Handbags,Brown,Winter,2016.0,Casual,Fastrack Brown Sling Bag,Accessories
53395,Women,Apparel,Topwear,Kurtas,White,Fall,2012.0,Ethnic,Alma Women White Printed Kurta,Topwear
23274,Men,Accessories,Watches,Watches,White,Summer,2017.0,Casual,Maxima Men White Dial Watch,Accessories
5798,Men,Apparel,Topwear,Tshirts,White,Summer,2011.0,Casual,ADIDAS Men's Prt White T-shirt,Topwear
9471,Men,Apparel,Topwear,Shirts,Blue,Fall,2011.0,Formal,John Miller Men Blue stripes Shirts,Topwear
15128,Men,Apparel,Bottomwear,Trousers,Cream,Winter,2014.0,Formal,Arrow  Men Solid Cream Trousers,Bottomwear
40636,Women,Apparel,Topwear,Kurtas,Green,Summer,2012.0,Ethnic,Span Women Green Kurta,Topwear
31128,Girls,Apparel,Dress,Dresses,Blue,Summer,2012.0,Casual,Gini and Jony Girls Printed Teal Dress,Dress
29574,Men,Footwear,Shoes,Casual Shoes,Black,Summer,2012.0,Casual,Vans Men Edgemont Black Shoes,Shoes
50944,Women,Apparel,Bottomwear,Jeans,Navy Blue,Summer,2013.0,Casual,Lee Women Navy Blue Jeggings,Bottomwear
18973,Men,Apparel,Topwear,Shirts,Blue,Fall,2011.0,Casual,United Colors of Benetton Men Blue Check Shirt,Topwear
25925,Women,Apparel,Topwear,Tshirts,Purple,Summer,2012.0,Casual,Femella Women Purple T-Shirt,Topwear
35424,Men,Footwear,Shoes,Sports Shoes,White,Summer,2012.0,Sports,ADIDAS Men Dunkfest White Sports Shoes,Shoes
38471,Women,Accessories,Bags,Handbags,Teal,Summer,2012.0,Casual,Baggit Women Teal Pride Jack Handbag,Accessories
39382,Men,Apparel,Bottomwear,Jeans,Blue,Summer,2012.0,Casual,Peter England Men Blue Jeans,Bottomwear
58509,Women,Apparel,Dress,Dresses,Off White,Fall,2012.0,Casual,Tonga Off-White & Black Animal Print Dress,Dress
46277,Women,Apparel,Dress,Dresses,Red,Summer,2012.0,Casual,109F Red & White A-Line Dress,Dress
10139,Women,Accessories,Watches,Watches,Steel,Winter,2016.0,Casual,Esprit Women Cool Chic Night Steel Watch,Accessories
38777,Men,Footwear,Shoes,Casual Shoes,Brown,Summer,2012.0,Casual,Woodland Men Brown Leather Shoes,Shoes
37313,Men,Accessories,Watches,Watches,Black,Winter,2016.0,Casual,Casio Edifice Men Chronograph Watch EF-558D-1AVDF(ED436),Accessories
21585,Women,Apparel,Bottomwear,Jeans,Blue,Fall,2011.0,Casual,Spykar Women Washed Blue Jeans,Bottomwear
39579,Women,Footwear,Shoes,Heels,Multi,Winter,2015.0,Casual,Catwalk Women Multi Colour Flats,Shoes
54622,Men,Accessories,Watches,Watches,Black,Winter,2016.0,Casual,Fastrack Men Black Dial Watch,Accessories
28732,Women,Apparel,Topwear,Kurtas,Green,Summer,2012.0,Ethnic,W Women Printed Green Kurta,Topwear
6076,Men,Apparel,Topwear,Tshirts,White,Summer,2011.0,Casual,UCB Men's Polo Neck Striper White Yellow T-shirt,Topwear
54663,Men,Accessories,Watches,Watches,Steel,Winter,2016.0,Casual,Fastrack Men White Dial Watch,Accessories
52162,Women,Apparel,Dress,Dresses,Black,Summer,2012.0,Casual,Femella Women Black Striped Tank Dress,Dress
27217,Men,Apparel,Bottomwear,Shorts,Beige,Summer,2012.0,Casual,Doodle Kids Boy  Beige Shorts,Bottomwear
57942,Men,Footwear,Shoes,Casual Shoes,Brown,Spring,2012.0,Casual,Clarks Men Brown Shoes,Shoes
29625,Men,Apparel,Topwear,Shirts,Red,Summer,2012.0,Casual,Indigo Nation Men Check Red Shirt,Topwear
34473,Women,Apparel,Dress,Dresses,Navy Blue,Summer,2012.0,Casual,Van Heusen Woman Navy Blue Dress,Dress
38566,Men,Apparel,Bottomwear,Shorts,Black,Fall,2012.0,Sports,Nike Men Woven Black Shorts,Bottomwear
59177,Men,Footwear,Shoes,Casual Shoes,Olive,Summer,2012.0,Casual,Gliders Men Olive Shoes,Shoes
7399,Men,Footwear,Shoes,Formal Shoes,Black,Winter,2018.0,Formal,Red Tape Men's Black Formal Shoe,Shoes
22703,Men,Footwear,Shoes,Casual Shoes,Grey,Fall,2011.0,Casual,Nike Men Capri II Mid Grey Casual Shoes,Shoes
34562,Women,Accessories,Bags,Handbags,Yellow,Summer,2012.0,Casual,Puma Women Originals Mono Yellow Handbag,Accessories
6875,Women,Apparel,Dress,Dresses,Black,Summer,2011.0,Casual,Forever New Women's Gold Sleeveless Black Dress,Dress
37611,Girls,Apparel,Topwear,Tshirts,Blue,Summer,2012.0,Casual,Madagascar3 Girls Blue Printed T-Shirt,Topwear
11146,Men,Apparel,Topwear,Shirts,Purple,Fall,2011.0,Casual,Indigo Nation Men Bling Purple Shirts,Topwear
28633,Men,Footwear,Shoes,Sports Shoes,Grey,Summer,2012.0,Sports,Nike Men Free TR2 Grey Sports Shoes,Shoes
36760,Men,Accessories,Watches,Watches,White,Winter,2016.0,Casual,Maxima Men White Dial Watch,Accessories
8436,Women,Apparel,Topwear,Tops,Pink,Fall,2011.0,Casual,Jealous 21 Women Jealous Gaius Pink Top Pink Tops,Topwear
48085,Women,Apparel,Dress,Dresses,Purple,Summer,2012.0,Casual,French Connection Women Purple Dress,Dress
7819,Men,Apparel,Topwear,Tshirts,Teal,Fall,2011.0,Casual,Proline Men Teal Blue Striped Polo T-shirt,Topwear
25670,Men,Accessories,Watches,Watches,Silver,Summer,2017.0,Casual,Fastrack Men Silver-Toned Dial Watch NE3039SM01,Accessories
43625,Women,Apparel,Dress,Dresses,Black,Summer,2012.0,Casual,Vero Moda Women Black Printed Shift Dress,Dress
18655,Men,Footwear,Flip Flops,Flip Flops,Black,Fall,2011.0,Casual,Fila Men Drop Needle Black Slippers,Shoes
11868,Men,Footwear,Sandal,Sandals,Black,Fall,2011.0,Casual,Franco Leone Men Casual Black Sandals,Shoes
15558,Men,Apparel,Topwear,Shirts,White,Fall,2011.0,Casual,Spykar Men Check White Shirts,Topwear
22828,Men,Footwear,Shoes,Casual Shoes,Black,Summer,2016.0,Casual,Woodland Men Black Casual Shoes,Shoes
1803,Unisex,Apparel,Topwear,Tshirts,Black,Fall,2010.0,Sports,Tribord Unisex Black T-shirt,Topwear
6473,Women,Apparel,Topwear,Tshirts,Pink,Summer,2011.0,Casual,ADIDAS Women's Blossom Pink T-shirt,Topwear
39293,Men,Footwear,Sandal,Sandals,Brown,Winter,2018.0,Casual,Red Chief Men Brown Sandals,Shoes
39758,Boys,Apparel,Bottomwear,Shorts,Brown,Summer,2012.0,Casual,Gini Jony Boys Brown Shorts,Bottomwear
48031,Men,Accessories,Watches,Watches,Black,Winter,2016.0,Casual,Nautica Men Black Dial Chronograph Watch,Accessories
27001,Women,Apparel,Bottomwear,Jeans,Blue,Summer,2012.0,Casual,Jealous 21 Women Washed Light Blue Jeans,Bottomwear
58336,Men,Footwear,Flip Flops,Flip Flops,Blue,Summer,2012.0,Casual,Lotto Men Blue Flip Flops,Shoes
27206,Men,Apparel,Bottomwear,Shorts,Blue,Summer,2012.0,Casual,Doodle Kids Boy Light Blue Shorts,Bottomwear
40586,Women,Apparel,Topwear,Kurtas,White,Summer,2012.0,Ethnic,Aurelia Women White Kurta,Topwear
59909,Women,Apparel,Dress,Dresses,Blue,Fall,2012.0,Casual,Femella Women Blue Dress,Dress
5580,Men,Footwear,Shoes,Sports Shoes,White,Summer,2011.0,Sports,Nike Men's Sweet Classic Leather White Black Shoe,Shoes
15943,Men,Accessories,Wallets,Wallets,Black,Fall,2011.0,Casual,Turtle Men Leather Black Wallets,Accessories
4697,Unisex,Accessories,Watches,Watches,Black,Winter,2016.0,Sports,ADIDAS Unisex Digital Duramo Black Watch,Accessories
18818,Men,Accessories,Wallets,Wallets,Black,Fall,2011.0,Formal,Peter England Men Statements Black Wallet,Accessories
58499,Women,Apparel,Dress,Dresses,White,Fall,2012.0,Casual,Tonga White Floral Design Dress,Dress
17097,Women,Accessories,Wallets,Wallets,Black,Winter,2015.0,Casual,Lino Perros Women Blue Zip Black Wallet,Accessories
25555,Men,Apparel,Topwear,Tshirts,Blue,Summer,2012.0,Casual,Wrangler Men Biker Blue T-shirt,Topwear
29796,Men,Apparel,Topwear,Shirts,Black,Summer,2012.0,Casual,Basics Men Black Shirt,Topwear
15127,Men,Apparel,Bottomwear,Trousers,Brown,Fall,2012.0,Casual,Arrow Sport Men Solid  Brown Trousers,Bottomwear
34565,Women,Apparel,Dress,Dresses,Black,Summer,2012.0,Casual,Tonga Women Printed Black Dress,Dress
57049,Women,Apparel,Dress,Dresses,Black,Summer,2012.0,Casual,Elle Women Black A-Line Dress,Dress
11305,Women,Apparel,Bottomwear,Jeans,Blue,Fall,2011.0,Casual,Wrangler Women Blue Custom Jeans,Bottomwear
19419,Men,Apparel,Bottomwear,Shorts,Black,Fall,2011.0,Casual,Quiksilver Men Black Printed Shorts,Bottomwear
9646,Men,Apparel,Topwear,Shirts,Navy Blue,Fall,2011.0,Casual,Indigo Nation Men Checks Shirt Navy Blue Shirts,Topwear
4355,Men,Apparel,Topwear,Tshirts,Grey,Summer,2011.0,Casual,Batman Men's Batman Applique Shei Grey T-shirt,Topwear
52128,Girls,Apparel,Dress,Dresses,Blue,Summer,2012.0,Casual,Doodle Girls Blue Washed Dress,Dress
53683,Women,Accessories,Bags,Handbags,Orange,Summer,2012.0,Casual,Kiara Women Orange Handbag,Accessories
35219,Men,Footwear,Shoes,Casual Shoes,Brown,Summer,2012.0,Casual,Fortune Men Brown Shoes,Shoes
41890,Men,Apparel,Bottomwear,Shorts,Blue,Summer,2012.0,Casual,Flying Machine Men Blue Solid Regular Fit Denim Shorts,Bottomwear
43515,Women,Apparel,Dress,Dresses,Blue,Summer,2012.0,Casual,French Connection Women Blue Dress,Dress
39753,Boys,Apparel,Bottomwear,Trousers,Khaki,Summer,2012.0,Casual,Gini Jony Boys Khaki Trousers,Bottomwear
41302,Girls,Apparel,Dress,Dresses,Pink,Summer,2012.0,Casual,Gini and Jony Girls Blue Saloppette,Dress
47638,Women,Footwear,Shoes,Heels,Black,Winter,2012.0,Casual,Carlton London Women Black Peep Toes,Shoes
51924,Women,Accessories,Bags,Handbags,Off White,Summer,2016.0,Casual,Nyk Women Off White Sling Bag,Accessories
25908,Women,Apparel,Dress,Dresses,Red,Summer,2012.0,Casual,Femella Women Red Dress,Dress
26999,Women,Apparel,Bottomwear,Jeans,Blue,Summer,2012.0,Casual,Jealous 21 Women Washed Blue Jeans,Bottomwear
54666,Men,Accessories,Watches,Watches,Steel,Winter,2016.0,Casual,Fastrack Men Blue Dial  Watch,Accessories
9120,Men,Footwear,Shoes,Sports Shoes,Black,Fall,2011.0,Sports,Puma Men Cell Turin Perf Black Sports Shoes,Shoes
10325,Men,Accessories,Watches,Watches,Black,Winter,2016.0,Casual,Puma Men Atlantis Black Watches,Accessories
18755,Women,Apparel,Dress,Dresses,Blue,Fall,2011.0,Casual,Arrow Woman Kaya Blue Dress,Dress
32587,Women,Apparel,Bottomwear,Shorts,Black,Summer,2012.0,Casual,Only  Women Black Shorts,Bottomwear
18735,Women,Apparel,Dress,Dresses,Purple,Fall,2011.0,Casual,Arrow Woman Rima Purple Dress,Dress
57056,Women,Apparel,Dress,Dresses,Cream,Summer,2012.0,Casual,Elle Women White Shift Dress,Dress
24374,Women,Apparel,Topwear,Kurtas,Black,Fall,2011.0,Ethnic,Folklore Women Black  Kurta,Topwear
51600,Women,Apparel,Bottomwear,Jeans,Blue,Summer,2012.0,Casual,Wrangler Women Blue Molly Jeans,Bottomwear
38832,Women,Apparel,Dress,Dresses,White,Summer,2012.0,Casual,Latin Quarters Women White & Pink Printed Dress,Dress
41747,Boys,Apparel,Topwear,Tshirts,Green,Summer,2012.0,Casual,Doodle Boys Green T-shirt,Topwear
15869,Girls,Footwear,Sandal,Sandals,Pink,Fall,2011.0,Casual,Warner Bros Kids Girls TJ Playlogs Pink Sandals,Shoes
15896,Girls,Footwear,Sandal,Sandals,Pink,Winter,2012.0,Casual,Warner Bros Kids Girls TW Love flops Pink Slippers,Shoes
1569,Men,Apparel,Bottomwear,Shorts,Black,Fall,2010.0,Sports,Artengo Men Black Tennis Shorts,Bottomwear
32378,Women,Apparel,Dress,Dresses,Cream,Summer,2012.0,Casual,Arrow Woman Printed Multi Coloured Dress,Dress
36215,Girls,Apparel,Bottomwear,Shorts,Purple,Summer,2012.0,Casual,Gini and Jony Girls Core Purple Shorts,Bottomwear
41827,Women,Footwear,Shoes,Sports Shoes,White,Summer,2012.0,Sports,Skechers Women White Sports Shoes,Shoes
44288,Men,Apparel,Bottomwear,Trousers,Black,Summer,2012.0,Formal,Indian Terrain Men Black Trousers,Bottomwear
12928,Men,Apparel,Topwear,Tshirts,Blue,Fall,2011.0,Casual,Classic Polo Men Rugby Kingdom Blue Tshirts,Topwear
54120,Women,Footwear,Shoes,Flats,Beige,Winter,2012.0,Casual,Rocia Women Beige Flats,Shoes
35437,Girls,Apparel,Bottomwear,Shorts,Black,Summer,2012.0,Casual,Doodle Girls Washed Black Shorts,Bottomwear
58203,Men,Accessories,Belts,Belts,Black,Summer,2013.0,Formal,New Hide Men Black Belt,Accessories
15218,Men,Accessories,Belts,Belts,Black,Summer,2011.0,Casual,United Colors of Benetton Solid Belt,Accessories
34255,Men,Apparel,Bottomwear,Track Pants,Navy Blue,Summer,2012.0,Casual,Proline Men Navy Blue Track Pants,Bottomwear
48084,Women,Apparel,Dress,Dresses,Red,Summer,2012.0,Casual,French Connection Women Red Dress,Dress
26335,Women,Accessories,Watches,Watches,White,Winter,2016.0,Casual,DKNY Women White Dial Watch NY8011,Accessories
27938,Women,Apparel,Bottomwear,Jeans,Blue,Summer,2012.0,Casual,Jealous 21 Women Blue Magic Colour Jeans,Bottomwear
43386,Men,Accessories,Wallets,Wallets,Black,Summer,2012.0,Casual,Lino Perros Men Black Wallet,Accessories
34693,Girls,Apparel,Bottomwear,Shorts,Pink,Summer,2012.0,Casual,Allen Solly Kids Girls Poplin Pink Shorts,Bottomwear
38577,Men,Apparel,Bottomwear,Track Pants,Navy Blue,Summer,2012.0,Sports,Nike Men Breakline Navy Blue Track Pants,Bottomwear
18896,Women,Apparel,Dress,Dresses,Cream,Fall,2011.0,Casual,Arrow Woman Solid Cream Dress,Dress
35543,Girls,Footwear,Sandal,Sandals,Black,Summer,2012.0,Casual,Enroute Teens Black Sandals,Shoes
27223,Women,Apparel,Dress,Dresses,Blue,Summer,2012.0,Casual,Doodle Kids Girl Printed Blue Dress,Dress
29607,Men,Apparel,Topwear,Shirts,Purple,Summer,2012.0,Formal,Indigo Nation Men Striped Purple Shirt,Topwear
12620,Men,Apparel,Topwear,Tshirts,Red,Fall,2011.0,Casual,Probase Men Printed Red Tshirts,Topwear
50425,Women,Accessories,Bags,Handbags,Red,Summer,2012.0,Casual,Lino Perros Women Red Handbag,Accessories
42646,Women,Apparel,Topwear,Kurtas,Cream,Summer,2012.0,Ethnic,Alma Women Cream Printed Kurta,Topwear
42592,Girls,Apparel,Dress,Dresses,Pink,Fall,2012.0,Casual,United Colors of Benetton Kids Girls Pink Printed Dress,Dress
48483,Women,Apparel,Dress,Dresses,Blue,Winter,2011.0,Casual,French Connection Women Blue Dress,Dress
44255,Women,Accessories,Wallets,Wallets,Black,Summer,2012.0,Casual,Hidekraft Women Black Wallet,Accessories
31672,Men,Apparel,Bottomwear,Jeans,Blue,Summer,2012.0,Casual,Spykar Men Blue Jeans,Bottomwear
6885,Women,Apparel,Dress,Dresses,White,Summer,2011.0,Casual,Forever New Women Dye Crochet White Dress,Dress
2710,Girls,Apparel,Dress,Dresses,White,Summer,2011.0,Casual,Disney Kids Girl's White Daisy Kidswear,Dress
37102,Men,Apparel,Bottomwear,Trousers,Grey,Summer,2012.0,Formal,Wills Lifestyle Men Grey Trousers,Bottomwear
4818,Men,Apparel,Bottomwear,Shorts,Black,Fall,2012.0,Sports,ADIDAS Men's Team Bermuda Black White Short,Bottomwear
6160,Men,Apparel,Topwear,Tshirts,Black,Summer,2011.0,Casual,Lee Men's Striper Black White T-shirt,Topwear
3931,Women,Apparel,Topwear,Tshirts,Black,Summer,2011.0,Casual,Jealous 21 Women's Black Butterfly T-shirt,Topwear
19014,Women,Apparel,Topwear,Tshirts,White,Summer,2011.0,Casual,ADIDAS Originals Women G Tee Birds White Tshirt,Topwear
8310,Women,Accessories,Bags,Handbags,Grey,Winter,2016.0,Casual,Fastrack Women Grey Printed Handbag,Accessories
11207,Men,Accessories,Watches,Watches,Black,Winter,2016.0,Casual,Esprit Men Grand Victory Black With Leather Strap Black Watches,Accessories
52161,Women,Apparel,Dress,Dresses,Black,Summer,2012.0,Casual,Femella Women Black Pleated Dress,Dress
5329,Men,Footwear,Shoes,Sports Shoes,Blue,Fall,2011.0,Sports,FILA Men Speed Up Blue Sports Shoes,Shoes
56313,Men,Accessories,Watches,Watches,Blue,Winter,2016.0,Casual,Fastrack Men Blue Watch,Accessories
22980,Men,Footwear,Shoes,Casual Shoes,Brown,Fall,2012.0,Casual,Fila Men Light Brown New Percoso II Casual Shoes,Shoes
28825,Men,Apparel,Bottomwear,Jeans,Navy Blue,Summer,2012.0,Casual,Denizen Men Navy Blue Jeans,Bottomwear
6918,Women,Apparel,Topwear,Tshirts,Black,Summer,2011.0,Sports,Asics Women's Running Graphic Black T-shirt,Topwear
44578,Men,Apparel,Bottomwear,Jeans,Blue,Summer,2017.0,Casual,Lee Men Blue Party Jeans,Bottomwear
19295,Women,Accessories,Watches,Watches,Steel,Winter,2016.0,Casual,Guess Women Hopscotch Steel Watch,Accessories
5007,Women,Apparel,Dress,Dresses,Purple,Summer,2011.0,Casual,Gini and Jony Girl's Sandra Purple Kidswear,Dress
11728,Men,Apparel,Topwear,Tshirts,Red,Summer,2011.0,Casual,Lee Men Solid Red Tshirts,Topwear
18527,Boys,Accessories,Watches,Watches,Blue,Winter,2016.0,Casual,Chhota Bheem Analog Kids-Boys Blue Watch,Accessories
31570,Men,Apparel,Bottomwear,Trousers,Black,Summer,2012.0,Formal,Mark Taylor Men Striped Black Trousers,Bottomwear
46399,Men,Apparel,Bottomwear,Shorts,Olive,Summer,2012.0,Casual,ADIDAS Men Grey Olive Shorts,Bottomwear
14804,Women,Accessories,Bags,Handbags,Black,Summer,2011.0,Casual,United Colors of Benetton Women Solid Black Handbags,Accessories
16803,Girls,Apparel,Bottomwear,Shorts,Beige,Fall,2011.0,Casual,ANT Kids Girls Solid Beige Short,Bottomwear
20818,Men,Footwear,Shoes,Casual Shoes,Brown,Winter,2018.0,Casual,Red Tape Men Brown Leather Casual Shoes,Shoes
30412,Men,Apparel,Bottomwear,Jeans,Blue,Summer,2012.0,Casual,Deni Yo Men Slim Fit Washed Blue Jeans,Bottomwear
43052,Men,Apparel,Bottomwear,Shorts,Navy Blue,Summer,2012.0,Casual,Nike Men Navy Blue Legacy Shorts,Bottomwear
34860,Men,Footwear,Shoes,Casual Shoes,Black,Summer,2012.0,Casual,Vans Men Era Black Shoes,Shoes
22011,Women,Accessories,Bags,Handbags,Blue,Winter,2015.0,Casual,Murcia Women Casual Blue Handbag,Accessories
26643,Men,Footwear,Shoes,Casual Shoes,Red,Summer,2012.0,Casual,Puma Men Driving Power Light Red Casual Shoes,Shoes
23887,Men,Footwear,Shoes,Sports Shoes,Black,Summer,2012.0,Sports,Fila Men Clutch Black Sports Shoes,Shoes
18418,Women,Footwear,Shoes,Sports Shoes,White,Fall,2011.0,Sports,Skechers Women Shape-Ups White Shoe,Shoes
21719,Women,Footwear,Shoes,Heels,White,Winter,2015.0,Casual,Catwalk Women Casual White Heels,Shoes
16781,Unisex,Accessories,Watches,Watches,Black,Winter,2016.0,Casual,ADIDAS Originals Unisex Black Dial Watch ADH2133,Accessories
44719,Men,Footwear,Flip Flops,Flip Flops,Black,Summer,2012.0,Casual,Lotto Men Black Flip Flops,Shoes
48486,Women,Apparel,Dress,Dresses,Green,Winter,2011.0,Casual,French Connection Women Green Dress,Dress
40280,Men,Apparel,Bottomwear,Trousers,Grey,Summer,2012.0,Casual,Scullers Men Grey Trousers,Bottomwear
3107,Men,Apparel,Topwear,Tshirts,Black,Summer,2011.0,Casual,Probase Men's Cheap Fast & Easy Black T-shirt,Topwear
57995,Women,Apparel,Dress,Dresses,Black,Fall,2012.0,Casual,Latin Quarters Women & White Black Dress,Dress
9161,Men,Apparel,Bottomwear,Jeans,Blue,Fall,2011.0,Casual,Locomotive Men Cairo Blue Jeans,Bottomwear
28448,Women,Accessories,Bags,Handbags,Brown,Summer,2012.0,Casual,Kiara Women Brown Handbag,Accessories
32645,Men,Apparel,Bottomwear,Track Pants,Navy Blue,Summer,2012.0,Sports,Nike Men Knit Navy Blue Track Pants,Bottomwear
48369,Men,Apparel,Topwear,Shirts,Black,Summer,2012.0,Casual,French Connection Men Blue & Black Check Shirt,Topwear
35434,Girls,Apparel,Dress,Dresses,Blue,Summer,2012.0,Casual,Doodle Girls Printed Blue Dress,Dress
19891,Men,Accessories,Belts,Belts,Black,Summer,2011.0,Casual,Lee Men Canvas Black Belt,Accessories
26811,Men,Apparel,Bottomwear,Trousers,Brown,Summer,2012.0,Formal,Arrow Men Brown Flat Front Trousers,Bottomwear
27914,Women,Apparel,Bottomwear,Trousers,Brown,Summer,2012.0,Formal,Scullers For Her Women Brown Trousers,Bottomwear
45286,Men,Accessories,Watches,Watches,Black,Winter,2016.0,Casual,CASIO Outdoor Men Black Digital Watch SGW-300H-1AVDR S059,Accessories
43871,Men,Footwear,Shoes,Casual Shoes,White,Summer,2012.0,Casual,Puma Men White Driving Power Lo Shoes,Shoes
34863,Men,Footwear,Shoes,Casual Shoes,Blue,Summer,2012.0,Casual,Vans Men Zapato Del Barco Blue Shoes,Shoes
18805,Men,Accessories,Belts,Belts,Red,Summer,2011.0,Casual,Peter England Men Casual Red Belt,Accessories
9675,Men,Apparel,Topwear,Tshirts,White,Fall,2011.0,Casual,ADIDAS Men White Polo Tshirts,Topwear
32268,Women,Apparel,Topwear,Kurtas,Pink,Summer,2012.0,Ethnic,Vishudh Women Printed Pink Kurta,Topwear
43643,Women,Apparel,Dress,Dresses,Magenta,Summer,2012.0,Party,Vero Moda Women Magenta Dress,Dress
57132,Women,Apparel,Topwear,Tops,Multi,Summer,2012.0,Casual,Elle Women Multi Coloured Top,Topwear
47233,Men,Footwear,Sandal,Sandals,Black,Summer,2012.0,Casual,Franco Leone Men Black  Sandals,Shoes
36479,Men,Footwear,Shoes,Casual Shoes,Black,Summer,2012.0,Casual,Spinn Men Benzeen Black Shoes,Shoes
4953,Men,Apparel,Topwear,Tshirts,White,Summer,2011.0,Casual,Gini and Jony Boy's Kalin White Navy Kidswear,Topwear
26255,Men,Apparel,Bottomwear,Track Pants,Navy Blue,Summer,2012.0,Casual,Proline Men Navy Track Pants,Bottomwear
15660,Unisex,Accessories,Bags,Handbags,Black,Fall,2011.0,Casual,Belkin Unisex Dash Laptop 16,Accessories
48473,Women,Apparel,Dress,Dresses,Blue,Winter,2011.0,Casual,French Connection Women Blue Dress,Dress
17527,Women,Accessories,Wallets,Wallets,Blue,Fall,2011.0,Casual,Hidekraft Casual Women Wallet,Accessories
41259,Men,Accessories,Wallets,Wallets,Brown,Summer,2012.0,Casual,Arrow Men Brown Leather Wallet,Accessories
58503,Women,Apparel,Dress,Dresses,White,Summer,2012.0,Casual,Tonga Women Purple Dress,Dress
33821,Men,Footwear,Shoes,Sports Shoes,Blue,Summer,2012.0,Sports,Puma Men Axis Blue & Black Sports Shoes,Shoes
50759,Men,Footwear,Sandal,Sandals,Mushroom Brown,Winter,2018.0,Casual,Red Chief Men Mushroom Brown sandals,Shoes
6949,Men,Apparel,Topwear,Tshirts,Blue,Summer,2011.0,Casual,Tantra Men's Glasses Blue T-shirt,Topwear
3420,Men,Apparel,Topwear,Tshirts,Black,Summer,2011.0,Casual,Myntra Men's Chai Garam Black T-shirt,Topwear
21988,Women,Accessories,Bags,Handbags,Grey,Winter,2015.0,Casual,Murcia Women Casual Grey Handbag,Accessories
33457,Women,Accessories,Bags,Handbags,Maroon,Summer,2012.0,Casual,Baggit Women Billuz Roy Maroon Handbag,Accessories
43303,Women,Apparel,Dress,Dresses,Black,Summer,2012.0,Casual,United Colors of Benetton Women Black Dress,Dress
7887,Men,Apparel,Bottomwear,Track Pants,Blue,Fall,2011.0,Casual,Proline Men Blue Track Pants,Bottomwear
29757,Women,Accessories,Watches,Watches,Brown,Winter,2016.0,Casual,Fossil Women Brown Dial Watch ES2795,Accessories
4932,Women,Apparel,Dress,Dresses,Blue,Summer,2011.0,Casual,Gini and Jony Girl's Valerie Blue White Infant Kidswear,Dress
43362,Men,Footwear,Shoes,Sports Shoes,Grey,Summer,2013.0,Sports,Reebok Men Grey United Runner Sports Shoes,Shoes
57490,Men,Footwear,Shoes,Casual Shoes,Black,Fall,2012.0,Formal,Lee Cooper Men Black  Shoes,Shoes
26924,Women,Apparel,Topwear,Tops,Black,Summer,2012.0,Casual,Jealous 21 Women Black Top,Topwear
24755,Men,Apparel,Bottomwear,Jeans,Blue,Summer,2011.0,Casual,Spykar Men Blue Jeans,Bottomwear
13743,Men,Apparel,Topwear,Shirts,Black,Fall,2011.0,Casual,Belmonte Men Check Black Shirts,Topwear
58702,Women,Apparel,Topwear,Kurtas,Multi,Summer,2012.0,Ethnic,ALayna Women Multi Coloured Kurta,Topwear
33401,Women,Accessories,Wallets,Wallets,Green,Summer,2012.0,Casual,Baggit Women Border Mayur Green Wallet,Accessories
6873,Women,Apparel,Dress,Dresses,Black,Summer,2011.0,Casual,Forever New Women's Top Black Dress,Dress
32343,Men,Accessories,Watches,Watches,White,Winter,2016.0,Casual,Q&Q Men White Dial Watch,Accessories
21382,Men,Apparel,Bottomwear,Shorts,White,Fall,2011.0,Casual,Manchester United Men Solid White Shorts,Bottomwear
8480,Women,Apparel,Dress,Dresses,Cream,Fall,2011.0,Casual,Forever New Women Magnolia Cream Dress,Dress
26145,Men,Apparel,Bottomwear,Trousers,Navy Blue,Summer,2012.0,Formal,John Miller Men Striped Navy Blue Trousers,Bottomwear
36509,Women,Accessories,Bags,Handbags,Brown,Summer,2012.0,Casual,United Colors of Benetton Women Brown Handbag,Accessories
32460,Men,Apparel,Topwear,Tshirts,Blue,Summer,2012.0,Sports,ADIDAS Men Blue T-shirt,Topwear
42591,Women,Apparel,Dress,Dresses,Navy Blue,Summer,2012.0,Casual,United Colors of Benetton Women Navy Blue Dress,Dress
51602,Women,Apparel,Bottomwear,Jeans,Blue,Fall,2012.0,Casual,Wrangler Women Blue Molly Jeans,Bottomwear
18835,Men,Accessories,Belts,Belts,Brown,Summer,2011.0,Formal,Peter England Men Formal Brown Belt,Accessories
47091,Boys,Footwear,Flip Flops,Flip Flops,Yellow,Fall,2012.0,Casual,Marvel Boys Yellow and Orange Slippers,Shoes
10724,Women,Accessories,Bags,Handbags,Black,Winter,2015.0,Casual,Murcia Women Black Black Handbags,Accessories
38835,Women,Apparel,Dress,Dresses,Grey,Summer,2012.0,Casual,Latin Quarters Women Grey & Olive Printed Dress,Dress
23210,Women,Apparel,Topwear,Tops,Brown,Fall,2011.0,Ethnic,Aneri Women Sequin Brown Top,Topwear
21167,Women,Apparel,Topwear,Tops,Black,Fall,2011.0,Casual,s.Oliver Women Solid Black Top,Topwear
9839,Men,Apparel,Topwear,Tshirts,White,Fall,2011.0,Sports,Puma Men White Printed Punk Logo T-shirt,Topwear
27226,Women,Apparel,Dress,Dresses,Pink,Summer,2012.0,Casual,Doodle Kids Girl Printed Pink Dress,Dress
43509,Women,Apparel,Dress,Dresses,Grey Melange,Summer,2012.0,Casual,French Connection Women Grey Melange Dress,Dress
1999,Men,Apparel,Bottomwear,Track Pants,Grey,Fall,2010.0,Casual,Puma Men's Grey Track Pants,Bottomwear
16056,Men,Apparel,Bottomwear,Trousers,Beige,Fall,2011.0,Casual,Highlander Men Solid Beige Trouser,Bottomwear
5496,Men,Apparel,Topwear,Tshirts,Yellow,Summer,2011.0,Casual,Mr.Men Men's Cool Guy Lemon T-shirt,Topwear
45590,Men,Footwear,Shoes,Formal Shoes,Black,Summer,2013.0,Formal,Arrow Men Black Formal Shoes,Shoes
3059,Men,Apparel,Topwear,Tshirts,Brown,Summer,2011.0,Casual,Tantra Men's Super Heros Chocolate T-shirt,Topwear
20675,Men,Footwear,Shoes,Casual Shoes,Brown,Winter,2012.0,Casual,Buckaroo Men Brown Casual Shoes,Shoes
44694,Women,Apparel,Dress,Dresses,White,Summer,2012.0,Casual,Wills Lifestyle Women Multi Coloured Dress,Dress
32644,Men,Apparel,Bottomwear,Track Pants,Black,Summer,2012.0,Sports,Nike Men Knit Black Track Pants,Bottomwear
29166,Girls,Apparel,Dress,Dresses,Navy Blue,Summer,2012.0,Casual,United Colors of Benetton Girls Polka Dot Navy Blue Dress,Dress
3542,Men,Apparel,Bottomwear,Shorts,Black,Summer,2011.0,Sports,ADIDAS Men's Black Short,Bottomwear
22612,Men,Apparel,Topwear,Tshirts,Black,Fall,2011.0,Sports,Nike Men Black Jersey,Topwear
43508,Women,Apparel,Dress,Dresses,White,Summer,2012.0,Casual,French Connection Women Navy Blue Striped Dress,Dress
44925,Men,Apparel,Bottomwear,Trousers,Brown,Summer,2012.0,Casual,Jack & Jones Men Brown Jeans,Bottomwear
46893,Men,Apparel,Bottomwear,Jeans,Blue,Summer,2012.0,Casual,Locomotive Men Blue Jeans,Bottomwear
8121,Men,Accessories,Belts,Belts,Brown,Winter,2016.0,Casual,Fastrack Men Brown Belt,Accessories
33410,Women,Accessories,Wallets,Wallets,Purple,Summer,2012.0,Casual,Baggit Women Jewel Baby Purple Wallet,Accessories
4835,Men,Apparel,Bottomwear,Track Pants,Blue,Summer,2011.0,Sports,ADIDAS Men's Woven Steel Track Pant,Bottomwear
35663,Men,Footwear,Sandal,Sandals,Brown,Summer,2013.0,Casual,U.S. Polo Assn. Men Brown Sandals,Shoes
19671,Women,Apparel,Topwear,Tshirts,Olive,Summer,2011.0,Casual,United Colors of Benetton Women Printed Olive T-shirt,Topwear
47160,Men,Accessories,Belts,Belts,Brown,Summer,2012.0,Casual,Peter England Men Brown Belt,Accessories
14299,Men,Apparel,Topwear,Tshirts,Grey,Fall,2011.0,Casual,Classic Polo Men Printed pack of 3 Tshirts,Topwear
4983,Women,Apparel,Dress,Dresses,White,Summer,2011.0,Casual,Palm Tree Girl's Blenda White Pink Kidswear,Dress
39387,Men,Apparel,Bottomwear,Jeans,Blue,Summer,2012.0,Casual,Peter England Men Blue Jeans,Bottomwear
54226,Men,Apparel,Bottomwear,Trousers,Charcoal,Summer,2012.0,Casual,Highlander Men Charcoal Chinos,Bottomwear
26234,Men,Apparel,Topwear,Tshirts,Red,Summer,2012.0,Casual,Proline Men Red Printed T-shirt,Topwear
37581,Girls,Apparel,Bottomwear,Shorts,Green,Summer,2012.0,Casual,Madagascar 3 Girls Light Green Shorts,Bottomwear
24045,Men,Apparel,Topwear,Tshirts,Red,Fall,2011.0,Casual,Locomotive Men Printed Red T-shirt,Topwear
59994,Women,Apparel,Dress,Dresses,Black,Fall,2012.0,Formal,Avirate Black Formal Dress,Dress
25270,Women,Accessories,Bags,Handbags,Red,Summer,2012.0,Casual,Lino Perros Women Leatherite Red Handbag,Accessories
4898,Women,Apparel,Topwear,Tops,Green,Summer,2011.0,Casual,Levis Kids Girl's Desiree Green Teens Kidswear,Topwear
35709,Men,Footwear,Shoes,Sports Shoes,Grey,Summer,2012.0,Sports,Nike Men Grey Revolution MSL Sports Shoes,Shoes
26927,Women,Apparel,Dress,Dresses,Black,Summer,2012.0,Casual,Jealous 21 Women Black Dress,Dress
20906,Women,Footwear,Shoes,Heels,Red,Winter,2015.0,Casual,Catwalk Women Casual Red Heels,Shoes
42859,Women,Accessories,Bags,Handbags,Brown,Summer,2012.0,Casual,French Connection Women Brown Alexandra Handbag,Accessories
45150,Men,Accessories,Watches,Watches,Silver,Summer,2017.0,Casual,Casio Enticer Men Silver Analogue Watch MTP-1302D-7A2VDF(A488),Accessories
6987,Women,Apparel,Topwear,Tops,Blue,Summer,2011.0,Casual,s.Oliver Women's Sky Blue Top,Topwear
33738,Women,Accessories,Belts,Belts,Brown,Summer,2015.0,Casual,Pieces Women Brown Belt,Accessories
39860,Boys,Apparel,Topwear,Tshirts,Green,Summer,2012.0,Casual,Gini and Jony Boys Polo Green T-Shirt,Topwear
22309,Women,Footwear,Shoes,Heels,Gold,Winter,2012.0,Casual,Inc. 5 Women Casual Golden  Heels,Shoes
50947,Women,Apparel,Bottomwear,Jeans,Blue,Summer,2013.0,Casual,Lee Womens Blue Jeggings,Bottomwear
29606,Men,Apparel,Topwear,Tshirts,Red,Summer,2012.0,Casual,Indigo Nation Men Red Printed T-shirt,Topwear
17101,Women,Accessories,Wallets,Wallets,Blue,Winter,2015.0,Casual,Lino Perros Women Flower Blue Wallet,Accessories
27183,Men,Apparel,Bottomwear,Trousers,Charcoal,Summer,2012.0,Formal,Mark Taylor Men Striped Charcoal Trousers,Bottomwear
40542,Women,Accessories,Watches,Watches,Gold,Winter,2016.0,Casual,Titan Women Gold Watch,Accessories
11927,Women,Footwear,Shoes,Sports Shoes,White,Summer,2012.0,Sports,Skechers Women Tone White Sports Shoes,Shoes
39234,Women,Apparel,Dress,Dresses,White,Summer,2012.0,Casual,Femella Women White Panel Princess Dress,Dress
43627,Women,Apparel,Dress,Dresses,Green,Summer,2012.0,Casual,Vero Moda Green Printed Shift Dress,Dress
11950,Men,Footwear,Shoes,Casual Shoes,Beige,Summer,2012.0,Casual,Ganuchi Men Brown Shoes,Shoes
31447,Men,Apparel,Bottomwear,Shorts,Navy Blue,Summer,2012.0,Sports,Nike Men Running Navy Blue Shorts,Bottomwear
5002,Women,Apparel,Bottomwear,Shorts,Pink,Summer,2011.0,Casual,Gini and Jony Girl's Jolene Pink Kidswear,Bottomwear
54529,Men,Footwear,Shoes,Casual Shoes,Black,Fall,2012.0,Casual,F Sports Men Black Shoes,Shoes
34588,Women,Apparel,Dress,Dresses,Cream,Summer,2012.0,Casual,Tonga Women Cream Dress,Dress
19366,Men,Footwear,Shoes,Formal Shoes,Black,Winter,2018.0,Formal,Redtape Men Pontoise Black Formal Shoes,Shoes
54571,Women,Apparel,Topwear,Kurtas,Green,Summer,2012.0,Ethnic,Sushilas Women Printed Green Kurta,Topwear
26478,Men,Apparel,Topwear,Tshirts,Red,Summer,2012.0,Casual,Puma Men Graphic Red T-shirt,Topwear
50703,Women,Apparel,Topwear,Tops,Red,Summer,2012.0,Casual,Latin Quarters Women Red & Black Top,Topwear
22780,Women,Apparel,Topwear,Kurtas,Green,Summer,2011.0,Ethnic,BIBA Women Printed Green Kurta,Topwear
56821,Men,Apparel,Bottomwear,Shorts,Brown,Summer,2012.0,Casual,John Players Men Brown Shorts,Bottomwear
12538,Men,Apparel,Bottomwear,Track Pants,Blue,Fall,2011.0,Casual,Puma Men Solid Blue Track Pants,Bottomwear
38674,Men,Footwear,Shoes,Sports Shoes,White,Summer,2012.0,Sports,Nike Men Dual Fusion White Sports Shoes,Shoes
37936,Women,Apparel,Dress,Dresses,Orange,Summer,2012.0,Casual,Mineral Women Orange Dress,Dress
58001,Women,Apparel,Dress,Dresses,Black,Fall,2012.0,Casual,Latin Quarters Women Black Printed Dress,Dress
26722,Men,Apparel,Topwear,Tshirts,White,Summer,2012.0,Casual,Puma Men Fine Striped White T-shirt,Topwear
47655,Women,Apparel,Dress,Dresses,Grey,Summer,2012.0,Casual,Femella Women Grey Polka Dotted Dress,Dress
58418,Men,Apparel,Bottomwear,Jeans,Blue,Summer,2012.0,Casual,Levis Men Blue Jeans,Bottomwear
8962,Men,Footwear,Shoes,Casual Shoes,Black,Summer,2011.0,Casual,Numero Uno Men Black Canvas Shoe,Shoes
9112,Men,Footwear,Shoes,Sports Shoes,White,Fall,2011.0,Sports,Puma Men Exsis 2 White Sports Shoes,Shoes
6480,Men,Apparel,Topwear,Tshirts,Black,Summer,2011.0,Casual,ADIDAS Men's Logo Black T-shirt,Topwear
48374,Men,Apparel,Topwear,Shirts,Purple,Summer,2012.0,Casual,French Connection Men Purple & Black Striped Shirt,Topwear
42861,Women,Accessories,Bags,Handbags,Beige,Summer,2012.0,Casual,French Connection Women Beige Straw Bag,Accessories
59975,Women,Apparel,Dress,Dresses,Black,Fall,2012.0,Casual,Avirate Black & Purple Dress,Dress
36506,Women,Accessories,Bags,Handbags,Black,Summer,2012.0,Casual,United Colors of Benetton Women Black Bag,Accessories
25403,Unisex,Footwear,Shoes,Casual Shoes,Brown,Fall,2011.0,Casual,Converse Unisex Brown Big Checks  Casual Shoes,Shoes
20388,Women,Accessories,Bags,Handbags,Brown,Winter,2015.0,Casual,Baggit Women Brown Ishqiya Taj Handbag,Accessories
51438,Women,Apparel,Topwear,Tops,Off White,Summer,2012.0,Casual,Myntra Women Printed White Top,Topwear
52649,Women,Accessories,Bags,Handbags,Orange,Summer,2012.0,Casual,Mod'acc Women Orange Handbag,Accessories
14390,Women,Footwear,Shoes,Heels,Brown,Winter,2015.0,Casual,Catwalk Women Casual Brown Heels,Shoes
44584,Men,Apparel,Bottomwear,Jeans,Blue,Summer,2017.0,Casual,Lee Men Blue Brushed Jeans,Bottomwear
57051,Women,Apparel,Dress,Dresses,Multi,Summer,2012.0,Casual,Elle Women Multi Coloured Dress,Dress
3214,Men,Footwear,Flip Flops,Flip Flops,Blue,Fall,2010.0,Sports,Nike Men's Solarsoft Thong Blue Flip Flop,Shoes
10097,Men,Footwear,Shoes,Sports Shoes,White,Fall,2011.0,Sports,Reebok Men Reeflex Run White Sports Shoes,Shoes
13146,Women,Footwear,Shoes,Heels,Silver,Winter,2012.0,Casual,Inc 5 Women Casual Bronze Heels,Shoes
24016,Men,Apparel,Topwear,Tshirts,Navy Blue,Fall,2011.0,Casual,Locomotive Men Printed Navy Blue T-shirt,Topwear
11302,Women,Apparel,Bottomwear,Jeans,Blue,Fall,2011.0,Casual,Wrangler Women Blue Michelle Jeans,Bottomwear
44928,Men,Apparel,Topwear,Shirts,Red,Summer,2012.0,Casual,Jack & Jones Men Red Check Shirt,Topwear
14021,Men,Apparel,Bottomwear,Shorts,Black,Fall,2011.0,Sports,Nike Men Solid Black Shorts,Bottomwear
37135,Men,Apparel,Bottomwear,Trousers,Cream,Summer,2012.0,Casual,Wills Lifestyle Men Cream Trousers,Bottomwear
40754,Women,Footwear,Flip Flops,Flip Flops,White,Winter,2012.0,Casual,Roxy Women White Flip Flops,Shoes
42422,Women,Apparel,Topwear,Kurtas,Cream,Summer,2012.0,Ethnic,Aurelia Women Cream Kurta,Topwear
32840,Women,Footwear,Shoes,Heels,Blue,Winter,2012.0,Casual,Grendha Women Jola Cigana Blue Flats,Shoes
57037,Women,Apparel,Dress,Dresses,Blue,Summer,2012.0,Casual,Elle Women Blue Dress,Dress
32517,Men,Footwear,Sandal,Sandals,Brown,Summer,2013.0,Casual,Franco Leone Men Brown Sandals,Shoes
27759,Men,Accessories,Wallets,Wallets,Brown,Winter,2015.0,Casual,Bulchee Men Brown Wallet,Accessories
52123,Girls,Apparel,Dress,Dresses,Pink,Summer,2012.0,Casual,Doodle Girls Pink Printed Dress,Dress
58161,Women,Accessories,Wallets,Wallets,Black,Fall,2012.0,Casual,Rocky S Women Black Wallet,Accessories
38017,Women,Accessories,Watches,Watches,Blue,Winter,2016.0,Casual,Q&Q Women Blue Watch,Accessories
3864,Men,Apparel,Topwear,Tshirts,White,Summer,2011.0,Casual,Wrangler Men's Rodeo Sketch White T-shirt,Topwear
18894,Women,Apparel,Dress,Dresses,Black,Fall,2011.0,Casual,Arrow Woman Lida Black Dress,Dress
16492,Men,Apparel,Topwear,Tshirts,Blue,Fall,2011.0,Casual,Locomotive Men Printed Blue TShirt,Topwear
4551,Men,Footwear,Shoes,Sports Shoes,Black,Summer,2011.0,Sports,Nike Men's T-Lite 9 Leat Black Shoe,Shoes
40523,Men,Accessories,Watches,Watches,Black,Winter,2016.0,Casual,Titan Men Black Chronograph Watch,Accessories
59983,Women,Apparel,Dress,Dresses,Cream,Fall,2012.0,Casual,Avirate Cream & Olive Green Printed Dress,Dress
39320,Boys,Apparel,Bottomwear,Shorts,Navy Blue,Summer,2012.0,Casual,Gini and Jony Boys Navy Blue Shorts,Bottomwear
45866,Men,Footwear,Shoes,Casual Shoes,Black,Summer,2012.0,Casual,Numero Uno Men Black Shoes,Shoes
17031,Men,Footwear,Flip Flops,Flip Flops,Black,Spring,2013.0,Casual,Gas Men Black Wave Flip Flops,Shoes
50242,Women,Accessories,Bags,Handbags,Orange,Summer,2012.0,Casual,Stoln Women Orange Handbag,Accessories
43914,Women,Apparel,Bottomwear,Shorts,Blue,Summer,2012.0,Casual,Femella Women Blue Shorts,Bottomwear
42656,Women,Apparel,Topwear,Kurtas,White,Summer,2012.0,Ethnic,Alma Women White Printed Kurta,Topwear
17941,Men,Apparel,Topwear,Tshirts,Red,Fall,2011.0,Casual,Puma Men Polo Striped Jersey Red Tshirt,Topwear
18560,Women,Footwear,Shoes,Heels,Blue,Winter,2015.0,Casual,Catwalk Women Casual Blue Flats,Shoes
47650,Women,Apparel,Dress,Dresses,Black,Summer,2012.0,Casual,Femella Women Black Lace Dress,Dress
12828,Men,Apparel,Bottomwear,Jeans,Blue,Fall,2011.0,Casual,Spykar Men Washed Blue Jeans,Bottomwear
59995,Women,Apparel,Dress,Dresses,Black,Fall,2012.0,Party,Avirate Black Dress,Dress
48464,Women,Apparel,Dress,Dresses,Blue,Summer,2012.0,Casual,French Connection Blue & Black Printed Dress,Dress
25244,Women,Accessories,Bags,Handbags,Olive,Winter,2015.0,Casual,Lino Perros Women Casual Olive Handbags,Accessories
4879,Men,Apparel,Topwear,Tshirts,White,Summer,2016.0,Casual,Levis Kids Boy's Devon White Kidswear,Topwear
15684,Men,Apparel,Bottomwear,Trousers,Brown,Fall,2011.0,Casual,Highlander Men Classic Chinos Brown Trousers,Bottomwear
23262,Men,Accessories,Watches,Watches,Black,Winter,2016.0,Casual,Maxima Ssteele Men Black Watch,Accessories
27218,Men,Apparel,Bottomwear,Shorts,Blue,Summer,2012.0,Casual,Doodle Kids Boy Printed Blue Shorts,Bottomwear
45000,Men,Accessories,Watches,Watches,Grey,Winter,2016.0,Casual,Maxima Men Black Digital Watch,Accessories
11512,Women,Footwear,Shoes,Heels,Brown,Winter,2015.0,Casual,Catwalk Women Bronze Brown Wedges,Shoes
48086,Women,Apparel,Dress,Dresses,Navy Blue,Summer,2012.0,Casual,French Connection Navy Blue Dress,Dress
31350,Men,Apparel,Bottomwear,Jeans,Blue,Summer,2012.0,Casual,Locomotive Men Washed Blue Jeans,Bottomwear
38635,Men,Apparel,Topwear,Tshirts,Blue,Summer,2012.0,Casual,Nike Men Blue Cricket Chennai T-shirt,Topwear
14807,Women,Accessories,Bags,Handbags,Black,Summer,2011.0,Casual,United Colors of Benetton Women Solid Black Handbags,Accessories
57053,Women,Apparel,Dress,Dresses,Pink,Summer,2012.0,Casual,Elle Pink Vintage Dress,Dress
9029,Men,Footwear,Shoes,Casual Shoes,Brown,Winter,2011.0,Casual,Buckaroo Men Mairin Brown Casual Shoes,Shoes
59978,Women,Apparel,Dress,Dresses,Brown,Fall,2012.0,Casual,Avirate Brown & Grey Check Dress,Dress
46449,Women,Accessories,Watches,Watches,Silver,Winter,2016.0,Casual,Timex Women Silver-Toned Dial Watch J103,Accessories
7820,Men,Apparel,Topwear,Tshirts,Blue,Fall,2011.0,Casual,Proline Blue Polo T-shirt,Topwear
5095,Men,Apparel,Topwear,Tshirts,Blue,Summer,2011.0,Casual,Wrangler Men's Greensboro Raw Edge Blue T-shirt,Topwear
27630,Men,Apparel,Bottomwear,Trousers,Khaki,Summer,2012.0,Casual,Scullers Men Khaki Trousers,Bottomwear
18174,Girls,Apparel,Dress,Dresses,Lavender,Fall,2011.0,Casual,Doodle Kids Girls Party Frock Lavender Dress,Dress
41715,Women,Footwear,Shoes,Heels,Brown,Winter,2012.0,Casual,Catwalk Women Brown Wedges,Shoes
4302,Unisex,Apparel,Topwear,Tshirts,Orange,Summer,2011.0,Casual,Tantra Kid's Unisex Grandad Brick Orange Kidswear,Topwear
12367,Men,Apparel,Topwear,Shirts,White,Fall,2011.0,Formal,Reid & Taylor Men White Shirt,Topwear
1937,Women,Footwear,Shoes,Sports Shoes,Black,Fall,2010.0,Sports,Kalenji Women Black Pink Shoe,Shoes
2304,Men,Apparel,Topwear,Tshirts,Red,Summer,2011.0,Sports,Nike Men's Manchester United Red T-shirt,Topwear
15150,Men,Apparel,Topwear,Shirts,Red,Fall,2011.0,Casual,Arrow Sport Men Stripes Blue Shirts,Topwear
19904,Women,Footwear,Shoes,Flats,Pink,Fall,2011.0,Casual,Lotto Women Virtue Pink Sandal,Shoes
18815,Unisex,Accessories,Wallets,Wallets,Olive,Summer,2011.0,Casual,Peter England Unisex Casual Olive Wallet,Accessories
18013,Women,Accessories,Belts,Belts,Tan,Winter,2015.0,Casual,Lino Perros Women Solid Tan Belt,Accessories
33861,Women,Footwear,Shoes,Flats,White,Summer,2012.0,Casual,Puma Women Cross White Sandals,Shoes
20869,Men,Footwear,Sandal,Sandals,Brown,Fall,2011.0,Casual,Fila Men Camper Brown Sandals,Shoes
46290,Men,Footwear,Shoes,Sports Shoes,Black,Summer,2012.0,Sports,ADIDAS Men Black Hangkok Sports Shoes,Shoes
22117,Men,Footwear,Shoes,Casual Shoes,Brown,Fall,2011.0,Casual,Reebok Men Pro Legacy Brown Casual Shoes,Shoes
3376,Women,Footwear,Shoes,Sports Shoes,Black,Spring,2012.0,Sports,Asics Women Gel Technology Active Black White Pink Shoe,Shoes
51652,Men,Accessories,Watches,Watches,Black,Winter,2016.0,Casual,Fossil Men Black Dial Chronograph Watch FS4552,Accessories
27228,Women,Apparel,Dress,Dresses,Pink,Summer,2012.0,Casual,Doodle Kids Girl Printed Pink Dress,Dress
27021,Women,Apparel,Bottomwear,Jeans,Blue,Summer,2012.0,Casual,Jealous 21 Women Blue Jeans,Bottomwear
17105,Women,Accessories,Wallets,Wallets,Red,Winter,2015.0,Casual,Lino Perros Women Small  Red Wallet,Accessories
47127,Women,Accessories,Bags,Handbags,Pink,Summer,2015.0,Casual,Be For Bag Women Pink Tote Bag,Accessories
24858,Men,Apparel,Topwear,Shirts,White,Summer,2011.0,Formal,Mark Taylor Men White Striped Shirt,Topwear
54338,Women,Apparel,Topwear,Tops,Blue,Summer,2012.0,Casual,Femella Women Blue Top,Topwear
7179,Women,Apparel,Bottomwear,Jeans,Blue,Fall,2011.0,Casual,Jealous 21 Women Blue Jegging,Bottomwear
13164,Men,Footwear,Shoes,Sports Shoes,Black,Fall,2011.0,Sports,Skechers Men Diamondback Black Sports Shoes,Shoes
53749,Women,Apparel,Bottomwear,Track Pants,Black,Summer,2012.0,Casual,ADIDAS Women Black Track Pant,Bottomwear
45916,Men,Accessories,Watches,Watches,Black,Winter,2016.0,Casual,Maxima Men Black Dial Watch,Accessories
15339,Women,Apparel,Bottomwear,Shorts,Grey,Fall,2011.0,Sports,Nike Women Solid Grey Shorts,Bottomwear
47196,Men,Footwear,Sandal,Sandals,Brown,Summer,2012.0,Casual,Franco Leone Men Brown Sandals,Shoes
45132,Men,Accessories,Watches,Watches,White,Winter,2016.0,Casual,Casio Enticer Men White Dial Analogue Watch MTP-1216A-7BDF(A357),Accessories
36992,Women,Accessories,Bags,Handbags,Grey,Summer,2012.0,Casual,Lino Perros Women Grey Handbag,Accessories
5204,Men,Apparel,Topwear,Tshirts,Grey,Summer,2011.0,Casual,Mickey Men's Crew Dark Grey T-shirt,Topwear
21886,Women,Apparel,Topwear,Kurtas,Pink,Fall,2011.0,Ethnic,BIBA Women Printed Pink Kurta,Topwear
42669,Women,Apparel,Topwear,Kurtas,Black,Summer,2012.0,Ethnic,Alma Women Black & White Kurta,Topwear
44902,Men,Apparel,Bottomwear,Shorts,Black,Summer,2012.0,Casual,Puma Men  Black Shorts,Bottomwear
42663,Women,Apparel,Topwear,Kurtas,Cream,Summer,2012.0,Ethnic,Alma Women Cream Printed Kurta,Topwear
33201,Women,Apparel,Dress,Dresses,Cream,Summer,2012.0,Casual,Sepia Women Cream Dress,Dress
12287,Men,Apparel,Bottomwear,Trousers,Black,Fall,2011.0,Formal,Genesis Men Solid Black Trousers,Bottomwear
15264,Women,Footwear,Shoes,Casual Shoes,Black,Fall,2011.0,Casual,ADIDAS Originals Women Ulama Black Casual Shoes,Shoes
52647,Women,Accessories,Bags,Handbags,Black,Summer,2012.0,Casual,Mod'acc Women Black Handbag,Accessories
15969,Men,Apparel,Topwear,Shirts,Black,Fall,2011.0,Casual,Turtle Check Men Black Shirt,Topwear
28561,Men,Apparel,Topwear,Tshirts,Black,Summer,2012.0,Casual,Nike Men Neon Black T-shirt,Topwear
58275,Women,Accessories,Bags,Handbags,Pink,Summer,2012.0,Casual,Baggit Women Pink Sling Bag,Accessories
10108,Women,Accessories,Watches,Watches,Steel,Winter,2016.0,Casual,Fastrack Women Denim Analogue Steel Watches,Accessories
33448,Women,Accessories,Wallets,Wallets,Purple,Summer,2012.0,Casual,Baggit Women Karma Babylon Purple Wallet,Accessories
16009,Men,Apparel,Topwear,Tshirts,Blue,Fall,2011.0,Casual,Turtle Stripes Men Blue TShirt,Topwear
30616,Women,Apparel,Bottomwear,Track Pants,Black,Summer,2012.0,Sports,Nike Women Black Track Pants,Bottomwear
54959,Boys,Apparel,Topwear,Tshirts,Blue,Summer,2012.0,Casual,Do u speak green Boys Blue T-shirt,Topwear
24178,Men,Footwear,Flip Flops,Flip Flops,Black,Fall,2011.0,Casual,Converse Men Arrow  Black Flip Flops,Shoes
41018,Men,Accessories,Belts,Belts,Brown,Summer,2012.0,Casual,Lee Men Brown Leather Belt,Accessories
19999,Men,Apparel,Topwear,Tshirts,Black,Summer,2011.0,Casual,United Colors of Benetton Men Solid Black TShirt,Topwear
59979,Women,Apparel,Dress,Dresses,Multi,Fall,2012.0,Casual,Avirate Multicoloured Dress,Dress
10270,Women,Footwear,Shoes,Flats,Silver,Fall,2012.0,Casual,Clarks Women Shona Fringe Leather Silver Flats,Shoes
6278,Men,Apparel,Topwear,Tshirts,White,Summer,2011.0,Casual,UCB Men's Saxophone White T-shirt,Topwear
25503,Girls,Apparel,Dress,Dresses,Black,Fall,2011.0,Casual,Doodle Kids Girls Polka Dot Black Dress,Dress
4108,Men,Footwear,Sandal,Sandals,Navy Blue,Summer,2012.0,Casual,Fila Men Aruba Navy Grey Sandal,Shoes
59967,Women,Apparel,Dress,Dresses,Black,Fall,2012.0,Party,Avirate Women Black Dress,Dress
35442,Girls,Apparel,Topwear,Tops,White,Summer,2012.0,Casual,Doodle Girls Printed White Top,Topwear
43196,Women,Accessories,Watches,Watches,White,Winter,2016.0,Casual,Fastrack Women White Dial Watch,Accessories
10183,Women,Footwear,Shoes,Casual Shoes,White,Fall,2011.0,Casual,Puma Women Future Cat Ballistic Jr White Casual Shoes,Shoes
37489,Women,Accessories,Watches,Watches,Black,Winter,2016.0,Casual,Esprit Women Black Watch,Accessories
25971,Women,Apparel,Dress,Dresses,Black,Summer,2012.0,Casual,Femella Women Black Dress,Dress
45882,Men,Accessories,Watches,Watches,White,Winter,2016.0,Casual,Maxima Men White Dial Watch,Accessories
12673,Men,Apparel,Bottomwear,Trousers,Beige,Fall,2011.0,Casual,Probase Men Solid Beige Cargos,Bottomwear
14032,Men,Apparel,Topwear,Tshirts,Black,Fall,2011.0,Sports,Nike Men Printed Black Tshirts,Topwear
46406,Men,Apparel,Topwear,Tshirts,Green,Summer,2012.0,Casual,ADIDAS Men Green Printed T-shirt,Topwear
4576,Men,Footwear,Shoes,Sports Shoes,Grey,Summer,2011.0,Sports,Nike Men's Incinera Grey Shoe,Shoes
26243,Men,Apparel,Bottomwear,Shorts,Grey Melange,Summer,2012.0,Sports,Proline Grey Melange Shorts,Bottomwear
52125,Girls,Apparel,Dress,Dresses,Pink,Summer,2012.0,Casual,Doodle Girls Pink Printed Dress,Dress
39716,Women,Apparel,Dress,Dresses,Blue,Summer,2012.0,Casual,Arrow Woman Women Blue Dress,Dress
4088,Men,Apparel,Topwear,Tshirts,Purple,Summer,2011.0,Casual,Classic Polo Men's Purple With Black White Stripes T-shirt,Topwear
26050,Men,Apparel,Topwear,Shirts,Blue,Summer,2012.0,Formal,John Miller Men Striped Blue Shirt,Topwear
16820,Men,Apparel,Bottomwear,Jeans,Blue,Fall,2011.0,Casual,Locomotive Men Washed Blue Jeans,Bottomwear
16829,Women,Apparel,Topwear,Tshirts,Blue,Fall,2011.0,Casual,Little Miss Women Printed Blue T-shirt,Topwear
28659,Men,Footwear,Shoes,Sports Shoes,Grey,Summer,2012.0,Sports,Nike Men Air Max Grey Sports Shoes,Shoes
43634,Women,Apparel,Dress,Dresses,Beige,Summer,2012.0,Casual,Vero Moda Women Beige Dress,Dress
14592,Men,Accessories,Belts,Belts,Brown,Summer,2011.0,Casual,United Colors of Benetton Men Printed Brown Belts,Accessories
35989,Women,Apparel,Dress,Dresses,Black,Summer,2012.0,Casual,Flying Machine Women Cotton Black Dress,Dress
44663,Women,Apparel,Bottomwear,Trousers,Brown,Summer,2012.0,Formal,Wills Lifestyle Women Brown Trousers,Bottomwear
26826,Men,Apparel,Bottomwear,Trousers,Black,Summer,2012.0,Casual,Highlander Men Black Trousers,Bottomwear
6295,Unisex,Footwear,Flip Flops,Flip Flops,Black,Summer,2011.0,Casual,Puma Unisex Matrix Black Flip Flop,Shoes
27224,Women,Apparel,Dress,Dresses,White,Summer,2012.0,Casual,Doodle Kids Girl Printed White Dress,Dress
10816,Men,Apparel,Topwear,Shirts,Red,Fall,2011.0,Casual,Wrangler Men Country Eagle Red Shirt,Topwear
48527,Men,Footwear,Flip Flops,Flip Flops,Navy Blue,Fall,2012.0,Casual,Calvin Klein Men Flip Flops,Shoes
37871,Men,Accessories,Wallets,Wallets,Black,Summer,2012.0,Casual,Hidekraft Men Black Wallet,Accessories
24677,Men,Accessories,Belts,Belts,Brown,Winter,2016.0,Casual,Fastrack Men Leatherette Brown Belt,Accessories
52155,Women,Apparel,Dress,Dresses,Purple,Summer,2012.0,Casual,Femella Women Purple Color Block Dress,Dress
36892,Men,Accessories,Belts,Belts,Black,Summer,2012.0,Casual,Fossil Men Black Phoenix Belt,Accessories
4766,Men,Apparel,Topwear,Tshirts,White,Summer,2011.0,Sports,ADIDAS Men's Barr White T-shirt,Topwear
15673,Men,Apparel,Bottomwear,Jeans,Blue,Fall,2011.0,Casual,Highlander Men High Original Blue Jeans,Bottomwear
15077,Women,Apparel,Topwear,Kurtas,White,Fall,2011.0,Ethnic,Mother Earth Women Printed White Kurtas,Topwear
43228,Women,Accessories,Bags,Handbags,Brown,Summer,2012.0,Casual,United Colors of Benetton Women Brown Swede Finish Handbag,Accessories
51499,Women,Apparel,Bottomwear,Jeans,Blue,Summer,2012.0,Casual,Denizen Women Blue Jeans,Bottomwear
38636,Men,Apparel,Topwear,Tshirts,Blue,Summer,2012.0,Casual,Nike Men Blue Cricket Tee T-shirt,Topwear
54652,Women,Accessories,Watches,Watches,Black,Winter,2016.0,Casual,Fastrack Women Black Dial Watch N6037SL02,Accessories
30083,Women,Accessories,Watches,Watches,Silver,Winter,2016.0,Casual,Ed Hardy Women Silver Dial Watch,Accessories
41276,Men,Accessories,Wallets,Wallets,Black,Summer,2012.0,Casual,Arrow Men Black Leather Wallet,Accessories
21672,Men,Accessories,Watches,Watches,Black,Winter,2016.0,Casual,Fossil Men Black Dial Chronograph Watch CH2619,Accessories
34114,Girls,Apparel,Dress,Dresses,Blue,Summer,2012.0,Casual,Doodle Girls Printed Blue Dress,Dress
47203,Men,Footwear,Shoes,Formal Shoes,Brown,Summer,2012.0,Formal,Franco Leone Men Brown Formal Shoes,Shoes
57990,Women,Apparel,Dress,Dresses,Pink,Fall,2012.0,Casual,Latin Quarters Women Pink Dress,Dress
48471,Women,Apparel,Dress,Dresses,Purple,Summer,2012.0,Casual,French Connection Purple Dress,Dress
51487,Men,Apparel,Bottomwear,Trousers,Black,Summer,2012.0,Casual,Denizen Men Black Trousers,Bottomwear
8486,Women,Apparel,Dress,Dresses,Blue,Fall,2011.0,Casual,Forever New Women Butterbean Blue Dress,Dress
37483,Women,Accessories,Watches,Watches,White,Winter,2016.0,Casual,Esprit Women White Dial Watch,Accessories
58002,Women,Apparel,Dress,Dresses,Green,Fall,2012.0,Casual,Latin Quarters Women Green Printed Dress,Dress
21954,Women,Accessories,Bags,Handbags,Black,Winter,2015.0,Casual,Murcia Women Casual Black Handbag,Accessories
45355,Women,Footwear,Shoes,Heels,Beige,Summer,2016.0,Casual,Cobblerz Women Beige Sandals,Shoes
1547,Men,Footwear,Shoes,Casual Shoes,Black,Fall,2010.0,Casual,Puma Men's Ducati Sneaker,Shoes
28604,Men,Footwear,Shoes,Sports Shoes,Black,Summer,2012.0,Casual,Nike Men Dunk High Black Shoes,Shoes
45871,Men,Accessories,Watches,Watches,Steel,Winter,2016.0,Casual,Maxima Men Steel Dial Watch,Accessories
8485,Women,Apparel,Dress,Dresses,Black,Fall,2011.0,Casual,Forever New Women Porcelain Black Dress,Dress
9913,Unisex,Accessories,Bags,Handbags,Black,Fall,2011.0,Casual,Puma Unisex Dizzy Shopper Black Bags,Accessories
22858,Men,Footwear,Shoes,Casual Shoes,Brown,Summer,2016.0,Casual,Woodland Men Camel Casual Shoes,Shoes
30415,Men,Apparel,Bottomwear,Jeans,Blue,Summer,2012.0,Casual,Deni Yo Men Slim Fit Washed Blue Jeans,Bottomwear
29264,Men,Footwear,Shoes,Sports Shoes,Black,Summer,2012.0,Sports,ADIDAS Men Adizero Black Sports Shoes,Shoes
24738,Women,Accessories,Bags,Handbags,Beige,Winter,2015.0,Casual,Murcia Women Leatherite Beige Bag,Accessories
44944,Women,Apparel,Dress,Dresses,Navy Blue,Fall,2012.0,Casual,United Colors of Benetton Women Navy Blue Dress,Dress
50169,Women,Footwear,Shoes,Heels,Brown,Winter,2012.0,Casual,Rocia Women Brown & Black Heels,Shoes
38766,Girls,Apparel,Bottomwear,Shorts,Pink,Summer,2012.0,Casual,Gini and Jony Girls Pink Shorts,Bottomwear
38825,Women,Apparel,Topwear,Tops,Magenta,Summer,2012.0,Casual,Latin Quarters Women Magenta & Brown Check Top,Topwear
26995,Women,Apparel,Bottomwear,Jeans,Blue,Summer,2012.0,Casual,Jealous 21 Women Washed Light Blue Jeans,Bottomwear
44815,Women,Apparel,Bottomwear,Jeans,Blue,Summer,2012.0,Casual,Spykar Women Blue Jeans,Bottomwear
6579,Men,Apparel,Bottomwear,Shorts,Navy Blue,Fall,2012.0,Sports,Nike Men Woven Navy Blue 3/4 Pants,Bottomwear
56411,Men,Footwear,Sandal,Sandals,Brown,Spring,2013.0,Casual,GAS Men Brown Savana Sandals,Shoes
26594,Men,Footwear,Shoes,Sports Shoes,White,Summer,2012.0,Sports,Puma Men Jago Ripstop White Sports Shoes,Shoes
2714,Boys,Apparel,Topwear,Tshirts,Red,Summer,2011.0,Casual,Disney Kids Boy's Red Goofy Surf Kidswear,Topwear
26994,Women,Apparel,Bottomwear,Jeans,Black,Summer,2012.0,Casual,Jealous 21 Women Black Jeans,Bottomwear
57520,Men,Footwear,Shoes,Casual Shoes,Brown,Fall,2012.0,Casual,Provogue Men Brown Casual Shoes,Shoes
54404,Women,Accessories,Wallets,Wallets,Olive,Fall,2012.0,Casual,Baggit Women Olive Wallet,Accessories
2702,Girls,Apparel,Topwear,Shirts,Blue,Summer,2011.0,Casual,Disney Kids Girl's Blue Check Kidswear Shirt,Topwear
27672,Women,Accessories,Bags,Handbags,Brown,Winter,2015.0,Casual,Murcia Women Brown Handbag,Accessories
53941,Women,Accessories,Bags,Handbags,Grey,Summer,2012.0,Casual,Kiara Women Grey Handbag,Accessories
44681,Women,Apparel,Dress,Dresses,White,Summer,2012.0,Casual,Wills Lifestyle Women White Dress,Dress
30636,Women,Apparel,Bottomwear,Shorts,Blue,Summer,2012.0,Sports,Nike Women Printed Tempo Blue Shorts,Bottomwear
40075,Men,Apparel,Topwear,Tshirts,Black,Summer,2012.0,Sports,ADIDAS Men Black Jersey,Topwear
14286,Men,Apparel,Bottomwear,Trousers,Grey,Fall,2011.0,Formal,Belmonte Men Solid Trouser Grey Trousers,Bottomwear
6320,Men,Apparel,Topwear,Shirts,Grey,Summer,2011.0,Casual,UCB Men Small Checks Yellow Shirt,Topwear
19351,Men,Footwear,Shoes,Casual Shoes,Navy Blue,Summer,2012.0,Casual,Numero Uno Men Navy Blue Shoes,Shoes
7172,Men,Apparel,Topwear,Shirts,Navy Blue,Fall,2011.0,Casual,Scullers Men Navy Blue Check Shirt,Topwear
5413,Girls,Apparel,Topwear,Tops,Pink,Summer,2011.0,Casual,Ant Kids Girl's Pink White Check Top Kidswear,Topwear
33266,Girls,Apparel,Topwear,Tops,Teal,Summer,2012.0,Casual,Gini and Jony Girls Teal Top,Topwear
13115,Men,Footwear,Shoes,Casual Shoes,Black,Fall,2011.0,Casual,Numero Uno Men Casual Black Casual Shoes,Shoes
31130,Girls,Apparel,Dress,Dresses,Pink,Summer,2012.0,Casual,Gini and Jony Girls Printed Pink Dress,Dress
41565,Women,Apparel,Dress,Dresses,Blue,Summer,2012.0,Casual,AND Women Blue Dress,Dress
28564,Men,Apparel,Topwear,Tshirts,Black,Summer,2012.0,Casual,Nike Men Air Bags Black T-shirt,Topwear
46420,Men,Accessories,Watches,Watches,Cream,Winter,2016.0,Casual,Timex Men Cream Dial Chronograph Watch,Accessories
6924,Men,Apparel,Topwear,Tshirts,Black,Summer,2011.0,Sports,Asics Men's Running Graphic Black Grey T-shirt,Topwear
34095,Girls,Apparel,Dress,Dresses,Off White,Summer,2012.0,Casual,Doodle Girls Printed Multi Coloured Dress,Dress
15902,Unisex,Footwear,Flip Flops,Flip Flops,Purple,Fall,2011.0,Casual,Warner Bros Kids Unisex TJ Cheese Flops Purple Slippers,Shoes
26519,Men,Apparel,Bottomwear,Shorts,Navy Blue,Spring,2012.0,Casual,Arrow Sport Men Navy Blue Check Shorts,Bottomwear
57143,Women,Apparel,Topwear,Tshirts,White,Summer,2012.0,Casual,Elle Women White T-shirt,Topwear
13943,Men,Apparel,Topwear,Shirts,Brown,Summer,2011.0,Casual,United Colors of Benetton Men Solid Brown Shirts,Topwear
34064,Girls,Apparel,Dress,Dresses,Blue,Summer,2012.0,Casual,Gini and Jony Girls Printed Teal Dress,Dress
16567,Women,Apparel,Dress,Dresses,Red,Fall,2011.0,Casual,AND by Anita Dongre Women Printed Red Dresses,Dress
25251,Women,Accessories,Bags,Handbags,Orange,Summer,2012.0,Casual,Lino Perros Women Leatherette Orange Handbag,Accessories
46216,Women,Apparel,Dress,Dresses,Pink,Summer,2012.0,Casual,AND Women Pink Dress,Dress
10130,Women,Accessories,Watches,Watches,Steel,Winter,2016.0,Casual,Esprit Women Pure E-Ffect Black Steel Watches,Accessories
17927,Men,Apparel,Bottomwear,Track Pants,Black,Fall,2011.0,Sports,Nike Men Trainng Black Track Pant,Bottomwear
39227,Women,Apparel,Dress,Dresses,Purple,Summer,2012.0,Casual,Femella Women Purple Tiered Dress,Dress
34113,Girls,Apparel,Dress,Dresses,Pink,Summer,2012.0,Casual,Doodle Girls Printed Pink Dress,Dress
7182,Women,Apparel,Bottomwear,Track Pants,Blue,Fall,2011.0,Casual,Jealous 21 Women Dark Blue Jegging,Bottomwear
7695,Women,Apparel,Bottomwear,Track Pants,Red,Fall,2011.0,Casual,Urban Yoga Women's Bij Red Track Pant,Bottomwear
53882,Men,Footwear,Flip Flops,Flip Flops,White,Summer,2012.0,Casual,U.S. Polo Assn. Men White Flip Flops,Shoes
58492,Women,Apparel,Dress,Dresses,Olive,Fall,2012.0,Casual,Tonga Women Olive Dress,Dress
51631,Women,Accessories,Watches,Watches,Silver,Winter,2016.0,Casual,FOSSIL Women Silver-Toned Dial Watch ES2880,Accessories
45757,Women,Apparel,Topwear,Kurtas,Red,Summer,2012.0,Ethnic,Folklore Women Red Kurta,Topwear
40412,Women,Apparel,Dress,Dresses,Pink,Summer,2012.0,Casual,Tonga Women Plum Dress,Dress
7403,Men,Footwear,Shoes,Casual Shoes,Brown,Winter,2018.0,Casual,Red Tape Men Slip-On Brown Shoes,Shoes
49900,Unisex,Accessories,Watches,Watches,White,Winter,2016.0,Casual,Q&Q Kids Unisex White Dial Watch,Accessories
36203,Boys,Apparel,Bottomwear,Shorts,Beige,Summer,2012.0,Casual,Gini Jony Boys Beige Shorts,Bottomwear
12945,Men,Apparel,Topwear,Shirts,Brown,Fall,2011.0,Casual,Basics Men Brown Slim Fit Shirt,Topwear
37324,Women,Accessories,Watches,Watches,White,Winter,2016.0,Casual,CASIO Sheen Women White Dial Chronograph Watch SX033 SHE-5514D-7ADR,Accessories
41352,Women,Apparel,Bottomwear,Jeans,Black,Summer,2012.0,Casual,Wrangler Women Classics Jeans,Bottomwear
6564,Men,Apparel,Bottomwear,Shorts,Blue,Summer,2011.0,Sports,Nike Men's Woven Blue Short,Bottomwear
32278,Men,Footwear,Shoes,Sports Shoes,Black,Summer,2012.0,Sports,ADIDAS Men Adipower Barricade Black Sports Shoes,Shoes
58926,Women,Accessories,Bags,Handbags,Multi,Summer,2012.0,Casual,Ivory Tag Multi Coloured Vintage Patched Handbag,Accessories
7085,Women,Accessories,Bags,Wallets,Pink,Winter,2015.0,Casual,Wildcraft Women Pink Printed Wallet,Accessories
14846,Men,Accessories,Wallets,Wallets,Coffee Brown,Summer,2011.0,Casual,United Colors of Benetton Men Solid Coffee Brown Wallets,Accessories
11348,Men,Apparel,Bottomwear,Jeans,Navy Blue,Summer,2017.0,Casual,Lee Men Navy Blue Powell Fit Jeans,Bottomwear
48393,Men,Apparel,Bottomwear,Jeans,Navy Blue,Summer,2012.0,Casual,French Connection Navy Washed Skinny Stretchable Jeans,Bottomwear
32467,Men,Apparel,Topwear,Tshirts,White,Summer,2012.0,Casual,ADIDAS Men Almighty Zeus White T-shirt,Topwear
46567,Men,Accessories,Watches,Watches,White,Winter,2016.0,Casual,Timex Men White Dial Watch,Accessories
15682,Men,Apparel,Bottomwear,Trousers,Beige,Fall,2011.0,Casual,Highlander Men Classic Chinosdk.Cream Trousers,Bottomwear
55640,Women,Footwear,Shoes,Heels,Silver,Winter,2015.0,Casual,Catwalk Women Silver Heels,Shoes
46017,Women,Apparel,Topwear,Kurtas,Orange,Summer,2012.0,Ethnic,Fabindia Women Orange Printed Kurta,Topwear
31552,Men,Footwear,Shoes,Casual Shoes,Black,Winter,2016.0,Casual,Woodland Men Black Casual Shoes,Shoes
7892,Men,Apparel,Bottomwear,Shorts,Grey,Fall,2011.0,Casual,Proline Men Grey & White Checked Shorts,Bottomwear
37766,Men,Apparel,Topwear,Shirts,Orange,Summer,2012.0,Casual,John Players Men Check Orange Shirt,Topwear
22987,Men,Apparel,Bottomwear,Shorts,Grey,Summer,2016.0,Sports,2go Active Gear USA Men Grey Ted Shorts,Bottomwear
36310,Boys,Apparel,Topwear,Tshirts,Yellow,Summer,2012.0,Casual,Mr.Men Boys Blazing Yellow T-shirt,Topwear
16610,Men,Apparel,Bottomwear,Trousers,Black,Fall,2011.0,Formal,Genesis Men Solid Black Trouser,Bottomwear
14074,Women,Apparel,Topwear,Tshirts,White,Fall,2011.0,Casual,Flying Machine Women Solid White Polo Tshirts,Topwear
28143,Men,Apparel,Bottomwear,Shorts,Navy Blue,Fall,2016.0,Casual,Jockey 24 x 7 Men Navy Blue Knit Sport Shorts 9426,Bottomwear
57254,Women,Accessories,Bags,Handbags,Red,Summer,2012.0,Casual,Murcia Women Red Handbag,Accessories
25324,Men,Accessories,Watches,Watches,Black,Winter,2016.0,Casual,Casio Edifice Men Silver Analogue Watches (ED418) EF-130D-1A4VDF,Accessories
16518,Men,Apparel,Bottomwear,Jeans,Blue,Fall,2011.0,Casual,Locomotive Men Washed Blue Jeans,Bottomwear
4832,Men,Apparel,Bottomwear,Track Pants,Yellow,Summer,2011.0,Sports,ADIDAS Men's Shale Yellow Track Pant,Bottomwear
18198,Men,Apparel,Bottomwear,Trousers,Blue,Fall,2011.0,Casual,Highlander Men Solid Blue Trouser,Bottomwear
46749,Men,Apparel,Bottomwear,Track Pants,Blue,Summer,2012.0,Sports,Nike Men Blue Track Pants,Bottomwear
34015,Girls,Apparel,Dress,Dresses,Magenta,Summer,2012.0,Casual,Gini and Jony Girls Pink Dress,Dress
53776,Men,Apparel,Bottomwear,Shorts,Green,Summer,2012.0,Casual,Puma Men Green Shorts,Bottomwear
24018,Men,Apparel,Topwear,Tshirts,Blue,Fall,2011.0,Casual,Locomotive Men Printed Blue T-shirt,Topwear
10676,Women,Apparel,Topwear,Tops,Red,Fall,2011.0,Casual,Doodle Girl Bubbles Red Tops,Topwear
52622,Women,Accessories,Bags,Handbags,Purple,Summer,2012.0,Casual,Mod-acc Women Purple Handbag,Accessories
10181,Women,Accessories,Watches,Watches,Black,Winter,2016.0,Casual,Puma Women Pliancy Black Watches,Accessories
57523,Men,Footwear,Shoes,Casual Shoes,Grey,Summer,2012.0,Casual,Provogue Men Grey Casual Shoes,Shoes
28451,Women,Apparel,Bottomwear,Track Pants,Black,Summer,2012.0,Casual,Urban Yoga Women Black Track Pants,Bottomwear
44265,Men,Accessories,Wallets,Wallets,Black,Summer,2012.0,Casual,Hidekraft Men Black Wallet,Accessories
36516,Men,Accessories,Belts,Belts,Beige,Summer,2012.0,Casual,United Colors of Benetton Men Beige Belt,Accessories
43920,Women,Apparel,Dress,Dresses,Cream,Summer,2012.0,Casual,Femella Women Cream Printed Dress,Dress
40548,Women,Accessories,Watches,Watches,White,Winter,2016.0,Casual,Titan Women White Dial Watch,Accessories
5008,Women,Apparel,Dress,Dresses,Blue,Summer,2011.0,Casual,Gini and Jony Girl's Salome Blue Kidswear,Dress
55618,Men,Footwear,Shoes,Casual Shoes,Black,Summer,2012.0,Casual,Numero Uno Men Black Shoes,Shoes
12008,Men,Apparel,Topwear,Shirts,Green,Fall,2011.0,Formal,Mark Taylor Men Green Striped Shirt,Topwear
16515,Men,Apparel,Bottomwear,Jeans,Blue,Fall,2011.0,Casual,Locomotive Men Washed Blue Jeans,Bottomwear
9672,Men,Apparel,Bottomwear,Shorts,Black,Fall,2011.0,Casual,ADIDAS Men Addi Black Shorts,Bottomwear
51394,Men,Apparel,Bottomwear,Shorts,Red,Summer,2012.0,Casual,Myntra Men Red Check Shorts,Bottomwear
48151,Women,Accessories,Wallets,Wallets,Red,Winter,2016.0,Casual,Fossil Women Red Wallet,Accessories
24753,Women,Apparel,Bottomwear,Jeans,Blue,Fall,2012.0,Casual,Spykar Women Blue Slim Fit Jeans,Bottomwear
42250,Women,Apparel,Topwear,Tops,Grey,Summer,2012.0,Casual,Sepia Women Grey Tops,Topwear
26139,Men,Apparel,Bottomwear,Trousers,Grey,Summer,2012.0,Formal,John Miller Men Grey Trousers,Bottomwear
10741,Unisex,Footwear,Flip Flops,Flip Flops,Yellow,Winter,2012.0,Casual,Disney Unisex Kids Mickey Mouse Yellow Flip Flops,Shoes
27624,Men,Apparel,Bottomwear,Shorts,Cream,Summer,2012.0,Casual,Scullers Men Cream Shorts,Bottomwear
51585,Women,Apparel,Bottomwear,Jeans,Navy Blue,Summer,2012.0,Casual,Wrangler Women Navy Blue Giselle Jeans,Bottomwear
27924,Women,Apparel,Bottomwear,Trousers,Beige,Summer,2012.0,Casual,Scullers For Her Beige Trousers,Bottomwear
12239,Men,Apparel,Topwear,Shirts,Black,Fall,2011.0,Formal,Genesis Men Stripes Black Shirts,Topwear
43677,Women,Apparel,Dress,Dresses,Navy Blue,Summer,2012.0,Casual,French Connection Navy Blue Dress,Dress
7416,Women,Apparel,Topwear,Kurtas,White,Summer,2011.0,Ethnic,W Women V Neck Solid Short Sleeve White Kurta,Topwear
15217,Men,Accessories,Belts,Belts,Black,Summer,2011.0,Casual,United Colors of Benetton Solid Belt,Accessories
51396,Men,Apparel,Bottomwear,Shorts,Navy Blue,Summer,2012.0,Casual,Myntra Men Navy Blue Check Shorts,Bottomwear
33555,Women,Apparel,Topwear,Tshirts,Blue,Summer,2012.0,Casual,Wrangler Women Summer of Love Blue T-shirt,Topwear
31166,Boys,Apparel,Bottomwear,Shorts,Blue,Summer,2012.0,Casual,Gini and Jony Boys Washed Blue Denim Shorts,Bottomwear
18178,Girls,Apparel,Topwear,Tops,Black,Fall,2011.0,Casual,Doodle Kids Girls Black Layer Top,Topwear
7458,Men,Apparel,Topwear,Tshirts,Grey,Summer,2011.0,Casual,Proline Men Grey Striped Polo T-shirt,Topwear
25465,Men,Footwear,Shoes,Sports Shoes,White,Summer,2012.0,Sports,Nike Men Downshifter 4 MSL White Sports Shoes,Shoes
42147,Unisex,Footwear,Shoes,Casual Shoes,White,Summer,2012.0,Casual,Nike Unisex Sweet Classic Leather White Casual Shoes,Shoes
51605,Women,Apparel,Bottomwear,Trousers,Black,Fall,2012.0,Casual,Kraus Jeans Women Black Trousers,Bottomwear
52653,Women,Accessories,Bags,Handbags,Grey,Summer,2012.0,Casual,Mod'acc Women Grey Handbag,Accessories
6521,Men,Apparel,Bottomwear,Shorts,Navy Blue,Summer,2011.0,Sports,Nike Men's Football Navy Blue Short,Bottomwear
13892,Men,Apparel,Topwear,Tshirts,Blue,Fall,2012.0,Casual,Nike Men Team India Special Edition Three Star Blue Jersey,Topwear
6421,Men,Footwear,Flip Flops,Flip Flops,Black,Summer,2011.0,Casual,Lotto Men's Bavarian Black Flip Flop,Shoes
59876,Women,Apparel,Dress,Dresses,Multi,Fall,2012.0,Casual,Femella Women Black Printed Dress,Dress
15288,Men,Footwear,Shoes,Casual Shoes,Black,Summer,2012.0,Casual,Fila Men Mercury Black Shoes,Shoes
19036,Women,Footwear,Shoes,Heels,Tan,Winter,2015.0,Casual,Catwalk Women Tan Heels,Shoes
59432,Women,Accessories,Bags,Handbags,Black,Summer,2012.0,Casual,Spice Art Women Black Handbag,Accessories
29167,Girls,Apparel,Dress,Dresses,Red,Summer,2012.0,Casual,United Colors of Benetton Girls Red Polka Dot Dress,Dress
12199,Men,Apparel,Topwear,Tshirts,Blue,Summer,2015.0,Casual,Basics Men Blue Polo T-shirt,Topwear
15931,Men,Apparel,Topwear,Tshirts,Green,Fall,2011.0,Casual,Regent Polo Club Men Solid Green Polo Tshirt,Topwear
8345,Men,Footwear,Shoes,Sports Shoes,Black,Fall,2011.0,Sports,ADIDAS Men Spectral Black Sports Shoes,Shoes
40125,Boys,Apparel,Bottomwear,Shorts,Black,Summer,2012.0,Casual,Gini and Jony Boys Customised Black Shorts,Bottomwear
13236,Men,Apparel,Bottomwear,Shorts,Blue,Fall,2011.0,Casual,Palm Tree Kids Boys Washed Blue Shorts,Bottomwear
53738,Men,Apparel,Bottomwear,Track Pants,White,Summer,2012.0,Casual,ADIDAS Men White Track Pant,Bottomwear
11833,Men,Footwear,Shoes,Casual Shoes,Green,Summer,2013.0,Casual,Playboy Men Casual Green Casual Shoes,Shoes
23690,Men,Accessories,Wallets,Wallets,Black,Fall,2011.0,Casual,Newhide Black Men Casual Wallet,Accessories
58003,Women,Apparel,Dress,Dresses,Blue,Fall,2012.0,Casual,Latin Quarters Women Blue Dress,Dress
28542,Men,Apparel,Topwear,Tshirts,Grey,Summer,2012.0,Casual,Nike Men Bold Striped Grey T-shirt,Topwear
36054,Unisex,Accessories,Bags,Handbags,Blue,Fall,2012.0,Casual,OTLS Unisex Blue Dual Flap Bag,Accessories
23794,Men,Footwear,Flip Flops,Flip Flops,White,Fall,2012.0,Casual,Puma Men Drifter Cat II White Flip Flops,Shoes
6381,Men,Footwear,Shoes,Sports Shoes,White,Summer,2011.0,Sports,Puma Men's Futue Cat Engine White Shoe,Shoes
10411,Women,Apparel,Topwear,Tshirts,Purple,Fall,2011.0,Casual,United Colors of Benetton Women Printed Purple T-shirt,Topwear
15879,Unisex,Footwear,Sandal,Sandals,Black,Fall,2012.0,Casual,Warner Bros Kids Unisex TJ Jerry  Black Sandals,Shoes
54391,Women,Accessories,Bags,Handbags,Blue,Summer,2012.0,Casual,Baggit Women Blue Handbag,Accessories
31129,Girls,Apparel,Dress,Dresses,Magenta,Summer,2012.0,Casual,Giny and Jony Girls Printed White & Pink Dress,Dress
9776,Men,Apparel,Bottomwear,Track Pants,Grey,Fall,2011.0,Casual,ADIDAS Men Grey Track Pants,Bottomwear
11045,Men,Apparel,Topwear,Shirts,White,Fall,2011.0,Casual,Scullers Men Check White Shirts,Topwear
5104,Men,Footwear,Sandal,Sandals,Brown,Summer,2011.0,Casual,Rockport Men's Jelba Brown Flip Flop,Shoes
4004,Men,Footwear,Flip Flops,Flip Flops,Red,Summer,2011.0,Casual,Spalding Men's Red White With Ego Graphic Flip Flop,Shoes
27940,Women,Apparel,Bottomwear,Jeans,Turquoise Blue,Summer,2012.0,Casual,Jealous 21 Women Turquoise Blue Magic Colour Jeans,Bottomwear
8124,Women,Accessories,Watches,Watches,White,Winter,2016.0,Casual,Fastrack Women Core Analog Steel White Watch,Accessories
18488,Men,Apparel,Bottomwear,Jeans,Blue,Fall,2011.0,Casual,Puma Men Stetchable Blue Jeans,Bottomwear
30013,Men,Accessories,Watches,Watches,Black,Winter,2016.0,Casual,Kenneth Cole Men Black Dial Chronograph Watch,Accessories
42209,Women,Apparel,Dress,Dresses,Purple,Summer,2012.0,Casual,Sepia Women Purple Dress,Dress
27268,Women,Apparel,Topwear,Kurtas,Cream,Fall,2011.0,Ethnic,Mother Earth Women Printed Cream Kurta,Topwear
32963,Men,Apparel,Topwear,Tshirts,Blue,Summer,2012.0,Casual,Angry Birds Men Printed Blue T-shirt,Topwear
51447,Women,Apparel,Dress,Dresses,Grey,Summer,2012.0,Casual,Tonga Women Grey Printed Dress,Dress
41376,Women,Apparel,Topwear,Tops,Blue,Summer,2012.0,Casual,Wrangler Women Kelly Blue Top,Topwear
17291,Men,Apparel,Bottomwear,Trousers,Khaki,Fall,2011.0,Casual,Peter England Elements  Men Trouser,Bottomwear
27902,Women,Apparel,Bottomwear,Trousers,Black,Summer,2012.0,Casual,Scullers For Her Women Black Trousers,Bottomwear
5055,Men,Footwear,Shoes,Casual Shoes,Black,Summer,2011.0,Casual,Fila Men's Rakett Black Shoe,Shoes
13187,Men,Footwear,Shoes,Casual Shoes,White,Summer,2013.0,Casual,Fila Men White Stradd Shoes,Shoes
45012,Men,Accessories,Watches,Watches,Silver,Winter,2016.0,Sports,Maxima Men Digital Watch,Accessories
33885,Men,Accessories,Watches,Watches,Steel,Winter,2016.0,Casual,Citizen Men Steel Eco-Drive Watch,Accessories
37205,Men,Apparel,Bottomwear,Jeans,Blue,Summer,2012.0,Casual,United Colors of Benetton Men Washed Blue Jeans,Bottomwear
24202,Men,Apparel,Bottomwear,Jeans,Blue,Summer,2012.0,Casual,Deni Yo Men Slim Fit Blue Jeans,Bottomwear
6519,Men,Apparel,Bottomwear,Track Pants,Blue,Summer,2011.0,Sports,Nike Men Soccer Liga Black Track Pant,Bottomwear
40431,Women,Apparel,Dress,Dresses,Navy Blue,Summer,2012.0,Casual,Tonga Women Navy Blue Dress,Dress
34376,Men,Apparel,Topwear,Tshirts,Yellow,Summer,2012.0,Casual,Myntra Men Yellow T-shirt,Topwear
52051,Men,Apparel,Topwear,Tshirts,Navy Blue,Summer,2012.0,Casual,Myntra Men Navy Blue T-shirt,Topwear
37267,Girls,Apparel,Dress,Dresses,Red,Summer,2012.0,Casual,United Colors of Benetton Girls Red Printed Dress,Dress
48398,Men,Apparel,Bottomwear,Jeans,Blue,Summer,2012.0,Casual,French Connection Men Blue Jeans,Bottomwear
46384,Men,Apparel,Topwear,Tshirts,Black,Summer,2012.0,Casual,ADIDAS Men Black Printed T-shirt,Topwear
15295,Unisex,Accessories,Bags,Handbags,Black,Fall,2011.0,Casual,ADIDAS Originals Unisex SY Airline Black Bags,Accessories
16547,Men,Apparel,Topwear,Shirts,Blue,Fall,2011.0,Casual,Basics Men Blue Slim Fit Checked Shirt,Topwear
40541,Women,Accessories,Watches,Watches,Cream,Winter,2016.0,Casual,Titan Women Cream Watch,Accessories
36723,Boys,Apparel,Topwear,Tshirts,Yellow,Summer,2012.0,Casual,Gini and Jony Boys Striped Yellow T-Shirt,Topwear
23812,Men,Footwear,Flip Flops,Flip Flops,Black,Summer,2012.0,Casual,Puma Men Jiff Black Flip Flops,Shoes
36734,Women,Apparel,Topwear,Tshirts,White,Summer,2012.0,Casual,Spykar Women Cult White T-shirt,Topwear
8976,Men,Footwear,Shoes,Sports Shoes,White,Fall,2011.0,Sports,Puma Men SL Tech Lo SF White Sports Shoes,Shoes
31337,Men,Apparel,Bottomwear,Jeans,Blue,Summer,2012.0,Casual,Locomotive Men Washed Blue Jeans,Bottomwear
38847,Women,Apparel,Dress,Dresses,White,Summer,2012.0,Casual,Latin Quarters Women White & Blue Printed Dress,Dress
39235,Women,Apparel,Dress,Dresses,Brown,Summer,2012.0,Casual,Femella Women Peach Crepe Front Zipper Dress Dress,Dress
43681,Women,Apparel,Dress,Dresses,Blue,Summer,2012.0,Casual,French Connection Women Printed Blue Dress,Dress
36440,Men,Footwear,Shoes,Sports Shoes,Black,Spring,2013.0,Sports,Spinn Men Cubic Black Sports Shoes,Shoes
13299,Men,Apparel,Bottomwear,Shorts,White,Fall,2011.0,Casual,Gini and Jony Men Solid White Shorts,Bottomwear
2545,Men,Footwear,Flip Flops,Flip Flops,Red,Summer,2011.0,Casual,Numero Uno Men's Casual Red Flip Flop,Shoes
18879,Women,Apparel,Topwear,Shirts,Navy Blue,Fall,2011.0,Casual,Arrow Woman Joanna Navy Blue Shirt,Topwear
47676,Women,Apparel,Dress,Dresses,Black,Summer,2012.0,Casual,Femella Women Black Animal Print Dress,Dress
18175,Girls,Apparel,Dress,Dresses,Lavender,Fall,2011.0,Casual,Doodle Kids Girls Party Frock Lavender Dress,Dress
30602,Boys,Apparel,Bottomwear,Shorts,Black,Summer,2012.0,Sports,Nike Boys Basketball Black Shorts,Bottomwear
33970,Women,Apparel,Dress,Dresses,Navy Blue,Summer,2012.0,Casual,Femella Women Navy Blue Dress,Dress
3892,Girls,Apparel,Topwear,Tshirts,Pink,Summer,2011.0,Casual,Disney Kids Girl's Pink Minnie Top With Green Bow Kidswear,Topwear
33431,Women,Accessories,Bags,Handbags,Green,Summer,2012.0,Casual,Baggit Women Pinto Checksy Green Sling Bag,Accessories
32606,Men,Accessories,Wallets,Wallets,Brown,Spring,2013.0,,Levitate Men Brown Wallet,Accessories
31262,Men,Apparel,Topwear,Tshirts,Navy Blue,Summer,2012.0,Casual,Puma Men Munchen Navy Blue T-shirt,Topwear
8519,Women,Accessories,Bags,Handbags,Pink,Summer,2011.0,Casual,Nike Women Nike Pink-Blue tote Pink Bags,Accessories
44745,Men,Footwear,Shoes,Casual Shoes,White,Summer,2012.0,Casual,Globalite Men White Counter Shoes,Shoes
27197,Women,Apparel,Dress,Dresses,Pink,Summer,2012.0,Casual,Doodle Kids Girl Pink Dress,Dress
5081,Women,Accessories,Watches,Watches,White,Winter,2016.0,Casual,Being Human Women White Silicon Strap Stones Watch,Accessories
37314,Men,Accessories,Watches,Watches,Black,Winter,2016.0,Casual,CASIO Edifice Men Black Dial Analogue Watch ED444,Accessories
20679,Men,Footwear,Shoes,Casual Shoes,Black,Winter,2012.0,Casual,Buckaroo Men Eva Black Casual Shoes,Shoes
50721,Girls,Apparel,Dress,Dresses,Pink,Summer,2012.0,Casual,Doodle Girls Pink Printed Dress,Dress
51525,Men,Accessories,Watches,Watches,Grey,Winter,2016.0,Casual,Fastrack Men White Dial Watch,Accessories
6874,Women,Apparel,Dress,Dresses,Pink,Summer,2011.0,Casual,Forever New Women Pink Sleeveless Dress,Dress
7811,Men,Apparel,Topwear,Tshirts,Navy Blue,Fall,2011.0,Casual,Proline Men Navy Polo T-shirt,Topwear
54387,Women,Accessories,Bags,Handbags,Mauve,Summer,2015.0,Casual,Baggit Women Mauve Handbag,Accessories
22152,Men,Footwear,Sandal,Sandals,Olive,Summer,2011.0,Casual,Lee Cooper Men Casual Sandals,Shoes
54588,Women,Apparel,Topwear,Kurtas,Green,Summer,2012.0,Ethnic,Sushilas Women Printed Green Kurta,Topwear
40149,Girls,Apparel,Dress,Dresses,Pink,Summer,2012.0,Casual,Gini and Jony Girls Play Suit Pink Dress,Dress
42835,Women,Accessories,Bags,Handbags,Charcoal,Summer,2012.0,Casual,French Connection Women Charcoal Handbag,Accessories
23051,Women,Apparel,Dress,Dresses,Navy Blue,Fall,2011.0,Casual,Arrow Woman Navy Blue Printed Dress,Dress
49958,Men,Apparel,Bottomwear,Shorts,Black,Summer,2016.0,Casual,Hanes Men Black Athletic 3/4th Pants,Bottomwear
24365,Women,Apparel,Topwear,Kurtas,Maroon,Fall,2011.0,Ethnic,Folklore Women Maroon  Kurta,Topwear
46598,Women,Footwear,Shoes,Heels,Beige,Summer,2012.0,Casual,Catwalk Women Beige Heels,Shoes
24204,Men,Apparel,Bottomwear,Jeans,Blue,Summer,2012.0,Casual,Deni Yo Men Skinny Fit Blue Jeans,Bottomwear
38468,Women,Accessories,Wallets,Wallets,Green,Summer,2012.0,Casual,Baggit Women Green Wallet,Accessories
18229,Men,Apparel,Topwear,Tshirts,Red,Fall,2011.0,Casual,Manchester United Men Printed Red Tshirt,Topwear
48477,Women,Apparel,Dress,Dresses,Cream,Winter,2011.0,Casual,French Connection Women Cream Dress,Dress
37938,Women,Apparel,Dress,Dresses,Green,Summer,2012.0,Casual,Mineral Women Green Dress,Dress
47604,Women,Footwear,Shoes,Heels,Multi,Winter,2012.0,Casual,Portia Women Multi Coloured Wedges,Shoes
45158,Men,Accessories,Watches,Watches,Brown,Winter,2016.0,Casual,CASIO ENTICER Men Brown Dial Analogue Watch A510,Accessories
22330,Men,Apparel,Topwear,Tshirts,White,Fall,2011.0,Casual,John Players Men Stripes White T-Shirt,Topwear
18631,Men,Apparel,Topwear,Tshirts,Navy Blue,Fall,2011.0,Casual,Puma Men GP Speed Navy Blue Tshirts,Topwear
20954,Men,Footwear,Flip Flops,Flip Flops,Grey,Fall,2011.0,Casual,ADIDAS Men Numbers Grey Flip Flops,Shoes
12872,Men,Footwear,Shoes,Formal Shoes,Black,Spring,2012.0,Formal,Lee Cooper Men Formal Black Shoes,Shoes
14780,Men,Apparel,Topwear,Shirts,Navy Blue,Fall,2011.0,Formal,Arrow Men Solid Navy Blue Slim Fit Shirt,Topwear
15611,Men,Apparel,Bottomwear,Track Pants,Navy Blue,Fall,2011.0,Casual,Nike Men Casual Navy Blue Track Pants,Bottomwear
44664,Women,Apparel,Bottomwear,Trousers,Charcoal,Summer,2012.0,Formal,Wills Lifestyle Women Charcoal Trousers,Bottomwear
5073,Women,Accessories,Watches,Watches,Pink,Winter,2016.0,Casual,Being Human Women Silicon Strap Pink Watch,Accessories
2114,Women,Apparel,Bottomwear,Track Pants,Black,Fall,2010.0,Sports,ADIDAS Women Essential Black Candy Pants,Bottomwear
11912,Men,Footwear,Sandal,Sandals,Maroon,Summer,2011.0,Casual,Franco Leone Men Casual Maroon Sandals,Shoes
10316,Men,Accessories,Watches,Watches,Steel,Winter,2016.0,Casual,Esprit Men Pure Vitality Brown Steel Watches,Accessories
51380,Men,Apparel,Bottomwear,Shorts,Blue,Summer,2012.0,Casual,Myntra Men Blue Shorts,Bottomwear
33630,Women,Accessories,Bags,Handbags,Beige,Summer,2012.0,Casual,Lino Perros Women Beige Handbag,Accessories
34818,Men,Footwear,Shoes,Sports Shoes,Grey,Summer,2012.0,Sports,ADIDAS Men Snova Seq 4M Wide Grey Sports Shoes,Shoes
15545,Women,Footwear,Shoes,Heels,Black,Winter,2015.0,Casual,Catwalk Women Casual Black Flats,Shoes
32323,Men,Accessories,Watches,Watches,Black,Winter,2016.0,Casual,Q&Q Men Black Dial Watch,Accessories
48131,Women,Accessories,Bags,Handbags,Pink,Summer,2012.0,Casual,Fossil Women Pink Bags,Accessories
7449,Men,Apparel,Topwear,Tshirts,Blue,Summer,2011.0,Casual,Proline Men Blue Polo T-shirt,Topwear
34078,Men,Footwear,Shoes,Casual Shoes,Black,Fall,2012.0,Casual,Clarks Men Sentry Cry Leather Black Shoes,Shoes
32605,Men,Accessories,Wallets,Wallets,Brown,Spring,2013.0,,Levitate Men Brown Wallet,Accessories
48239,Boys,Apparel,Topwear,Tshirts,Navy Blue,Summer,2012.0,Casual,Avengers Boys Navy Blue Printed T-shirt,Topwear
9664,Men,Apparel,Topwear,Shirts,Maroon,Fall,2011.0,Casual,Indigo Nation Men Bling Maroon Shirt,Topwear
43547,Men,Footwear,Sandal,Sandals,Brown,Summer,2012.0,Casual,Woodland Men Brown Sandals,Shoes
3128,Men,Apparel,Topwear,Tshirts,Grey,Summer,2011.0,Casual,Inkfruit Men's Indiano Dark Grey T-shirt,Topwear
4071,Women,Footwear,Shoes,Casual Shoes,Grey,Summer,2011.0,Casual,Numero Uno Women Canvas Grey Purple Shoe,Shoes
24574,Men,Apparel,Topwear,Tshirts,Blue,Summer,2012.0,Casual,Lee Men Neo Blue Polo T-shirt,Topwear
39677,Men,Footwear,Shoes,Casual Shoes,White,Summer,2012.0,Casual,Lotto Men White Shoes,Shoes
40402,Women,Apparel,Dress,Dresses,Grey,Summer,2012.0,Casual,Tonga Women Grey & Red Dress,Dress
33279,Unisex,Apparel,Bottomwear,Jeans,Blue,Summer,2012.0,Casual,Gini and Jony Kids Unisex Blue Jeans,Bottomwear
57039,Women,Apparel,Dress,Dresses,Black,Summer,2012.0,Casual,Elle Women Black Dress,Dress
28498,Men,Apparel,Bottomwear,Shorts,Black,Summer,2012.0,Sports,Urban Yoga Men Black Shorts,Bottomwear
38836,Women,Apparel,Dress,Dresses,Blue,Summer,2012.0,Casual,Latin Quarters Women Blue Dress,Dress
25643,Men,Accessories,Watches,Watches,Silver,Winter,2016.0,Casual,Fastrack Men Silver Casual Watch,Accessories
19280,Women,Accessories,Watches,Watches,Gold,Winter,2016.0,Casual,Guess Women Prism Gold Watch,Accessories
13402,Men,Apparel,Topwear,Shirts,Blue,Summer,2011.0,Casual,United Colors of Benetton Men Check Blue Shirts,Topwear
26141,Men,Apparel,Bottomwear,Trousers,Navy Blue,Summer,2012.0,Formal,John Miller Men Striped Navy Blue Trousers,Bottomwear
3710,Men,Accessories,Belts,Belts,Navy Blue,Summer,2011.0,Casual,Lee Men Navy Blue Canvas Belt,Accessories
38978,Men,Apparel,Topwear,Shirts,Lavender,Fall,2012.0,Formal,Arrow Men Lavender Shirt,Topwear
57141,Women,Apparel,Bottomwear,Trousers,Olive,Summer,2012.0,Casual,Elle Women Olive Trousers,Bottomwear
27260,Women,Apparel,Topwear,Tops,Blue,Summer,2012.0,Casual,Arrow Woman Blue Top,Topwear
41010,Girls,Apparel,Bottomwear,Jeans,Navy Blue,Summer,2012.0,Casual,Gini and Jony Girls Woven Navy Blue Jeans,Bottomwear
44665,Women,Apparel,Bottomwear,Trousers,Brown,Summer,2012.0,Casual,Wills Lifestyle Women Brown Trousers,Bottomwear
26948,Women,Apparel,Topwear,Tshirts,Blue,Summer,2012.0,Casual,Jealous 21 Women Printed Blue T-shirt,Topwear
22066,Women,Apparel,Topwear,Kurtas,Green,Fall,2011.0,Ethnic,Vishudh Women Green Abstract Print Kurta,Topwear
13528,Men,Apparel,Bottomwear,Trousers,Navy Blue,Fall,2011.0,Casual,Probase Navy Blue Printed Trousers,Bottomwear
50723,Girls,Apparel,Dress,Dresses,Blue,Summer,2012.0,Casual,Doodle Girls Blue Printed Dress,Dress
48525,Women,Apparel,Dress,Dresses,White,Summer,2012.0,Casual,French Connection Women White & Blue  Striped Dress,Dress
2487,Men,Footwear,Sandal,Sandals,Black,Fall,2010.0,Casual,Puma Men Rio Fashion Black Sandal,Shoes
59996,Women,Apparel,Dress,Dresses,Purple,Summer,2014.0,Casual,Avirate Black & Purple Dress,Dress
16403,Men,Apparel,Topwear,Shirts,Red,Fall,2011.0,Casual,Levis Men Check Red Shirts,Topwear
26310,Men,Apparel,Bottomwear,Shorts,Black,Summer,2012.0,Sports,Proline Black Sports Shorts,Bottomwear
35433,Girls,Apparel,Dress,Dresses,Blue,Summer,2012.0,Casual,Doodle Girls Printed Blue Dress,Dress
40084,Men,Apparel,Bottomwear,Shorts,Navy Blue,Winter,2014.0,Casual,ADIDAS Men Navy Blue Shorts,Bottomwear
5347,Men,Footwear,Shoes,Sports Shoes,White,Fall,2011.0,Sports,Kalenji Elimu White Navy,Shoes
24778,Women,Accessories,Belts,Belts,Pink,Winter,2015.0,Casual,Lino Perros Women Ladies Belts Pink Pink Belts,Accessories
8252,Women,Accessories,Bags,Handbags,Beige,Winter,2016.0,Casual,Fastrack Beige Printed Tote Bag,Accessories
30804,Men,Apparel,Topwear,Shirts,Rust,Summer,2012.0,Ethnic,Fabindia Men Rust Shirt,Topwear
33477,Women,Accessories,Belts,Belts,Brown,Summer,2012.0,Casual,Baggit Women Fighter Doko Brown Belt,Accessories
25103,Women,Accessories,Belts,Belts,Red,Winter,2015.0,Casual,Lino Perros Women Red Belt,Accessories
23676,Men,Footwear,Sandal,Sandals,Black,Summer,2012.0,Casual,Red Tape Men Cross Band Black Sandals,Shoes
16273,Men,Apparel,Topwear,Shirts,Grey,Fall,2011.0,Casual,Levis Men Grey & Black Striped Shirt,Topwear
16514,Men,Apparel,Bottomwear,Jeans,Blue,Fall,2011.0,Casual,Locomotive Men Washed Blue Jeans,Bottomwear
24110,Men,Footwear,Flip Flops,Flip Flops,Black,Fall,2012.0,Casual,Playboy Men Black Casual Flip Flops,Shoes
33300,Men,Apparel,Bottomwear,Trousers,White,Summer,2012.0,Casual,Arrow Sport Men White Trousers,Bottomwear
59287,Women,Accessories,Watches,Watches,Gold,Winter,2016.0,Smart Casual,Titan Raga Women Gold Dial Watch,Accessories
12904,Men,Footwear,Shoes,Sports Shoes,Red,Fall,2011.0,Sports,Puma Men Future Cat M1 Engine Red Sports Shoes,Shoes
43192,Women,Accessories,Watches,Watches,Pink,Winter,2016.0,Casual,Fastrack Women Pink Dial Watch,Accessories
2301,Men,Apparel,Topwear,Tshirts,White,Fall,2010.0,Sports,Nike Mens Manchester United White T-shirt,Topwear
58735,Women,Apparel,Topwear,Tshirts,Pink,Summer,2012.0,Casual,Puma Women Pink T-shirt,Topwear
16066,Men,Apparel,Bottomwear,Trousers,Black,Fall,2011.0,Casual,Highlander Men Solid Black Trouser,Bottomwear
23050,Women,Apparel,Dress,Dresses,Multi,Fall,2011.0,Casual,Arrow Woman Multi Coloured Floral Dress,Dress
6010,Men,Apparel,Topwear,Shirts,Purple,Summer,2010.0,Casual,Highlander Men Purple Green Checked Shirt,Topwear
32744,Men,Footwear,Shoes,Casual Shoes,Charcoal,Spring,2013.0,Casual,Fila Men Dale Charcoal Black Shoes,Shoes
8026,Men,Apparel,Bottomwear,Track Pants,Black,Fall,2011.0,Sports,Fila Men's Cont Pipping Cotton Lower Black White Track Pant,Bottomwear
35432,Girls,Apparel,Dress,Dresses,Pink,Summer,2012.0,Casual,Doodle Girls Printed Pink Dress,Dress
26928,Women,Apparel,Dress,Dresses,Black,Summer,2012.0,Casual,Jealous 21 Women Black Dress,Dress
49321,Men,Accessories,Watches,Watches,Black,Winter,2016.0,Casual,ADIDAS Originals Men Black Dial Watch ADH2643,Accessories
19687,Men,Apparel,Bottomwear,Shorts,Grey,Fall,2011.0,Casual,United Colors of Benetton Men Grey Washed Shorts,Bottomwear
26380,Men,Apparel,Bottomwear,Trousers,Black,Summer,2012.0,Casual,Turtle Men Striped Black Trousers,Bottomwear
16509,Men,Apparel,Bottomwear,Jeans,Blue,Fall,2011.0,Casual,Locomotive Men Washed Blue Jeans,Bottomwear
39319,Boys,Apparel,Bottomwear,Shorts,Beige,Summer,2012.0,Casual,Gini and Jony Boys Beige Shorts,Bottomwear
20041,Women,Accessories,Bags,Handbags,Grey,Fall,2011.0,Casual,United Colors of Benetton Women Solid Grey Handbags,Accessories
47342,Women,Accessories,Bags,Handbags,Teal,Summer,2012.0,Casual,Baggit Women Teal Bag,Accessories
57043,Women,Apparel,Dress,Dresses,Black,Summer,2012.0,Casual,Elle Black Dress,Dress
50750,Men,Footwear,Shoes,Casual Shoes,Brown,Summer,2018.0,Casual,Red Chief Men Brown Shoes,Shoes
10999,Men,Accessories,Watches,Watches,Black,Winter,2016.0,Casual,Puma Men Rod Yellow Black Watches,Accessories
31358,Men,Apparel,Topwear,Tshirts,Brown,Fall,2012.0,Casual,Locomotive Brown Printed T-Shirt,Topwear
38573,Men,Apparel,Bottomwear,Track Pants,Navy Blue,Fall,2012.0,Sports,Nike Men AD Striker Navy Blue Track Pants,Bottomwear
3781,Men,Apparel,Topwear,Tshirts,Yellow,Summer,2011.0,Casual,Status Quo Men's Beach Corn Silk T-shirt,Topwear
7937,Men,Apparel,Topwear,Tshirts,Green,Fall,2011.0,Sports,Puma Men's Tech Graphic Green Black T-shirt,Topwear
57216,Women,Apparel,Bottomwear,Shorts,Brown,Fall,2012.0,Casual,Kraus Jeans Women Brown Shorts,Bottomwear
56862,Women,Footwear,Shoes,Heels,Brown,Winter,2012.0,Casual,HM Women Brown Flats,Shoes
14869,Men,Accessories,Wallets,Wallets,Black,Summer,2011.0,Casual,United Colors of Benetton Men Solid Black Wallets,Accessories
38943,Boys,Apparel,Topwear,Shirts,White,Summer,2012.0,Casual,Gini and Jony Boys Check White Shirt,Topwear
