id,gender,masterCategory,subCategory,articleType,baseColour,season,year,usage,productDisplayName
28519,Men,Apparel,Bottomwear,Track Pants,Black,Summer,2012.0,Sports,Nike Men Breakline Black Track Pants
31672,Men,Apparel,Bottomwear,Jeans,Blue,Summer,2012.0,Casual,Spykar Men Blue Jeans
21747,Unisex,Footwear,Shoes,Casual Shoes,Black,Fall,2011.0,Casual,Vans Unisex  Era Black Casual Shoes
47545,Women,Footwear,Shoes,Flats,Maroon,Winter,2012.0,Casual,Portia Women Maroon & Silver Flats
9398,Men,Footwear,Shoes,Sports Shoes,Black,Fall,2011.0,Sports,Nike Men Lunarfly Black Sports Shoes
26835,Men,Apparel,Bottomwear,Trousers,Brown,Summer,2012.0,Casual,Highlander Men Brown Trousers
17626,Men,Apparel,Topwear,Jackets,White,Fall,2011.0,Sports,ADIDAS Men Solid White Jacket
11344,Men,Apparel,Bottomwear,Jeans,Blue,Summer,2017.0,Casual,Lee Men Blue Chicago Fit Jeans
31971,Men,Footwear,Shoes,Sports Shoes,Navy Blue,Summer,2012.0,Sports,Nike Men Dual Fusion TR II Navy Blue Sports Shoes
50161,Women,Footwear,Shoes,Heels,White,Winter,2014.0,Casual,Rocia Women White Wedges
48391,Men,Apparel,Bottomwear,Trousers,Grey,Summer,2012.0,Casual,French Connection Men Grey Trousers
31783,Women,Apparel,Topwear,Tops,Purple,Summer,2012.0,Casual,Lee Women Purple Paula Pansy Top
7386,Men,Footwear,Shoes,Formal Shoes,Black,Winter,2018.0,Formal,Red Tape Men's Black Formal Shoe
43224,Women,Apparel,Bottomwear,Trousers,Black,Fall,2012.0,Formal,United Colors of Benetton Women Black Trouser
7136,Men,Apparel,Bottomwear,Track Pants,Green,Fall,2011.0,Casual,Urban Yoga Men Bottom Olive Green Yoga Pants
12500,Men,Apparel,Topwear,Shirts,Black,Fall,2011.0,Casual,United Colors of Benetton Men Short Black Shirts
33823,Women,Footwear,Shoes,Sports Shoes,Grey,Summer,2012.0,Sports,Puma Women Axis Grey Sports Shoes
4546,Men,Footwear,Shoes,Sports Shoes,Black,Summer,2011.0,Sports,Nike Men's Air Max Black Shoe
18174,Girls,Apparel,Dress,Dresses,Lavender,Fall,2011.0,Casual,Doodle Kids Girls Party Frock Lavender Dress
41722,Women,Footwear,Shoes,Heels,Teal,Winter,2012.0,Casual,Catwalk Women Teal Heels
7683,Men,Apparel,Topwear,Jackets,Black,Fall,2011.0,Sports,Puma Men Windbreaker Black Ferrari Jacket
33997,Women,Apparel,Dress,Dresses,Purple,Summer,2012.0,Casual,Femella Women Purple & Black Dress
4855,Unisex,Footwear,Shoes,Casual Shoes,Pink,Summer,2012.0,Casual,Newfeel Unisex Pink Grey Shoes
39583,Women,Footwear,Shoes,Heels,Red,Summer,2016.0,Casual,Catwalk Women Red Flats
19519,Men,Apparel,Topwear,Sweaters,Black,Fall,2011.0,Casual,United Colors of Benetton Men Stripes Black Sweater
40431,Women,Apparel,Dress,Dresses,Navy Blue,Summer,2012.0,Casual,Tonga Women Navy Blue Dress
39795,Men,Apparel,Bottomwear,Trousers,Black,Summer,2012.0,Formal,Peter England Men Black Formal Trousers
2715,Girls,Apparel,Topwear,Tops,Orange,Summer,2011.0,Casual,Disney Kids Girl's Minnie Orange Stripped Kidswear
17249,Men,Apparel,Topwear,Tshirts,Blue,Fall,2011.0,Casual,U.S. Polo Assn. Men Printed Limoges Blue Tshirt
36841,Women,Apparel,Bottomwear,Jeans,Navy Blue,Summer,2012.0,Casual,Spykar Women Renegade Navy Blue Jeans
4973,Men,Apparel,Topwear,Shirts,Yellow,Summer,2011.0,Casual,Gini and Jony Boy's Kangaroo Yellow Kidswear
40449,Men,Footwear,Shoes,Formal Shoes,Brown,Winter,2018.0,Formal,Red Tape Men Brown Formal Shoes
14498,Men,Footwear,Shoes,Casual Shoes,Black,Fall,2011.0,Casual,Flying Machine Men Casual Black Casual Shoes
29276,Women,Apparel,Topwear,Tops,Blue,Summer,2012.0,Casual,Wrangler Women Star Blue Top
32849,Women,Footwear,Shoes,Heels,Brown,Winter,2012.0,Casual,Grendha Women Roamance Brown Flats
48497,Women,Apparel,Bottomwear,Trousers,Black,Winter,2011.0,Casual,French Connection Women Black Trousers
43654,Women,Apparel,Topwear,Tops,Cream,Summer,2012.0,Casual,ONLY Women Cream Printed Top
28817,Men,Apparel,Bottomwear,Jeans,Black,Summer,2012.0,Casual,Denizen Men Black Jeans
50784,Women,Footwear,Shoes,Heels,Cream,Fall,2013.0,Casual,Clarks Women Cream Coloured Onslow Beat Leather Wedges
56927,Women,Footwear,Shoes,Heels,Black,Winter,2012.0,Casual,HM Women Black Flats
11384,Men,Apparel,Topwear,Shirts,Red,Fall,2011.0,Casual,United Colors of Benetton Men White & Red Check Shirt
51436,Women,Apparel,Topwear,Tops,White,Summer,2012.0,Casual,Myntra Women White & Pink Top
7782,Men,Apparel,Bottomwear,Track Pants,Black,Fall,2011.0,Casual,Urban Yoga Men's Abhayas Black Track Pant
12360,Men,Apparel,Topwear,Shirts,Black,Fall,2011.0,Formal,Reid & Taylor Men Solid Black Shirts
46908,Men,Apparel,Bottomwear,Jeans,White,Summer,2012.0,Casual,Peter England Men White Jeans
39805,Men,Apparel,Bottomwear,Trousers,Black,Spring,2013.0,Formal,Peter England Men Black Formal Trousers
16513,Men,Apparel,Bottomwear,Jeans,Blue,Fall,2011.0,Casual,Locomotive Men Washed Blue Jeans
22350,Men,Apparel,Topwear,Shirts,Blue,Fall,2011.0,Casual,John Players Men Check Blue Shirt
2245,Women,Apparel,Topwear,Tshirts,White,Fall,2010.0,Sports,ADIDAS Women White Polo T-shirt
13395,Men,Apparel,Topwear,Shirts,Purple,Summer,2011.0,Casual,United Colors of Benetton Men Check Purple Shirts
8970,Men,Footwear,Shoes,Sports Shoes,Red,Fall,2011.0,Sports,Puma Men 65cc Ducati Red Sports Shoes
15497,Women,Footwear,Shoes,Heels,Black,Winter,2012.0,Formal,Carlton London Women Casual Black Heels
43310,Women,Apparel,Bottomwear,Shorts,Pink,Summer,2012.0,Casual,United Colors of Benetton Womens Pink Shorts
3309,Men,Footwear,Shoes,Sports Shoes,White,Spring,2012.0,Sports,Asics Men's Gel Challenger 8 Tennis White Blue Shoe
34070,Women,Footwear,Shoes,Flats,Black,Summer,2015.0,Casual,Clarks Women Black Leather Ballerinas
9685,Men,Apparel,Bottomwear,Shorts,White,Fall,2011.0,Casual,ADIDAS Men Cress 3s3 4 Pan White Capris
17612,Girls,Apparel,Topwear,Tshirts,Grey,Fall,2011.0,Casual,Doodle Cute Girls  Grey Tshirt
8978,Women,Footwear,Shoes,Casual Shoes,Purple,Fall,2011.0,Casual,Puma Women Saba Ballet DC3 Purple Casual Shoes
4623,Women,Apparel,Topwear,Tops,Blue,Summer,2011.0,Casual,Jealous 21 Women Knit Teal Blue Top
13356,Women,Footwear,Shoes,Casual Shoes,Silver,Fall,2011.0,Casual,Timberland Women Femmes Silver Casual Shoes
43916,Women,Apparel,Bottomwear,Shorts,Yellow,Summer,2012.0,Casual,Femella Women Yellow Shorts
20771,Women,Footwear,Shoes,Flats,Silver,Fall,2011.0,Casual,Carlton London Women Funky Silver Sandals
38540,Men,Footwear,Shoes,Casual Shoes,Red,Summer,2012.0,Casual,Puma Men Red California Shoes
27019,Women,Apparel,Bottomwear,Jeans,Blue,Summer,2012.0,Casual,Jealous 21 Women Washed Light Blue Jeans
2940,Women,Apparel,Topwear,Tops,Maroon,Fall,2010.0,Casual,DUSG Women Peacock Ladies Organic Cotton Top
19726,Women,Apparel,Topwear,Shirts,Black,Summer,2011.0,Casual,United Colors of Benetton Women Solid Black Shirt
44629,Men,Apparel,Bottomwear,Track Pants,Black,Summer,2012.0,Sports,Nike Men Black Running Track Pants
48463,Women,Apparel,Dress,Dresses,Teal,Summer,2012.0,Casual,French Connection Teal & Brown Printed Dress
23814,Men,Footwear,Shoes,Casual Shoes,Black,Fall,2011.0,Casual,Puma Men Neo Low Black Casual Shoes
17762,Men,Footwear,Shoes,Formal Shoes,Black,Winter,2011.0,Formal,Buckaroo Men Ortiz Black Formal Shoe
40385,Women,Apparel,Topwear,Tops,Yellow,Summer,2012.0,Casual,Tokyo Talkies Women Yellow Top
21034,Women,Footwear,Shoes,Flats,Gold,Fall,2012.0,Casual,Clarks Women Arizona Sands2 Gold Shoe
33087,Women,Footwear,Shoes,Heels,Brown,Winter,2015.0,Casual,Catwalk Women Brown Flats
22539,Women,Footwear,Shoes,Heels,Brown,Winter,2012.0,Casual,Inc.5  Women Grey Flats
57049,Women,Apparel,Dress,Dresses,Black,Summer,2012.0,Casual,Elle Women Black A-Line Dress
36138,Men,Footwear,Shoes,Sports Shoes,White,Summer,2012.0,Sports,Nike Men Zoom Hyperenforcer White Sports Shoes
58726,Men,Apparel,Topwear,Tshirts,Grey,Summer,2012.0,Casual,Puma Men Grey T-shirt
12539,Women,Apparel,Topwear,Tshirts,Black,Fall,2011.0,Casual,Tantra Women Black Printed T-shirt
8188,Men,Apparel,Topwear,Shirts,Purple,Summer,2011.0,Casual,Locomotive Men Solid Poplin Laidley Purple Shirts
44803,Women,Apparel,Topwear,Tops,Grey,Summer,2012.0,Casual,Spykar Women Grey T-shirt
59106,Men,Apparel,Topwear,Jackets,Black,Winter,2018.0,Casual,Just Natural Men Black Jacket
17481,Men,Footwear,Shoes,Formal Shoes,Black,Fall,2011.0,Formal,Enroute Men Formal Black Formal Shoe
4848,Men,Apparel,Topwear,Jackets,Navy Blue,Summer,2011.0,Sports,ADIDAS Men Revo Navy White Jacket
1549,Men,Footwear,Shoes,Sports Shoes,White,Fall,2010.0,Sports,Puma Men's Jiyu Slip On Sneaker
29178,Women,Apparel,Bottomwear,Jeans,Blue,Summer,2012.0,Casual,United Colors of Benetton Women Washed Blue Jeans
30411,Men,Apparel,Bottomwear,Jeans,Blue,Summer,2012.0,Casual,Deni Yo Men Slim Fit Washed Blue Jeans
42256,Men,Apparel,Bottomwear,Jeans,Blue,Summer,2012.0,Casual,John Players Men Blue Jeans
10259,Men,Apparel,Bottomwear,Trousers,Black,Fall,2011.0,Formal,John Miller Men Reglur Black Trousers
19956,Men,Apparel,Topwear,Sweaters,Green,Spring,2013.0,Casual,United Colors of Benetton Men Green Sweater
32634,Women,Apparel,Bottomwear,Track Pants,Grey,Summer,2012.0,Sports,Nike Women Legend Slim Poly Grey Track Pants
39749,Boys,Apparel,Bottomwear,Shorts,Beige,Summer,2012.0,Casual,Gini Jony Boys Beige Shorts
59897,Women,Apparel,Dress,Dresses,Yellow,Fall,2012.0,Casual,Femella Women Yellow Dress
3566,Men,Footwear,Shoes,Sports Shoes,White,Summer,2011.0,Sports,ADIDAS Men's White Silver Running Shoe
8833,Men,Apparel,Topwear,Sweaters,Black,Fall,2011.0,Casual,Spykar Men Rts Vneck Black Black Sweaters
8325,Boys,Apparel,Topwear,Tshirts,Yellow,Fall,2011.0,Casual,Doodle Boy's Athletic 77 Dept Yellow Teen Kidswear
10500,Women,Apparel,Dress,Dresses,Navy Blue,Fall,2011.0,Casual,Flying Machine Women OS Blue Tops
52131,Girls,Apparel,Dress,Dresses,Blue,Summer,2012.0,Casual,Doodle Girls Blue Printed Dress
24543,Women,Apparel,Topwear,Tops,Beige,Fall,2011.0,Ethnic,Mother Earth Women Beige Printed Top
15332,Men,Apparel,Bottomwear,Track Pants,Off White,Fall,2011.0,Sports,Nike Men Solid Off-White Track Pants
10637,Men,Footwear,Shoes,Formal Shoes,Black,Winter,2014.0,Formal,Carlton London Men Formal Black Formal Shoes
26863,Women,Apparel,Bottomwear,Skirts,Navy Blue,Summer,2012.0,Casual,Jealous 21 Women Navy Blue Skirts
17011,Women,Footwear,Shoes,Flats,Silver,Winter,2012.0,Casual,Rocia Women Brown Heels
58512,Women,Apparel,Topwear,Tops,Cream,Summer,2012.0,Casual,Tonga Women Printed Black Top
59876,Women,Apparel,Dress,Dresses,Multi,Fall,2012.0,Casual,Femella Women Black Printed Dress
3559,Men,Footwear,Shoes,Casual Shoes,Brown,Winter,2015.0,Casual,Skechers Men's Casual Brown Lifestyle Shoe
57062,Women,Apparel,Topwear,Jackets,Blue,Summer,2012.0,Casual,Elle Women Blue Jacket
14092,Women,Apparel,Topwear,Sweaters,Green,Fall,2011.0,Casual,Flying Machine Women Stripes Green Sweaters
6752,Men,Footwear,Shoes,Sports Shoes,White,Summer,2012.0,Sports,Nike Men's Air Zoom Yorker White Shoe
53753,Men,Apparel,Bottomwear,Shorts,Red,Summer,2012.0,Casual,ADIDAS Men Red Shorts
41770,Women,Apparel,Dress,Dresses,Pink,Summer,2012.0,Casual,Remanika Women Printed Pink Dress
19241,Men,Apparel,Topwear,Jackets,Black,Fall,2010.0,Casual,Puma Men Lifestyle Track Black Jacket
2112,Women,Apparel,Bottomwear,Track Pants,Black,Fall,2010.0,Sports,ADIDAS Women's Essential Black Capris
24924,Women,Apparel,Topwear,Tops,Blue,Summer,2012.0,Casual,United Colors of Benetton Women Blue Top
27197,Women,Apparel,Dress,Dresses,Pink,Summer,2012.0,Casual,Doodle Kids Girl Pink Dress
15287,Men,Footwear,Shoes,Sports Shoes,White,Fall,2011.0,Sports,Fila Men Set IV White Sports Shoes
17190,Men,Apparel,Topwear,Shirts,Navy Blue,Winter,2016.0,Casual,U.S. Polo Assn. Men Checks Navy Blue Shirt
22314,Women,Apparel,Topwear,Jackets,Black,Fall,2011.0,Casual,Wildcraft Women Solid Black Jacket
16391,Men,Apparel,Bottomwear,Trousers,Black,Spring,2013.0,Formal,Peter England Men Solid Black Trouser
27610,Men,Apparel,Bottomwear,Trousers,Grey,Summer,2012.0,Casual,Scullers Men Grey Trousers
17947,Men,Apparel,Bottomwear,Track Pants,Blue,Fall,2011.0,Sports,Puma Men No. 1 logo Blue Track Pant
11296,Men,Apparel,Bottomwear,Jeans,Blue,Fall,2011.0,Casual,Wrangler Men Blue Custom Jeans
24070,Women,Footwear,Shoes,Heels,Black,Winter,2015.0,Casual,Catwalk Women Black Heels
7398,Men,Footwear,Shoes,Formal Shoes,Brown,Winter,2018.0,Formal,Red Tape Men Brown Shoes
44930,Men,Apparel,Bottomwear,Jeans,Blue,Summer,2012.0,Casual,Jack & Jones Men Blue Jeans
13042,Women,Footwear,Shoes,Flats,Brown,Winter,2012.0,Casual,Inc 5 Women Brown Heels
7767,Men,Apparel,Bottomwear,Track Pants,Black,Summer,2011.0,Sports,Nike Men's As Vapor Wove Black Track Pants
58001,Women,Apparel,Dress,Dresses,Black,Fall,2012.0,Casual,Latin Quarters Women Black Printed Dress
56402,Women,Footwear,Shoes,Flats,Beige,Winter,2012.0,Casual,Rocia Women Beige & Gold Sandals
6626,Men,Footwear,Shoes,Sports Shoes,Blue,Summer,2011.0,Sports,ADIDAS Men's Canon Dialect Blue Yellow Shoe
40128,Girls,Apparel,Topwear,Tops,Orange,Summer,2012.0,Casual,Gini and Jony Girls Roseatte Orange Top
35363,Women,Footwear,Shoes,Heels,Multi,Winter,2012.0,Casual,Senorita Women Multi Coloured Flats
48083,Women,Apparel,Dress,Dresses,Blue,Summer,2012.0,Casual,French Connection Women Blue Dress
15321,Men,Apparel,Topwear,Jackets,Black,Fall,2011.0,Casual,Nike Men Solid Black Jackets
21083,Men,Footwear,Shoes,Formal Shoes,Black,Fall,2012.0,Smart Casual,Clarks Men Black Leather Semiformal Shoes
42089,Men,Footwear,Shoes,Sports Shoes,White,Summer,2012.0,Sports,ADIDAS Men White Corona Sports Shoes
38504,Girls,Apparel,Bottomwear,Skirts,Navy Blue,Summer,2012.0,Casual,Gini and Jony Girls Navy Blue Skirts
19789,Men,Apparel,Topwear,Tshirts,Orange,Winter,2016.0,Casual,U.S. Polo Assn. Men Solid Orange Tshirt
44921,Men,Apparel,Bottomwear,Shorts,Blue,Summer,2012.0,Casual,Puma Men Blue Shorts
16360,Men,Apparel,Topwear,Shirts,Purple,Fall,2011.0,Formal,Peter England Men Stripes Purple Shirt
57032,Women,Apparel,Topwear,Tops,Black,Summer,2012.0,Casual,Forever New Women Black Top
9832,Women,Apparel,Topwear,Tshirts,Orange,Fall,2011.0,Casual,Little Miss Women Printed Rust T-shirt
39255,Men,Footwear,Shoes,Formal Shoes,Black,Winter,2018.0,Formal,Red Chief Men Black Formal Shoes
28498,Men,Apparel,Bottomwear,Shorts,Black,Summer,2012.0,Sports,Urban Yoga Men Black Shorts
22392,Women,Apparel,Topwear,Tops,White,Fall,2011.0,Casual,ADIDAS Women Whalf Striper White Top
15645,Men,Apparel,Bottomwear,Shorts,Black,Winter,2014.0,Sports,Nike Black Dri-fit Cotton     Cricket  Shorts
15566,Women,Footwear,Shoes,Heels,Brown,Winter,2015.0,Casual,Catwalk Women Brown Heels
13081,Men,Footwear,Shoes,Casual Shoes,White,Fall,2011.0,Casual,Numero Uno Men White Casual Shoes
26826,Men,Apparel,Bottomwear,Trousers,Black,Summer,2012.0,Casual,Highlander Men Black Trousers
29845,Men,Apparel,Bottomwear,Trousers,Khaki,Summer,2012.0,Casual,Basics Men Khaki Trousers
43051,Men,Apparel,Bottomwear,Shorts,White,Summer,2012.0,Sports,Nike Men White FFF Shorts
12677,Men,Apparel,Bottomwear,Trousers,Grey,Fall,2011.0,Casual,Probase Men Check Grey Trousers
13785,Men,Apparel,Bottomwear,Trousers,Black,Fall,2011.0,Formal,Belmonte Men Solid Black Trousers
11722,Men,Apparel,Topwear,Shirts,Red,Summer,2011.0,Casual,Lee Men Check Red Shirts
4549,Men,Footwear,Shoes,Sports Shoes,White,Summer,2011.0,Sports,Nike Men's Air Dictate White Shoe
46613,Women,Footwear,Shoes,Heels,Grey,Summer,2012.0,Casual,Catwalk Women Multi Coloured Sandals
17291,Men,Apparel,Bottomwear,Trousers,Khaki,Fall,2011.0,Casual,Peter England Elements  Men Trouser
42729,Women,Footwear,Shoes,Flats,Red,Winter,2012.0,Casual,Rocia Women Red & Black Sandals
14117,Women,Apparel,Bottomwear,Jeans,Blue,Fall,2011.0,Casual,Flying Machine Women Washed Blue Jeans
15677,Men,Apparel,Bottomwear,Trousers,Beige,Fall,2011.0,Casual,Highlander Men Classic Chinos Beige Trousers
45364,Women,Footwear,Shoes,Heels,Beige,Summer,2016.0,Casual,Cobblerz Women Beige Sandals
2965,Men,Footwear,Shoes,Casual Shoes,White,Fall,2010.0,Casual,Puma Men's Excurse White Spectrum Blue Shoe
9400,Men,Footwear,Shoes,Sports Shoes,Black,Fall,2011.0,Sports,Nike Men Dual Fusion Black TR II Sports Shoes
48470,Women,Apparel,Dress,Dresses,Teal,Summer,2012.0,Casual,French Connection Teal Dress
11336,Men,Apparel,Bottomwear,Jeans,Blue,Fall,2011.0,Casual,United Colors of Benetton Men Washed Blue Jeans
9038,Men,Footwear,Shoes,Formal Shoes,Brown,Winter,2011.0,Formal,Buckaroo Men Medina Brown Formal Shoes
5927,Women,Footwear,Shoes,Casual Shoes,White,Summer,2011.0,Casual,ADIDAS Women's Vintage Set White Shoe
16057,Men,Apparel,Bottomwear,Trousers,Brown,Fall,2011.0,Casual,Highlander Men Solid Brown Trouser
15050,Men,Footwear,Shoes,Formal Shoes,Black,Summer,2013.0,Formal,Franco Leone Men Black Formal Shoe
10857,Men,Apparel,Topwear,Tshirts,White,Fall,2011.0,Casual,Wrangler Men Rider Striper Polo White T-Shirts
30260,Men,Footwear,Shoes,Formal Shoes,Black,Winter,2018.0,Casual,Red Tape Men Black Shoes
34856,Men,Footwear,Shoes,Casual Shoes,Black,Summer,2012.0,Casual,Vans Men Classic Slip-On Black Shoes
16516,Men,Apparel,Bottomwear,Jeans,Blue,Fall,2011.0,Casual,Locomotive Men Washed Blue Jeans
36418,Women,Footwear,Shoes,Sports Shoes,Pink,Spring,2013.0,Sports,Spinn Women Alliance Pink Sports Shoes
39328,Girls,Apparel,Bottomwear,Shorts,Green,Summer,2012.0,Casual,Gini and Jony Girls Green Shorts
32487,Men,Apparel,Bottomwear,Shorts,Grey Melange,Summer,2012.0,Sports,Proline Grey Melange Shorts
39577,Women,Footwear,Shoes,Heels,Pink,Winter,2015.0,Casual,Catwalk Women Pink Flats
22500,Women,Footwear,Shoes,Casual Shoes,Blue,Winter,2015.0,Casual,Catwalk Women Blue Casual Shoes
23841,Men,Footwear,Shoes,Casual Shoes,White,Fall,2011.0,Casual,ADIDAS Men White Snipe Lo Casual Shoes
15672,Men,Apparel,Bottomwear,Jeans,Blue,Fall,2011.0,Casual,Highlander Men High Original Blue Jeans
19516,Men,Apparel,Topwear,Sweaters,Black,Fall,2011.0,Casual,United Colors of Benetton Men Black  Sweater
35958,Women,Apparel,Bottomwear,Skirts,Black,Summer,2012.0,Casual,Flying Machine Women Viscose Black Skirt
2384,Men,Footwear,Shoes,Formal Shoes,Black,Winter,2018.0,Formal,Red Tape Men Semi Black Formal Shoes
53228,Men,Apparel,Bottomwear,Trousers,Charcoal,Summer,2012.0,Formal,Mark Taylor Men Charcoal Grey Trousers
43239,Men,Footwear,Shoes,Sports Shoes,White,Summer,2012.0,Sports,Reebok Men White Swift Sports Shoes
3362,Men,Apparel,Topwear,Tshirts,Black,Summer,2011.0,Casual,Myntra Men's Creative designs Black T-shirt
23047,Women,Apparel,Topwear,Sweaters,Charcoal,Fall,2011.0,Casual,Arrow Woman Charcoal Solid Sweater
34090,Men,Footwear,Shoes,Casual Shoes,Navy Blue,Fall,2012.0,Casual,Numero Uno Men Navy Leather Shoes
56930,Women,Footwear,Shoes,Flats,Purple,Winter,2012.0,Casual,HM Women Purple Sandals
7561,Men,Apparel,Topwear,Tshirts,White,Summer,2011.0,Sports,Nike Men's As Spher White T-shirt
24628,Men,Footwear,Shoes,Formal Shoes,Black,Fall,2011.0,Formal,Arrow Men Black Formal Shoes
2503,Men,Footwear,Shoes,Casual Shoes,Brown,Fall,2012.0,Casual,Numero Uno Men's Casual Brown Canvas Shoe
20372,Women,Apparel,Bottomwear,Track Pants,Purple,Fall,2011.0,Casual,Urban Yoga Women Solid Purple Track Pants
16330,Men,Apparel,Bottomwear,Trousers,Brown,Fall,2011.0,Casual,Peter England Men Solid Brown Trouser
28808,Men,Apparel,Topwear,Shirts,Black,Summer,2012.0,Casual,Denizen Men Striped Black Shirt
42020,Men,Footwear,Shoes,Casual Shoes,Brown,Summer,2012.0,Casual,ADIDAS Men Brown Mudslide Shoes
26384,Men,Apparel,Bottomwear,Trousers,Black,Summer,2012.0,Formal,Turtle Men Black Trousers
13562,Women,Footwear,Shoes,Heels,Purple,Spring,2013.0,Casual,Carlton London Women Casual Purple Flats
7041,Men,Footwear,Shoes,Casual Shoes,Black,Summer,2011.0,Casual,Numero Uno Black Men's Shoe
10294,Men,Footwear,Shoes,Formal Shoes,Brown,Fall,2012.0,Formal,Clarks Men Feeling Good Leather Brown Formal Shoes
10302,Men,Footwear,Shoes,Formal Shoes,Brown,Spring,2012.0,Formal,Clarks Men Leather Brown Formal Shoes
13237,Men,Apparel,Bottomwear,Shorts,Blue,Fall,2011.0,Casual,Palm Tree Kids Boys Washed Blue Shorts
5402,Women,Footwear,Shoes,Sports Shoes,Purple,,2011.0,Sports,Kalenji Ekiden 200 Wn Purple 2011
18536,Men,Footwear,Shoes,Sports Shoes,White,Fall,2011.0,Sports,Puma Men Commander White Sports Shoes
23932,Men,Footwear,Shoes,Sports Shoes,White,Summer,2011.0,Sports,Lotto Men White Advantage  Sports Shoes
28499,Men,Apparel,Bottomwear,Track Pants,Black,Summer,2012.0,Sports,Urban Yoga Men Black Track Pants
2379,Men,Footwear,Shoes,Formal Shoes,Black,Winter,2018.0,Formal,Red Tape Men's Black Formal Shoe
23401,Women,Apparel,Bottomwear,Jeans,Blue,Summer,2012.0,Casual,Spykar Women Jeans
59050,Women,Footwear,Shoes,Heels,Red,Winter,2012.0,Casual,Carlton London Women Red & Black Heels
33993,Women,Apparel,Topwear,Shirts,Black,Summer,2012.0,Casual,Femella Women Black Shirt
6900,Men,Footwear,Shoes,Casual Shoes,Black,Summer,2011.0,Casual,Puma Men's Lifestyle Canvas Blue Shoe
53795,Men,Apparel,Topwear,Tshirts,Black,Summer,2012.0,Casual,Puma Men Black T-shirt
11901,Men,Footwear,Shoes,Formal Shoes,Maroon,Fall,2011.0,Formal,Franco Leone Men Formal Maroon Formal Shoes
39764,Women,Apparel,Bottomwear,Trousers,Navy Blue,Summer,2012.0,Casual,Arrow Woman Navy Blue Trouser
25529,Men,Apparel,Topwear,Shirts,White,Summer,2012.0,Casual,Wrangler Men Griffith White Shirt
6243,Men,Apparel,Topwear,Tshirts,Green,Summer,2011.0,Casual,UCB Men's Contrast Logo Olive Green T-shirt
35650,Men,Footwear,Shoes,Formal Shoes,Black,Summer,2012.0,Formal,U.S. Polo Assn. Men Black Formal Shoes
47453,Women,Footwear,Shoes,Flats,Black,Fall,2012.0,Casual,Tiptopp Women Black Sandals
12530,Women,Apparel,Topwear,Tshirts,Blue,Fall,2011.0,Casual,Puma Women Stripes Blue Tshirts
10360,Women,Apparel,Dress,Dresses,Black,Fall,2011.0,Casual,United Colors of Benetton Women Black Dress
6882,Women,Apparel,Topwear,Jackets,Cream,Summer,2011.0,Casual,Forever New Women Long Peach Jacket
22125,Men,Footwear,Shoes,Formal Shoes,Black,Fall,2011.0,Formal,Provogue Men Black Formal Shoes
49614,Women,Footwear,Shoes,Heels,Brown,Winter,2015.0,Casual,Catwalk Women Brown Heels
43678,Women,Apparel,Dress,Dresses,White,Summer,2012.0,Casual,French Connection Women White Dress
57091,Women,Apparel,Bottomwear,Skirts,Black,Summer,2012.0,Casual,Elle Women Black Skirt
7352,Men,Apparel,Topwear,Tshirts,Purple,Fall,2011.0,Casual,Tantra Men's Whatever Purple T-shirt
15642,Men,Apparel,Bottomwear,Track Pants,Black,Winter,2014.0,Sports,Nike Black Dri-fit Cotton     Cricket  Track Pants
57108,Women,Apparel,Topwear,Tops,White,Summer,2012.0,Casual,Elle Women White Top
26537,Men,Footwear,Shoes,Casual Shoes,Blue,Winter,2015.0,Casual,ID Men Blue Shoes
54128,Women,Footwear,Shoes,Heels,Silver,Winter,2012.0,Casual,Rocia Women Silver Heels
38329,Girls,Apparel,Topwear,Tops,Off White,Summer,2012.0,Casual,Hannah Montana Girls Off White Tops
11498,Women,Footwear,Shoes,Heels,White,Winter,2015.0,Casual,Catwalk Women Lifestyle White Heels
17684,Women,Footwear,Shoes,Casual Shoes,Grey,Winter,2015.0,Casual,Catwalk Women Ballerina Grey Casual Shoe
35826,Men,Footwear,Shoes,Sports Shoes,White,Summer,2012.0,Sports,Fila Men Cavier White Sports Shoes
57489,Men,Footwear,Shoes,Casual Shoes,Brown,Fall,2012.0,Formal,Lee Cooper Men Brown Shoes
6448,Men,Footwear,Shoes,Casual Shoes,Brown,Summer,2011.0,Casual,Lotto Men's Calcetto Brown Shoe
17898,Men,Apparel,Topwear,Jackets,Grey,Fall,2011.0,Casual,Nike Men Casual Grey Jacket
11503,Women,Footwear,Shoes,Heels,Blue,Spring,2013.0,Casual,Catwalk Women Lifestyle Blue Flats
43421,Men,Apparel,Bottomwear,Jeans,Navy Blue,Summer,2012.0,Casual,Spykar Men Navy Blue Jeans
11948,Men,Footwear,Shoes,Casual Shoes,Black,Summer,2012.0,Casual,Ganuchi Men Casual Black Casual Shoes
19728,Women,Apparel,Topwear,Shirts,Purple,Summer,2011.0,Casual,United Colors of Benetton Women Solid Purple Shirt
11013,Women,Apparel,Topwear,Tops,Multi,Fall,2011.0,Casual,Wrangler Women Frill Check Multi Tops
23670,Men,Apparel,Topwear,Tshirts,Green,Fall,2011.0,Casual,Spykar Men Green Printed T-shirts
13124,Men,Footwear,Shoes,Formal Shoes,Tan,Fall,2012.0,Formal,Lee Cooper Men Tan Formal Shoes
19744,Men,Apparel,Topwear,Jackets,Green,Fall,2011.0,Casual,ADIDAS Originals Men Solid Green Jacket
35712,Men,Footwear,Shoes,Sports Shoes,Grey,Summer,2012.0,Sports,Nike Men Dual Fusion TR III Grey Sports Shoes
14125,Men,Apparel,Bottomwear,Jeans,Blue,Fall,2011.0,Casual,Flying Machine Men Washed Blue Jeans
18231,Men,Apparel,Topwear,Tshirts,Navy Blue,Fall,2011.0,Casual,Manchester United Men Printed Navy Blue Tshirt
9519,Men,Apparel,Topwear,Shirts,Maroon,Fall,2011.0,Formal,John Miller Men white pink black check Maroon Shirts
8175,Women,Footwear,Shoes,Heels,Brown,Winter,2015.0,Casual,Catwalk Women Casual Brown Flats
41771,Women,Apparel,Topwear,Tops,Green,Summer,2012.0,Casual,Remanika Women Striped Green Top
24054,Men,Apparel,Topwear,Tshirts,Blue,Fall,2011.0,Casual,Locomotive Men Printed Blue T-shirt
16932,Men,Apparel,Topwear,Tshirts,Off White,Fall,2011.0,Casual,Spykar Men Off White Polo Tshirt
44783,Men,Footwear,Shoes,Sports Shoes,White,Summer,2012.0,Sports,Lotto Men White & Silver Sports Shoes
23089,Men,Apparel,Bottomwear,Trousers,Beige,Fall,2011.0,Casual,Arrow Men Beige Trousers
45799,Women,Footwear,Shoes,Flats,Copper,Fall,2012.0,Casual,Senorita Women Copper Sandals
17927,Men,Apparel,Bottomwear,Track Pants,Black,Fall,2011.0,Sports,Nike Men Trainng Black Track Pant
6621,Men,Footwear,Shoes,Sports Shoes,Black,Summer,2011.0,Sports,ADIDAS Men's Boris Black Shoe
47616,Women,Footwear,Shoes,Flats,Brown,Fall,2014.0,Casual,Portia Women Brown Flats
13515,Women,Apparel,Bottomwear,Skirts,Blue,Fall,2011.0,Casual,Palm Tree Kids Girl Washed Blue Skirts
2370,Men,Footwear,Shoes,Formal Shoes,Black,Winter,2018.0,Formal,Red Tape Men's Semi Black Formal Shoe
36203,Boys,Apparel,Bottomwear,Shorts,Beige,Summer,2012.0,Casual,Gini Jony Boys Beige Shorts
13105,Men,Apparel,Topwear,Jackets,Black,Fall,2011.0,Sports,ADIDAS Men Ess 3s Rainjkt Black Jackets
45575,Men,Footwear,Shoes,Formal Shoes,Tan,Summer,2012.0,Formal,Arrow Men Tan Formal Shoes
45811,Women,Footwear,Shoes,Heels,Yellow,Summer,2012.0,Casual,Senorita Women Yellow Flats
32437,Men,Apparel,Bottomwear,Track Pants,Navy Blue,Summer,2012.0,Sports,ADIDAS Men Navy Blue Track Pants
32426,Men,Apparel,Bottomwear,Shorts,White,Summer,2012.0,Sports,ADIDAS Men White Shorts
49598,Women,Footwear,Shoes,Heels,Grey,Winter,2015.0,Casual,Catwalk Women Black & Grey Heels
6740,Women,Footwear,Shoes,Sports Shoes,Grey,Summer,2011.0,Sports,Nike Women Air Pegasus+ 28 Grey White Pink Shoe
45810,Women,Footwear,Shoes,Heels,Silver,Summer,2012.0,Casual,Senorita Women Silver Flats
35477,Men,Footwear,Shoes,Formal Shoes,Black,Summer,2012.0,Formal,Bata Men Remo Black Formal Shoes
29263,Men,Footwear,Shoes,Sports Shoes,Black,Summer,2012.0,Sports,ADIDAS Men aStar Ride 4M Black Sports Shoes
45587,Men,Footwear,Shoes,Formal Shoes,Brown,Summer,2013.0,Formal,Arrow Men Brown Formal Shoes
10286,Men,Footwear,Shoes,Formal Shoes,Black,Fall,2012.0,Formal,Clarks Men Hang Tough Leather Black Formal Shoes
46817,Women,Footwear,Shoes,Flats,Black,Winter,2015.0,Casual,Catwalk Black Casual Shoes
15007,Men,Apparel,Topwear,Jackets,Black,Fall,2011.0,Sports,ADIDAS Originals Men Solid Black Jackets
20261,Men,Apparel,Topwear,Tshirts,White,Fall,2011.0,Casual,Wrangler Men Tee White T-shirt
49582,Women,Footwear,Shoes,Heels,Gold,Winter,2015.0,Casual,Catwalk Women Gold Flats
54973,Women,Apparel,Dress,Dresses,Off White,Summer,2012.0,Casual,Femella Women Off White Dress
56943,Women,Footwear,Shoes,Flats,Black,Winter,2012.0,Casual,HM Women Black Sandals
19332,Women,Apparel,Topwear,Jackets,Black,Fall,2011.0,Casual,United Colors of Benetton Women Solid Black Jacket
54526,Men,Footwear,Shoes,Sports Shoes,White,Fall,2012.0,Sports,F Sports Men White Zero Gravity Sports Shoes
24187,Men,Footwear,Shoes,Casual Shoes,Black,Summer,2012.0,Casual,Converse Men All Star Black Shoes
49577,Women,Footwear,Shoes,Flats,Pink,Winter,2015.0,Casual,Catwalk Women Pink Shoes
15713,Men,Footwear,Shoes,Sports Shoes,Black,Fall,2011.0,Sports,Nike Men Air Relentless Black Sports Shoes
21117,Men,Apparel,Topwear,Shirts,White,Fall,2011.0,Casual,s.Oliver Men Solid White Shirt
39236,Women,Apparel,Topwear,Tops,Pink,Summer,2012.0,Casual,Femella Women Pink Layered Frilly Chiffon Top
32855,Women,Footwear,Shoes,Heels,Beige,Winter,2012.0,Casual,Grendha Women Kall Ad Beige Flats
2621,Men,Apparel,Topwear,Tshirts,Blue,Fall,2010.0,Sports,Nike Men's Bleed blue India Colors T-shirt
53139,Women,Footwear,Shoes,Heels,Blue,Winter,2015.0,Casual,Catwalk Women Blue & White Sandals
35261,Women,Apparel,Topwear,Tops,White,Summer,2012.0,Casual,Lee Women Jennifer White Top
47532,Women,Footwear,Shoes,Flats,Black,Winter,2012.0,Ethnic,Portia Women Black & Gold-Toned Sandals
7869,Men,Footwear,Shoes,Formal Shoes,Black,Summer,2011.0,Formal,Provogue Men's Formal Black Shoe
11888,Men,Footwear,Shoes,Formal Shoes,Black,Summer,2013.0,Formal,Franco Leone Men Black Semi-Formal Shoes
18976,Men,Apparel,Bottomwear,Track Pants,Red,Summer,2011.0,Casual,ADIDAS Originals Men Firebird Red Track Pants
9784,Men,Footwear,Shoes,Formal Shoes,Brown,Winter,2018.0,Formal,Red Tape Men formal Brown Formal Shoes
3534,Women,Apparel,Topwear,Tshirts,Black,Summer,2011.0,Casual,Myntra Women's I Want You Black T-shirt
13799,Men,Apparel,Topwear,Sweaters,Purple,Fall,2011.0,Casual,Proline Purple Striped Sweater
37266,Girls,Apparel,Dress,Dresses,Navy Blue,Summer,2012.0,Casual,United Colors of Benetton Girls Printed Navy Blue Dress
19948,Men,Apparel,Bottomwear,Shorts,Black,Summer,2011.0,Casual,Puma Men Black Baggy Shorts
57986,Women,Apparel,Dress,Dresses,Grey,Fall,2012.0,Casual,Latin Quarters Women Grey Dress
29177,Boys,Apparel,Bottomwear,Shorts,Blue,Summer,2012.0,Casual,United Colors of Benetton Boys Blue Shorts
9031,Men,Footwear,Shoes,Casual Shoes,Tan,Winter,2011.0,Casual,Buckaroo Men loma Tan Casual Shoes
14309,Men,Apparel,Topwear,Jackets,Navy Blue,Fall,2011.0,Casual,ADIDAS Men Solid Navy Blue Jackets
3221,Men,Footwear,Shoes,Sports Shoes,White,Fall,2010.0,Sports,Puma Men's Kuris White Grey Shoe
8901,Men,Apparel,Bottomwear,Trousers,Grey,Fall,2011.0,Formal,Indigo Nation Men PV stretch Grey Trousers
19430,Men,Apparel,Bottomwear,Shorts,Grey,Summer,2012.0,Casual,Quiksilver Men Grey Hammonds Cargo Shorts
30946,Women,Apparel,Topwear,Tops,Blue,Summer,2012.0,Ethnic,Fabindia Women Blue Cambric Top
39080,Men,Apparel,Bottomwear,Shorts,Brown,Summer,2012.0,Casual,Arrow Sport Men Brown Cargo Shorts
43951,Women,Footwear,Shoes,Heels,Bronze,Winter,2012.0,Casual,Catwalk Women Bronze Heels
17737,Women,Footwear,Shoes,Flats,Black,Fall,2011.0,Casual,Puma Women Body Train Black Slipper
2889,Women,Footwear,Shoes,Heels,Brown,Winter,2015.0,Casual,Catwalk Women Leather Cutshoe Brown Flats
59963,Women,Apparel,Dress,Dresses,Multi,Fall,2012.0,Casual,Avirate Women Multi Coloured Dress
15966,Men,Apparel,Topwear,Jackets,Grey,Fall,2011.0,Casual,Turtle Solid Men Grey Jacket
11932,Women,Footwear,Shoes,Flats,Black,Winter,2015.0,Casual,Skechers Women Tone Black Sandals
33693,Men,Footwear,Shoes,Formal Shoes,Black,Winter,2012.0,Formal,Cobblerz Men Black Leather Semiformal Shoes
33339,Men,Footwear,Shoes,Formal Shoes,Black,Summer,2012.0,Formal,Homme Men Black Formal Shoes
11343,Men,Apparel,Bottomwear,Jeans,Blue,Summer,2017.0,Casual,Lee Men Blue Chicago Fit Jeans
13112,Men,Apparel,Bottomwear,Shorts,Black,Fall,2011.0,Sports,ADIDAS Men Rsp Ds 7in Black Shorts
46412,Men,Apparel,Topwear,Jackets,White,Summer,2012.0,Sports,ADIDAS Men White & Blue Jacket
47606,Women,Footwear,Shoes,Heels,White,Winter,2012.0,Casual,Portia Women White Wedges
37769,Men,Apparel,Topwear,Shirts,White,Summer,2012.0,Casual,John Players Men Stripes White Shirt
15006,Men,Apparel,Topwear,Jackets,White,Fall,2011.0,Sports,ADIDAS Men Solid White Jackets
38568,Men,Apparel,Bottomwear,Shorts,Black,Summer,2012.0,Casual,Nike Men Black Running Shorts
8452,Women,Apparel,Topwear,Tops,Blue,Fall,2011.0,Casual,Jealous 21 Women Jealous Rain Blue Top Blue Tops
12487,Men,Footwear,Shoes,Formal Shoes,Brown,Fall,2012.0,Formal,Clarks Men Leather Brown Formal Shoes
12482,Men,Footwear,Shoes,Formal Shoes,Black,Summer,2013.0,Formal,Clarks Men Leather Black Formal Shoes
39743,Girls,Apparel,Topwear,Tops,White,Summer,2012.0,Casual,Gini Jony Girls Printed White Top
16504,Men,Apparel,Bottomwear,Jeans,Blue,Fall,2011.0,Casual,Locomotive Men Washed Blue Jeans
43670,Women,Apparel,Topwear,Tops,Multi,Summer,2012.0,Casual,ONLY Women Multi Coloured Top
24260,Men,Footwear,Shoes,Casual Shoes,White,Summer,2012.0,Casual,Numero Uno Men White Shoes
46215,Men,Footwear,Shoes,Sports Shoes,Orange,Summer,2012.0,Sports,ADIDAS Men Orange Sports Shoes
48472,Women,Apparel,Dress,Dresses,Black,Summer,2012.0,Casual,French Connection Black Dress
57997,Women,Apparel,Dress,Dresses,Blue,Fall,2012.0,Casual,Latin Quarters Women Blue Dress
26153,Men,Apparel,Bottomwear,Trousers,Black,Summer,2012.0,Formal,John Miller Men Striped Black Trousers
31977,Women,Footwear,Shoes,Sports Shoes,Olive,Summer,2012.0,Sports,Nike Women Lunarswift +3 Olive Sports Shoes
35055,Men,Footwear,Shoes,Formal Shoes,Black,Summer,2012.0,Formal,Windsor Men Black Formal Shoes
19042,Women,Footwear,Shoes,Heels,Blue,Winter,2015.0,Casual,Catwalk Women Moccasin Blue Casual Shoes
12792,Men,Apparel,Topwear,Tshirts,Black,Fall,2011.0,Sports,Nike Men Manchester United Black Jersey
16166,Men,Footwear,Shoes,Formal Shoes,Brown,Fall,2011.0,Formal,Enroute Men Leather Brown Formal Shoes
10052,Women,Apparel,Bottomwear,Shorts,Black,Fall,2011.0,Casual,Puma Women Trunk Black Shorts
11073,Men,Apparel,Topwear,Sweaters,Black,Fall,2011.0,Casual,Scullers Men Stripes Black Sweaters
33760,Women,Apparel,Topwear,Tops,White,Summer,2012.0,Casual,Vero Moda Women Viva White Top
52162,Women,Apparel,Dress,Dresses,Black,Summer,2012.0,Casual,Femella Women Black Striped Tank Dress
39727,Women,Apparel,Topwear,Shirts,Blue,Summer,2012.0,Formal,Arrow Woman Blue Shirt
27938,Women,Apparel,Bottomwear,Jeans,Blue,Summer,2012.0,Casual,Jealous 21 Women Blue Magic Colour Jeans
20833,Men,Footwear,Shoes,Formal Shoes,Black,Fall,2012.0,Formal,Clarks Men Black Formal Shoes
4513,Unisex,Footwear,Shoes,Sports Shoes,Black,Summer,2011.0,Sports,Lotto Unisex Brooklyn Black Shoe
33487,Men,Apparel,Topwear,Shirts,Red,Summer,2012.0,Casual,Doodle Kids Boy Check Red Shirt
10064,Men,Apparel,Topwear,Tshirts,Yellow,Fall,2011.0,Casual,Puma Men puma shield tee Yellow Tshirts
13482,Women,Footwear,Shoes,Flats,Black,Winter,2012.0,Casual,Rocia Women Black Flats
39808,Men,Apparel,Bottomwear,Trousers,Khaki,Spring,2013.0,Formal,Peter England Men Khaki Trousers
13109,Men,Apparel,Bottomwear,Track Pants,Black,Fall,2011.0,Sports,ADIDAS Men Pant Climalite Black Track Pants
41992,Boys,Apparel,Bottomwear,Shorts,Black,Summer,2012.0,Casual,Gini and Jony Boys Customised Black Shorts
32806,Women,Footwear,Shoes,Heels,Black,Winter,2012.0,Casual,iPanema Women Ritmos Black Heels
20752,Women,Footwear,Shoes,Heels,Gold,Winter,2012.0,Casual,Carlton London Women Classy Gold Stilettos
18727,Women,Apparel,Topwear,Sweaters,Navy Blue,Fall,2011.0,Casual,Arrow Woman Venetia Navy Blue Sweater
47528,Women,Footwear,Shoes,Flats,Gold,Winter,2012.0,Casual,Portia Women Black & Gold-Toned Sandals
2504,Men,Footwear,Shoes,Casual Shoes,White,Fall,2010.0,Casual,Numero Uno Men's Casual White Canvas Shoe
13883,Men,Apparel,Topwear,Shirts,Purple,Fall,2011.0,Casual,Scullers Men Check Purple Shirts
40580,Women,Apparel,Topwear,Tops,White,Summer,2012.0,Casual,W Women White Top
7189,Women,Apparel,Bottomwear,Jeans,Blue,Fall,2011.0,Casual,Jealous 21 Women Rinse Wash Blue Jegging
4147,Women,Footwear,Shoes,Sports Shoes,White,Summer,2011.0,Sports,Nike Women Glide White Grey Shoe
8349,Boys,Apparel,Topwear,Tshirts,Green,Fall,2011.0,Casual,Doodle Boy's I love Driving Green Kidswear
41346,Men,Apparel,Bottomwear,Jeans,Navy Blue,Summer,2016.0,Casual,Wrangler Men Navy Blue Texas Jeans
5092,Men,Apparel,Topwear,Tshirts,Purple,Summer,2011.0,Casual,Wrangler Men's Minstrel Shoulder Loop Purple T-shirt
17013,Women,Footwear,Shoes,Flats,Gold,Winter,2012.0,Casual,Rocia Women Gold Toned Flats
34234,Men,Apparel,Topwear,Tshirts,Navy Blue,Summer,2013.0,Casual,Proline Men Navy Polo T-shirt
4321,Unisex,Apparel,Topwear,Tshirts,Red,Summer,2011.0,Casual,Tantra Kid's Unisex Genius Red Kidswear
45407,Women,Footwear,Shoes,Flats,Brown,Summer,2012.0,Casual,Rocia Women Brown Sandals
11377,Men,Apparel,Topwear,Shirts,Pink,Fall,2011.0,Formal,United Colors of Benetton Men Summer Pink Shirts
48397,Men,Apparel,Bottomwear,Jeans,Grey,Summer,2012.0,Casual,French Connection Men Grey Jeans
10498,Women,Apparel,Topwear,Tops,Navy Blue,Fall,2011.0,Casual,Flying Machine Women RN Blue Tops
54919,Men,Apparel,Bottomwear,Shorts,Olive,Summer,2012.0,Casual,Do u speak green Men Olive 3/4th Pant
24845,Men,Apparel,Topwear,Jackets,Beige,Summer,2015.0,Casual,Wildcraft Men Wind Cheaters Beige Jacket
7956,Men,Apparel,Bottomwear,Shorts,Grey,Fall,2011.0,Casual,Puma Men's Jersey Grey Short
52074,Men,Apparel,Topwear,Tshirts,Yellow,Summer,2012.0,Casual,Myntra Men Yellow & Blue T-shirt
13080,Men,Footwear,Shoes,Casual Shoes,Black,Summer,2013.0,Casual,Numero Uno Men Black Casual Shoes
13411,Men,Apparel,Topwear,Shirts,Pink,Summer,2011.0,Casual,United Colors of Benetton Men Stripes Pink Shirts
14293,Men,Apparel,Topwear,Tshirts,Blue,Fall,2011.0,Casual,Classic Polo Men Stripes Blue Tshirts
27203,Men,Apparel,Bottomwear,Jeans,Blue,Summer,2012.0,Casual,Doodle Kids Boy  Blue Jeans
7194,Women,Apparel,Topwear,Tops,White,Fall,2011.0,Casual,Jealous 21 Women's BFF Printed White Top
13544,Women,Footwear,Shoes,Flats,Coffee Brown,Winter,2012.0,Casual,Carlton London Women Coffee Brown Desert Boots
17197,Men,Apparel,Topwear,Sweaters,Green,Winter,2016.0,Casual,U.S. Polo Assn. Men Stripes Green Sweater
9697,Men,Footwear,Shoes,Formal Shoes,Black,Fall,2011.0,Formal,Hush Puppies Men Jungle Black Formal Shoes
16194,Men,Apparel,Topwear,Sweaters,Grey,Fall,2011.0,Casual,Puma Men Stripped SL Grey Sweater
47612,Women,Footwear,Shoes,Heels,Black,Winter,2012.0,Casual,Portia Women Black Wedges
32757,Men,Footwear,Shoes,Casual Shoes,Multi,Fall,2012.0,Casual,Fila Men Glam II Multi Coloured Shoes
5774,Women,Apparel,Topwear,Tops,White,Summer,2011.0,Casual,Jealous 21 Women's White Sleeveless Graphic Top
39890,Men,Footwear,Shoes,Sports Shoes,White,Fall,2013.0,Sports,ADIDAS Men White Desma Sports Shoes
13831,Men,Apparel,Topwear,Sweaters,Maroon,Fall,2011.0,Casual,Indigo Nation Men Stripes Maroon Sweaters
9178,Men,Apparel,Bottomwear,Jeans,Blue,Fall,2011.0,Casual,Locomotive Men Eero Blue Jeans
12486,Men,Footwear,Shoes,Formal Shoes,Black,Spring,2012.0,Formal,Clarks Men Leather Black Formal Shoes
8951,Men,Apparel,Bottomwear,Trousers,Black,Fall,2011.0,Casual,Indigo Nation Men ID Yarn Dyed Black Trousers
11284,Men,Apparel,Bottomwear,Jeans,Blue,Fall,2011.0,Casual,Wrangler Men Blue Texas Jeans
27913,Women,Apparel,Bottomwear,Trousers,Grey,Summer,2012.0,Formal,Scullers For Her Women Grey Trousers
25018,Women,Footwear,Shoes,Flats,Blue,Fall,2011.0,Casual,United Colors of Benetton Women Blue Ballerinas
47204,Men,Footwear,Shoes,Formal Shoes,Brown,Summer,2012.0,Formal,Franco Leone Men Brown Formal Shoes
31328,Men,Footwear,Shoes,Formal Shoes,Brown,Summer,2012.0,Casual,Franco Leone Men Brown Formal Shoes
6083,Women,Apparel,Topwear,Tshirts,Pink,Summer,2011.0,Casual,UCB Women's Halftone Print Pink T-shirt
6873,Women,Apparel,Dress,Dresses,Black,Summer,2011.0,Casual,Forever New Women's Top Black Dress
12196,Men,Apparel,Topwear,Tshirts,White,Fall,2011.0,Casual,Basics Men White Polo T-shirt
40085,Men,Apparel,Bottomwear,Shorts,White,Winter,2014.0,Casual,ADIDAS Men White Chelsea Shorts
47546,Women,Footwear,Shoes,Heels,Silver,Winter,2012.0,Casual,Portia Women Silver Flats
21119,Men,Apparel,Topwear,Sweaters,Black,Fall,2011.0,Casual,s.Oliver Men Black Sweater
54116,Women,Footwear,Shoes,Heels,Maroon,Winter,2012.0,Casual,Rocia Women Maroon Sandals
47539,Women,Footwear,Shoes,Flats,White,Winter,2012.0,Casual,Portia Women White Flats
48514,Women,Apparel,Topwear,Tops,Grey,Summer,2012.0,Casual,French Connection Women Grey Top
10282,Women,Footwear,Shoes,Flats,Black,Winter,2013.0,Casual,Clarks Women Spice Pat Black Flats
20322,Men,Apparel,Topwear,Shirts,Maroon,Summer,2011.0,Casual,Mother Earth Men Solid Maroon Shirt
16214,Men,Apparel,Bottomwear,Track Pants,Navy Blue,Fall,2011.0,Sports,Puma Men Heroes Navy Blue Track Pant
34031,Boys,Apparel,Topwear,Shirts,Blue,Summer,2012.0,Casual,Gini and Jony Boys Check Blue Shirt
27904,Women,Apparel,Bottomwear,Trousers,Grey,Summer,2012.0,Formal,Scullers For Her Grey Trousers
6331,Men,Apparel,Topwear,Shirts,Yellow,Summer,2011.0,Casual,UCB Men Ben Logo Yellow Shirt
33966,Women,Apparel,Topwear,Tops,Black,Summer,2012.0,Casual,Femella Women Black Top
18238,Men,Apparel,Topwear,Tshirts,White,Fall,2011.0,Casual,Manchester United Men Printed White Tshirt
50166,Women,Footwear,Shoes,Heels,Blue,Winter,2012.0,Casual,Rocia Women Blue Wedges
39562,Women,Footwear,Shoes,Heels,Beige,Winter,2015.0,Casual,Catwalk Women Beige Peep Toes
50722,Girls,Apparel,Dress,Dresses,Pink,Summer,2012.0,Casual,Doodle Girls Pink Printed Dress
14102,Women,Apparel,Topwear,Tops,Brown,Fall,2011.0,Casual,Flying Machine Women Solid Brown Tops
7593,Men,Footwear,Shoes,Sports Shoes,White,Summer,2011.0,Sports,Nike Men Zoom Vapor 8 White Red Shoe
47619,Women,Footwear,Shoes,Flats,Red,Fall,2014.0,Casual,Portia Women Yellow & Red Flats
10635,Men,Footwear,Shoes,Casual Shoes,Black,Fall,2011.0,Casual,Carlton London Men Semi oxfords Black Casual Shoes
9053,Men,Footwear,Shoes,Sports Shoes,Grey,Fall,2011.0,Sports,ADIDAS Men Duramo 3 M Grey Sports Shoes
7754,Men,Footwear,Shoes,Casual Shoes,Black,Fall,2011.0,Casual,Fila Men's Agony Black Red Shoe
18905,Men,Footwear,Shoes,Sports Shoes,Black,Fall,2011.0,Sports,ADIDAS Men Response Cushion 20 Black Sports Shoes
10117,Men,Footwear,Shoes,Sports Shoes,Silver,Fall,2011.0,Sports,Reebok Men Premier Zigfly Silver Sports Shoes
42690,Women,Footwear,Shoes,Flats,Bronze,Winter,2012.0,Casual,Rocia Women Bronze Sandals
12808,Men,Apparel,Topwear,Jackets,Blue,Fall,2011.0,Sports,Nike Men Zip Pocket Blue Jackets
26995,Women,Apparel,Bottomwear,Jeans,Blue,Summer,2012.0,Casual,Jealous 21 Women Washed Light Blue Jeans
38942,Boys,Apparel,Topwear,Shirts,White,Summer,2012.0,Casual,Gini and Jony Boys Check White Shirt
40690,Men,Footwear,Shoes,Formal Shoes,Black,Summer,2012.0,Formal,Numero Uno Men Black Formal Shoes
8722,Men,Apparel,Topwear,Shirts,Green,Fall,2011.0,Casual,Indigo Nation Men Stripes Green Shirts
35782,Women,Footwear,Shoes,Heels,Pink,Summer,2012.0,Casual,Enroute Women Pink Flats
37580,Girls,Apparel,Bottomwear,Shorts,Pink,Winter,2012.0,Casual,Madagascar 3 Girls Pink Shorts
9768,Men,Apparel,Topwear,Jackets,Black,Fall,2011.0,Casual,ADIDAS Men Adna Black Jackets
12199,Men,Apparel,Topwear,Tshirts,Blue,Summer,2015.0,Casual,Basics Men Blue Polo T-shirt
17195,Men,Apparel,Topwear,Sweaters,Green,Winter,2016.0,Casual,U.S. Polo Assn. Men Stripes Green Sweater
12953,Men,Apparel,Bottomwear,Trousers,Brown,Fall,2011.0,Casual,Basics Men Brown Trousers
20219,Men,Apparel,Topwear,Sweaters,Red,Fall,2011.0,Casual,Wrangler Men Rib Red Sweater
34632,Men,Footwear,Shoes,Sports Shoes,Grey,Summer,2012.0,Sports,Lotto Men Dolce Vita II Grey Sports Shoes
42402,Women,Apparel,Bottomwear,Jeans,Blue,Summer,2012.0,Casual,Flying Machine Women Blue Denim Shorts
24992,Girls,Apparel,Bottomwear,Shorts,Pink,Summer,2012.0,Casual,United Colors of Benetton Kids Girls Pink Shorts
54980,Women,Apparel,Dress,Dresses,Grey,Summer,2012.0,Casual,Femella Women Grey & Coral Dress
24892,Men,Apparel,Topwear,Tshirts,Black,Fall,2011.0,Casual,United Colors of Benetton Men Black T-shirt
43420,Men,Apparel,Bottomwear,Jeans,Blue,Summer,2012.0,Casual,Spykar Men Blue Jeans
14940,Men,Apparel,Bottomwear,Shorts,Black,Fall,2011.0,Casual,Status Quo Men Solid Black Shorts
8983,Men,Footwear,Shoes,Casual Shoes,Black,Fall,2011.0,Casual,Puma Men Evo Ducati Lo Black Casual Shoes
47645,Men,Footwear,Shoes,Formal Shoes,Black,Winter,2012.0,Formal,Carlton London Men Black Formal Shoes
48066,Men,Apparel,Bottomwear,Jeans,Black,Summer,2012.0,Casual,French Connection Men Black Jeans
59989,Women,Apparel,Dress,Dresses,Black,Fall,2012.0,Party,Avirate Women Black Dress
51394,Men,Apparel,Bottomwear,Shorts,Red,Summer,2012.0,Casual,Myntra Men Red Check Shorts
45983,Women,Apparel,Topwear,Tops,Blue,Summer,2012.0,Casual,Tokyo Talkies Women Blue Printed Top
38156,Men,Apparel,Topwear,Jackets,Green,Summer,2012.0,Casual,Wildcraft Men Green Fleece Sleeveless Jacket
3752,Men,Apparel,Topwear,Tshirts,Green,Summer,2011.0,Casual,Status Quo Men's Music Revolution Green T-shirt
33768,Men,Footwear,Shoes,Casual Shoes,Tan,Summer,2012.0,Casual,ADIDAS Neo Men Utility Deck Tan Shoes
44746,Men,Footwear,Shoes,Casual Shoes,Olive,Summer,2012.0,Casual,Globalite Men Olive Sparta Shoes
7307,Women,Apparel,Topwear,Tops,White,Summer,2011.0,Casual,UCB Women Sleeveless White Top
7842,Women,Footwear,Shoes,Sports Shoes,Black,Fall,2011.0,Sports,Puma Women Osu NM Black Purple Shoe
11741,Men,Apparel,Topwear,Tshirts,Navy Blue,Fall,2011.0,Casual,Lee Men Stripes Navy Blue T-shirt
40423,Women,Apparel,Topwear,Tops,White,Summer,2012.0,Casual,Tonga Women White Top
26162,Men,Apparel,Bottomwear,Trousers,Black,Summer,2012.0,Formal,John Miller Men Black Trousers
12934,Men,Apparel,Topwear,Tshirts,Blue,Fall,2011.0,Casual,Classic Polo Men Rugby Scrum Blue Tshirts
16070,Men,Apparel,Bottomwear,Trousers,Khaki,Fall,2011.0,Casual,Highlander Men Solid Khaki Trouser
27924,Women,Apparel,Bottomwear,Trousers,Beige,Summer,2012.0,Casual,Scullers For Her Beige Trousers
57029,Women,Apparel,Topwear,Tops,Pink,Summer,2012.0,Casual,Forever New Women Pink Top
15059,Men,Footwear,Shoes,Formal Shoes,Black,Summer,2013.0,Formal,Franco Leone Men Black Formal Shoe
50723,Girls,Apparel,Dress,Dresses,Blue,Summer,2012.0,Casual,Doodle Girls Blue Printed Dress
19576,Women,Apparel,Topwear,Tops,White,Summer,2011.0,Casual,United Colors of Benetton Women White Top
28638,Men,Footwear,Shoes,Sports Shoes,White,Summer,2012.0,Sports,Nike Men Dart 9 Leather White Sports Shoes
41672,Women,Footwear,Shoes,Heels,Silver,Winter,2012.0,Casual,Catwalk Women Silver Heels
10261,Men,Apparel,Bottomwear,Trousers,Brown,Fall,2011.0,Formal,John Miller Men Slim Brown Trousers
56996,Women,Footwear,Shoes,Flats,Yellow,Winter,2012.0,Casual,HM Women Yellow Sandals
2609,Women,Footwear,Shoes,Flats,Silver,Fall,2010.0,Casual,Carlton London Women Contemporary Silver Sandal
37935,Women,Apparel,Topwear,Tops,Teal,Summer,2012.0,Casual,Mineral Women Teal Top
14699,Men,Apparel,Bottomwear,Trousers,Black,Fall,2011.0,Casual,Basics Men Black Trousers
33358,Men,Footwear,Shoes,Formal Shoes,Brown,Summer,2012.0,Formal,Homme Men Brown Semi Formal Shoes
16059,Men,Apparel,Bottomwear,Trousers,Olive,Fall,2011.0,Casual,Highlander Men Solid Olive Trouser
21143,Women,Apparel,Topwear,Tops,Purple,Fall,2011.0,Casual,s.Oliver Women Solid Purple Top
9659,Men,Apparel,Topwear,Shirts,Blue,Fall,2011.0,Casual,Indigo Nation Men Reversible Bling Blue Shirts
51437,Women,Apparel,Topwear,Tops,Peach,Summer,2012.0,Casual,Myntra Women Multi Coloured Printed Top
18491,Men,Apparel,Topwear,Jackets,Black,Fall,2011.0,Sports,Nike Men Sideline Black Jacket
2502,Men,Footwear,Shoes,Casual Shoes,Black,Fall,2010.0,Casual,Numero Uno Men's Casual Canvas Black Shoe
7168,Men,Apparel,Topwear,Shirts,Blue,Fall,2011.0,Casual,Scullers Men Scul Blue White Shirt
45610,Men,Footwear,Shoes,Formal Shoes,Brown,Summer,2012.0,Formal,Arrow Men Brown Formal Shoes
4445,Men,Footwear,Shoes,Sports Shoes,Black,Summer,2011.0,Sports,Nike Men's Dual Fusion Black Red Shoe
16003,Men,Apparel,Topwear,Sweaters,Grey,Fall,2011.0,Casual,Turtle Solid Men Grey Sweaters
8724,Men,Apparel,Topwear,Shirts,Red,Fall,2011.0,Casual,Indigo Nation Men Checks Red Shirts
19636,Women,Apparel,Topwear,Tops,Grey,Summer,2011.0,Casual,United Colors of Benetton Women Solid Grey Top
5575,Girls,Apparel,Bottomwear,Skirts,Green,Summer,2011.0,Casual,Ant Kids Girl's Green Kidswear
10324,Women,Apparel,Topwear,Tops,Black,Fall,2011.0,Casual,Puma Women Heather USP Black Tshirts
37164,Women,Apparel,Topwear,Tops,Black,Summer,2012.0,Casual,United Colors of Benetton Women Black Top
19331,Women,Apparel,Topwear,Jackets,Navy Blue,Fall,2011.0,Casual,United Colors of Benetton Women Solid Navy Blue Jacket
31693,Men,Footwear,Shoes,Formal Shoes,Brown,Summer,2012.0,Formal,Ganuchi Men Brown Shoes
52539,Women,Apparel,Bottomwear,Jeans,Blue,Summer,2012.0,Casual,Pepe Jeans Women Blue Jeans
18540,Women,Footwear,Shoes,Heels,Black,Winter,2015.0,Casual,Catwalk Women Black Heels
47552,Women,Footwear,Shoes,Heels,Brown,Winter,2012.0,Casual,Portia Women Brown Heels
20892,Men,Footwear,Shoes,Casual Shoes,Black,Fall,2011.0,Casual,Basics Men Black Casual Shoes
54517,Men,Footwear,Shoes,Sports Shoes,White,Fall,2012.0,Sports,F Sports Men White Bratt Sports Shoes
15328,Men,Apparel,Topwear,Sweaters,Blue,Fall,2011.0,Sports,Nike Men Solid Blue Sweaters
20920,Men,Apparel,Bottomwear,Shorts,Olive,Fall,2011.0,Casual,Deni Yo Men Check Olive Short
10018,Men,Apparel,Bottomwear,Shorts,Black,Fall,2012.0,Sports,Nike Men Black Three Quarter Track Pants
33702,Men,Footwear,Shoes,Formal Shoes,Black,Winter,2012.0,Smart Casual,Cobblerz Men Black Semiformal Shoes
6874,Women,Apparel,Dress,Dresses,Pink,Summer,2011.0,Casual,Forever New Women Pink Sleeveless Dress
21047,Women,Footwear,Shoes,Heels,White,Fall,2011.0,Casual,Clarks Women Santa Cruz White Flats
20767,Women,Footwear,Shoes,Flats,Brown,Summer,2011.0,Casual,Carlton London Women Classy Brown Sandals
38839,Women,Apparel,Dress,Dresses,Olive,Summer,2012.0,Casual,Latin Quarters Women Black Printed Dress
44497,Women,Footwear,Shoes,Casual Shoes,Brown,Summer,2012.0,Casual,Gliders Women Brown Shoes
27623,Men,Apparel,Bottomwear,Shorts,Beige,Summer,2012.0,Casual,Scullers Men Beige Shorts
3507,Men,Apparel,Bottomwear,Shorts,Black,Fall,2010.0,Sports,ADIDAS Men's Cont Black Short
40125,Boys,Apparel,Bottomwear,Shorts,Black,Summer,2012.0,Casual,Gini and Jony Boys Customised Black Shorts
40442,Women,Apparel,Dress,Dresses,Grey,Summer,2012.0,Casual,La Emotio Women Grey Dress
15039,Women,Apparel,Topwear,Jackets,Pink,Fall,2011.0,Casual,ADIDAS Women Stripes Pink Jackets
15545,Women,Footwear,Shoes,Heels,Black,Winter,2015.0,Casual,Catwalk Women Casual Black Flats
9261,Men,Apparel,Topwear,Shirts,Red,Fall,2011.0,Formal,Mark Taylor Men Red Striped Shirt
34451,Women,Footwear,Shoes,Flats,Black,Winter,2012.0,Casual,Rocia Women Black Sandals
38863,Women,Apparel,Topwear,Tops,Blue,Summer,2012.0,Casual,Latin Quarters Women Blue Printed Top
56919,Women,Footwear,Shoes,Heels,Black,Winter,2012.0,Casual,HM Women Black Heels
7254,Men,Footwear,Shoes,Formal Shoes,Brown,Fall,2011.0,Formal,Rockport Men's Bindu India Medium Brown Shoe
20906,Women,Footwear,Shoes,Heels,Red,Winter,2015.0,Casual,Catwalk Women Casual Red Heels
15567,Women,Footwear,Shoes,Heels,Tan,Winter,2015.0,Casual,Catwalk Women Casual Tan Flats
46910,Men,Apparel,Bottomwear,Jeans,Black,Summer,2012.0,Casual,Peter England Men Black Jeans
12675,Men,Apparel,Bottomwear,Trousers,Green,Fall,2011.0,Casual,Probase Men Printed Green Trousers
57509,Men,Footwear,Shoes,Casual Shoes,Black,Fall,2012.0,Casual,Provogue Men Black Casual Shoes
33335,Men,Footwear,Shoes,Formal Shoes,Black,Summer,2012.0,Formal,Homme Men Black Semi Formal Shoes
12795,Men,Apparel,Topwear,Tshirts,Yellow,Fall,2011.0,Casual,Nike Men Brazil Yellow Tshirts
2115,Men,Apparel,Bottomwear,Track Pants,Black,Fall,2010.0,Sports,ADIDAS Men's Black Crest Track Pants
11233,Women,Apparel,Bottomwear,Jeans,Black,Fall,2011.0,Casual,Flying Machine Women Low Rise Black Jeans
2046,Men,Apparel,Topwear,Tshirts,Blue,Fall,2010.0,Casual,ADIDAS Mens Fitted Blue T-shirt
35566,Men,Footwear,Shoes,Formal Shoes,Black,Summer,2012.0,Formal,Arrow Men Black Formal Shoes
57999,Women,Apparel,Dress,Dresses,Brown,Fall,2012.0,Casual,Latin Quarters Women Brown Dress
47534,Women,Footwear,Shoes,Flats,Turquoise Blue,Winter,2012.0,Ethnic,Portia Women Turquoise Blue & Gold Flats
17613,Boys,Apparel,Topwear,Tshirts,Red,Fall,2011.0,Casual,Doodle Boys Catch Me Red Tshirt
14938,Men,Apparel,Bottomwear,Shorts,Beige,Fall,2011.0,Casual,Status Quo Men Solid Beige Shorts
13418,Men,Apparel,Topwear,Shirts,White,Summer,2011.0,Casual,United Colors of Benetton Men Solid White Shirts
26136,Men,Apparel,Bottomwear,Trousers,Black,Summer,2012.0,Formal,John Miller Men Black Trousers
18729,Women,Apparel,Topwear,Sweaters,Magenta,Fall,2011.0,Casual,Arrow Woman Keisha Magenta Sweater
19955,Men,Apparel,Topwear,Sweaters,Purple,Fall,2011.0,Casual,United Colors Of Benetton Men Purple Sweater
42257,Men,Apparel,Bottomwear,Jeans,Blue,Summer,2012.0,Casual,John Players Men Blue Jeans
39220,Women,Apparel,Dress,Dresses,Black,Summer,2012.0,Casual,Femella Women Black Dress
16063,Men,Apparel,Bottomwear,Trousers,Olive,Fall,2011.0,Casual,Highlander Men Solid Olive Trouser
46333,Men,Footwear,Shoes,Sports Shoes,Grey,Summer,2012.0,Sports,Reebok Men Black Run Cruise Lp Sports Shoes
16506,Men,Apparel,Bottomwear,Jeans,Blue,Fall,2011.0,Casual,Locomotive Men Washed Blue Jeans
39745,Boys,Apparel,Bottomwear,Shorts,Blue,Summer,2012.0,Casual,Gini Jony Boys Blue Shorts
20208,Women,Apparel,Topwear,Jackets,Purple,Fall,2011.0,Casual,Wrangler Women Solid Purple Jacket
46285,Women,Apparel,Dress,Dresses,Multi,Summer,2012.0,Casual,109F Women Multi Coloured Dress
56911,Women,Footwear,Shoes,Heels,Green,Winter,2012.0,Casual,HM Women Green Flats
13968,Men,Footwear,Shoes,Casual Shoes,Navy Blue,Fall,2011.0,Casual,Puma Men 917 SL Graphic Navy Blue Casual Shoes
15065,Men,Footwear,Shoes,Formal Shoes,Brown,Summer,2012.0,Formal,Franco Leone Men Brown Formal Shoe
6287,Men,Apparel,Topwear,Tshirts,Yellow,Summer,2011.0,Casual,Classic Polo Men's Swiss Yellow T-shirt
48462,Men,Apparel,Bottomwear,Shorts,Blue,Summer,2012.0,Casual,French Connection Men Blue Denim Shorts
13250,Men,Apparel,Bottomwear,Trousers,Beige,Fall,2011.0,Casual,Palm Tree Kids Boy Solid Beige Trousers
42120,Men,Apparel,Bottomwear,Shorts,Black,Summer,2012.0,Casual,ADIDAS Men Black 3/4 Length Pants
42689,Women,Footwear,Shoes,Flats,White,Winter,2012.0,Casual,Rocia Women White Sandals
17155,Men,Apparel,Topwear,Shirts,Blue,Fall,2011.0,Casual,U.S. Polo Assn. Men Stripes Blue Shirt
53453,Women,Footwear,Shoes,Flats,Grey,Winter,2015.0,Casual,Catwalk Women Grey Casual Shoes
31545,Men,Apparel,Topwear,Tshirts,Purple,Summer,2012.0,Casual,Classic Polo Men Striped Purple T-shirt
2741,Girls,Apparel,Topwear,Tops,Pink,Summer,2011.0,Casual,Disney Kids Girl's Pink Kidswear
38941,Boys,Apparel,Bottomwear,Shorts,Blue,Summer,2012.0,Casual,Gini and Jony Boys Blue Shorts
43537,Women,Apparel,Topwear,Tops,Green,Summer,2012.0,Casual,French Connection Women Green Top
59038,Women,Footwear,Shoes,Flats,Silver,Winter,2012.0,Casual,Carlton London Women Silver Toned Flats
46248,Women,Apparel,Topwear,Tops,Teal,Summer,2012.0,Casual,Fusion Beats Women Teal Top
15670,Men,Apparel,Bottomwear,Jeans,Blue,Fall,2011.0,Casual,Locomotive Men Loco Denims Blue Jeans
14715,Men,Apparel,Topwear,Shirts,White,Fall,2011.0,Formal,Indigo Nation Men Formal Shirt White Shirts
56893,Women,Footwear,Shoes,Flats,Multi,Winter,2012.0,Casual,HM Women Multi Coloured Shoes
12933,Men,Apparel,Topwear,Tshirts,Green,Fall,2011.0,Casual,Classic Polo Men Broad Stripes Green Tshirts
18200,Women,Apparel,Topwear,Sweaters,Red,Fall,2011.0,Casual,Jealous 21 Women Stripes Red Sweater
5807,Women,Apparel,Topwear,Tshirts,Blue,Summer,2011.0,Casual,ADIDAS Women's Tunic Blue T-shirt
37208,Women,Apparel,Bottomwear,Skirts,Black,Fall,2012.0,Casual,United Colors of Benetton Women Black Skirt
31688,Men,Footwear,Shoes,Sports Shoes,White,Summer,2012.0,Sports,Nike Men Lunarfly +3 White Sports Shoes
49958,Men,Apparel,Bottomwear,Shorts,Black,Summer,2016.0,Casual,Hanes Men Black Athletic 3/4th Pants
47543,Women,Footwear,Shoes,Flats,Beige,Winter,2012.0,Casual,Portia Women Beige Flats
43876,Men,Footwear,Shoes,Casual Shoes,White,Summer,2010.0,Casual,Puma Men White 3.0 Mid Shoes
56934,Women,Footwear,Shoes,Heels,Silver,Winter,2012.0,Casual,HM Women Silver Flats
5018,Men,Apparel,Bottomwear,Shorts,White,Summer,2016.0,Casual,Levis Kids Boy's Aldon White Kidswear
18201,Men,Apparel,Topwear,Jackets,Olive,Fall,2011.0,Casual,Nike Men Casual Olive Jacket
32395,Women,Apparel,Topwear,Shirts,Grey,Summer,2012.0,Formal,Arrow Woman Grey Shirt
20222,Women,Apparel,Topwear,Sweaters,Grey,Fall,2011.0,Casual,Wrangler Women Scoop Grey Sweater
10004,Men,Apparel,Bottomwear,Shorts,Grey,Fall,2011.0,Sports,Nike Men As 7 Sw Temp Grey Shorts
5696,Men,Footwear,Shoes,Casual Shoes,Brown,Winter,2015.0,Casual,Skechers Men Genesis Brown Shoe
19961,Men,Apparel,Topwear,Sweaters,Blue,Fall,2011.0,Casual,United Colors of Benetton Men Blue Check Sweater
59986,Women,Apparel,Dress,Dresses,Black,Fall,2012.0,Smart Casual,Avirate Women Black Dress
26132,Men,Apparel,Bottomwear,Trousers,Navy Blue,Summer,2012.0,Formal,John Miller Men Navy Blue Trousers
3535,Men,Apparel,Topwear,Tshirts,Navy Blue,Summer,2011.0,Casual,Myntra Men's Saadhu Starter Kit Navy Blue T-shirt
12361,Men,Apparel,Topwear,Shirts,Blue,Fall,2011.0,Formal,Reid & Taylor Men Solid Blue Shirts
16615,Men,Apparel,Bottomwear,Trousers,Charcoal,Fall,2011.0,Formal,Genesis Men Solid Charcoal Trouser
30453,Men,Apparel,Bottomwear,Jeans,White,Summer,2012.0,Casual,Deni Yo Men White Jeans
2964,Men,Footwear,Shoes,Casual Shoes,White,Fall,2010.0,Casual,Puma Men's Match Classic White & Green Shoe
20783,Women,Footwear,Shoes,Flats,Beige,Summer,2011.0,Casual,Carlton London  Women Casual Beige Sandals
2687,Women,Apparel,Topwear,Tshirts,Orange,Summer,2011.0,Casual,Inkfruit Women's Love Wood Orange T-shirt
5319,Women,Footwear,Shoes,Sports Shoes,White,Summer,2011.0,Sports,ADIDAS Women's Duramo Luxury White Shoe
10497,Women,Apparel,Topwear,Tshirts,White,Fall,2011.0,Casual,Flying Machine Women RN HS White Tshirts
56921,Women,Footwear,Shoes,Heels,Blue,Winter,2012.0,Casual,HM Women Blue Sandals
3797,Men,Footwear,Shoes,Casual Shoes,Black,Spring,2014.0,Casual,Converse Men Black & Red Shoes
5762,Women,Apparel,Bottomwear,Shorts,Blue,Summer,2011.0,Casual,Jealous 21 Women's White Blue Shorts
59117,Men,Apparel,Topwear,Jackets,Black,Summer,2012.0,Casual,Just Natural Men Black & Grey Reversible Jacket
35692,Men,Footwear,Shoes,Casual Shoes,White,Summer,2012.0,Casual,U.S. Polo Assn. Men White Shoes
8315,Men,Apparel,Topwear,Tshirts,Blue,Spring,2013.0,Casual,Wildcraft Men Organic Cotton Blue T-shirt
18732,Women,Apparel,Topwear,Tops,Off White,Fall,2011.0,Casual,Arrow Woman Ann Off White Top
15701,Men,Apparel,Topwear,Sweaters,Grey,Fall,2011.0,Casual,Spykar Men Stripes Grey Sweaters
51439,Women,Apparel,Topwear,Tops,Grey,Summer,2012.0,Casual,Myntra Women Grey Top
13256,Men,Apparel,Bottomwear,Shorts,White,Fall,2011.0,Casual,Palm Tree Kids Boys Check White Shorts
3954,Women,Apparel,Topwear,Tshirts,Pink,Summer,2011.0,Casual,Jealous 21 Women's Pink T-shirt
30599,Men,Apparel,Bottomwear,Shorts,Red,Summer,2012.0,Sports,Nike Men Hustle Reversible Red Shorts
41478,Men,Footwear,Shoes,Formal Shoes,Black,Winter,2012.0,Formal,Carlton London Men Black Formal Shoes
45355,Women,Footwear,Shoes,Heels,Beige,Summer,2016.0,Casual,Cobblerz Women Beige Sandals
36487,Men,Footwear,Shoes,Casual Shoes,Brown,Summer,2012.0,Casual,Spinn Men Newport Brown Shoes
35658,Men,Footwear,Shoes,Casual Shoes,Black,Summer,2012.0,Casual,U.S. Polo Assn. Men Black Shoes
34199,Men,Apparel,Bottomwear,Track Pants,Charcoal,Summer,2012.0,Casual,Proline Men Charcoal Grey Track Pants
1890,Men,Apparel,Topwear,Tshirts,Red,Winter,2010.0,Casual,FIFA Mens Essentials Red T-shirt
39631,Men,Footwear,Shoes,Sports Shoes,White,Summer,2012.0,Sports,Nike Men T-Lite White Sports Shoes
45601,Men,Footwear,Shoes,Formal Shoes,Black,Summer,2012.0,Formal,Arrow Men Black Formal Shoes
19960,Men,Apparel,Topwear,Sweaters,Green,Fall,2011.0,Casual,United Colors of Benetton Men Solid Green Sweater
47624,Women,Footwear,Shoes,Heels,Maroon,Fall,2014.0,Casual,Portia Women Maroon Flats
40046,Men,Apparel,Bottomwear,Shorts,Black,Winter,2014.0,Casual,ADIDAS Men Berty Black Shorts
11242,Women,Apparel,Bottomwear,Jeans,Black,Fall,2011.0,Casual,Flying Machine Women Veron Black Jeans
20631,Men,Apparel,Topwear,Sweaters,Green,Fall,2011.0,Casual,Wrangler Men Flag Green Sweater
1836,Men,Footwear,Shoes,Sports Shoes,Silver,Fall,2010.0,Sports,Nike Air Visi Sleek Shoes
39571,Women,Footwear,Shoes,Heels,Black,Winter,2015.0,Casual,Catwalk Women Black Flats
25528,Women,Apparel,Topwear,Shirts,Navy Blue,Summer,2012.0,Casual,Wrangler Women Salena Navy Blue Check Shirt
59126,Men,Apparel,Topwear,Jackets,Navy Blue,Summer,2012.0,Casual,Just Natural Men Navy Blue & Black Reversible Jacket
39596,Women,Footwear,Shoes,Heels,Black,Winter,2015.0,Casual,Catwalk Women Black Heels
53148,Women,Footwear,Shoes,Heels,Grey,Winter,2015.0,Ethnic,Catwalk Women Grey Wedges
38577,Men,Apparel,Bottomwear,Track Pants,Navy Blue,Summer,2012.0,Sports,Nike Men Breakline Navy Blue Track Pants
16358,Men,Apparel,Topwear,Shirts,White,Fall,2011.0,Formal,Peter England Men Stripes White Shirt
41706,Women,Footwear,Shoes,Heels,Brown,Winter,2012.0,Casual,Catwalk Women Brown Wedges
14121,Men,Apparel,Bottomwear,Jeans,Blue,Winter,2016.0,Casual,Flying Machine Washed Blue Jeans
15259,Women,Footwear,Shoes,Casual Shoes,White,Fall,2011.0,Casual,ADIDAS Originals Women Top Ten low Sleek White Casual Shoes
7557,Men,Apparel,Bottomwear,Shorts,Green,Summer,2011.0,Sports,Nike Men's Tempo 5 Green Short
38936,Boys,Apparel,Bottomwear,Shorts,Blue,Summer,2012.0,Casual,Gini and Jony Boys Blue Shorts
43302,Women,Apparel,Dress,Dresses,Purple,Summer,2012.0,Casual,United Colors of Benetton Women Purple Dress
26991,Women,Apparel,Bottomwear,Jeans,Grey,Summer,2012.0,Casual,Jealous 21 Women Washed Grey Jeans
9695,Men,Apparel,Topwear,Tshirts,White,Fall,2011.0,Casual,Classic Polo Men Vulcan White Polo Tshirts
17929,Women,Apparel,Bottomwear,Track Pants,Grey,Fall,2011.0,Casual,Nike Women Casual Grey Track Pant
4272,Men,Footwear,Shoes,Formal Shoes,Black,Summer,2011.0,Formal,Rockport Men's Aderner Black Shoe
2627,Women,Footwear,Shoes,Flats,Silver,Fall,2010.0,Casual,Carlton London Women Wedge Silver Sandal
33503,Women,Apparel,Dress,Dresses,White,Summer,2012.0,Casual,Doodle Kids Girl Printed White Dress
38631,Women,Apparel,Topwear,Tshirts,Pink,Summer,2012.0,Casual,Nike Women Pink Polo T-shirt
6747,Men,Footwear,Shoes,Sports Shoes,White,Summer,2011.0,Sports,Nike Men's Streetgato White Shoe
2107,Men,Apparel,Bottomwear,Shorts,Navy Blue,Fall,2010.0,Sports,ADIDAS Men's Chelsea Striped Navy Shorts
15235,Men,Footwear,Shoes,Casual Shoes,Black,Fall,2011.0,Casual,ADIDAS Originals Men Chase Black Casual Shoes
18725,Women,Apparel,Topwear,Sweaters,Purple,Fall,2011.0,Casual,Arrow Woman Ester Purple Sweater
59035,Women,Footwear,Shoes,Heels,Metallic,Winter,2012.0,Casual,Carlton London Women Black Heels
59976,Women,Apparel,Dress,Dresses,Black,Fall,2012.0,Party,Avirate Black Dress
8490,Women,Apparel,Topwear,Tops,White,Fall,2011.0,Casual,Forever New Women White Lace  Top
45796,Women,Footwear,Shoes,Flats,Green,Fall,2012.0,Casual,Senorita Women Green Sandals
14370,Women,Footwear,Shoes,Heels,Black,Winter,2015.0,Casual,Catwalk Women Casual Black Flats
43643,Women,Apparel,Dress,Dresses,Magenta,Summer,2012.0,Party,Vero Moda Women Magenta Dress
29684,Men,Apparel,Bottomwear,Trousers,Charcoal,Summer,2012.0,Formal,Indigo Nation Men Charcoal Trousers
40108,Men,Apparel,Bottomwear,Track Pants,Black,Summer,2012.0,Casual,ADIDAS Men Black Pants
36217,Girls,Apparel,Bottomwear,Shorts,Pink,Summer,2012.0,Casual,Gini Jony Girls Pink Shorts
57491,Men,Footwear,Shoes,Formal Shoes,Brown,Summer,2012.0,Casual,Lee Cooper Men Brown Formal Shoes
28825,Men,Apparel,Bottomwear,Jeans,Navy Blue,Summer,2012.0,Casual,Denizen Men Navy Blue Jeans
43241,Men,Footwear,Shoes,Sports Shoes,Grey,Summer,2012.0,Sports,Reebok Men Grey Swift Chase Sports Shoes
22494,Men,Footwear,Shoes,Sports Shoes,White,Fall,2011.0,Sports,ADIDAS Men  Adistar Salvation 3 White Sports Shoes
21063,Men,Footwear,Shoes,Casual Shoes,Brown,Summer,2011.0,Casual,Clarks Men Gofor Action Brown Casual Shoe
11031,Women,Apparel,Topwear,Tops,Blue,Fall,2011.0,Casual,Jealous 21 Women Check Blue Tops
3936,Women,Apparel,Topwear,Tshirts,Black,Summer,2011.0,Casual,Jealous 21 Women's Black Miss T-shirt
4641,Men,Footwear,Shoes,Sports Shoes,White,Summer,2011.0,Sports,ADIDAS Men's Adi Montero Blue
16520,Men,Apparel,Bottomwear,Jeans,Grey,Fall,2011.0,Casual,Locomotive Men Washed Grey Jeans
32457,Men,Apparel,Bottomwear,Shorts,Black,Spring,2013.0,Sports,ADIDAS Men Black Shorts
25522,Women,Footwear,Shoes,Flats,Gold,Summer,2011.0,Casual,Clarks Women Metallic Arizona Ballerinas
5758,Women,Apparel,Topwear,Tops,White,Summer,2011.0,Casual,Jealous 21 Women's Multi Color Floral Top
42695,Women,Footwear,Shoes,Flats,Gold,Winter,2014.0,Casual,Rocia Women Gold Sandals
6610,Men,Apparel,Topwear,Tshirts,White,Summer,2011.0,Casual,Spykar Men's Stinger Basket Ball Team White Blue Stripes T-shirt
17846,Men,Footwear,Shoes,Sports Shoes,Black,Fall,2011.0,Sports,Nike Men Supergame Black Sports Shoe
15673,Men,Apparel,Bottomwear,Jeans,Blue,Fall,2011.0,Casual,Highlander Men High Original Blue Jeans
7322,Men,Footwear,Shoes,Formal Shoes,Brown,Winter,2018.0,Formal,Red Tape Men's Formal Brown Shoe
47562,Women,Footwear,Shoes,Heels,White,Winter,2012.0,Casual,Portia Women White Sandals
32853,Women,Footwear,Shoes,Heels,Green,Winter,2012.0,Casual,Grendha Women Claudia Green Flats
54103,Women,Footwear,Shoes,Heels,Black,Winter,2012.0,Casual,Rocia Women Black Flats
37581,Girls,Apparel,Bottomwear,Shorts,Green,Summer,2012.0,Casual,Madagascar 3 Girls Light Green Shorts
56878,Women,Footwear,Shoes,Heels,Silver,Winter,2012.0,Casual,HM Women Silver Heels
53452,Women,Footwear,Shoes,Flats,Brown,Winter,2015.0,Casual,Catwalk Women Brown Casual Shoes
19033,Women,Footwear,Shoes,Flats,Tan,Winter,2015.0,Casual,Catwalk Women Mary Jane Tan Casual Shoes
45396,Women,Footwear,Shoes,Flats,Black,Winter,2012.0,Casual,Rocia Women Black & White Sandals
38335,Girls,Apparel,Topwear,Tops,Red,Summer,2012.0,Casual,Mr. Men Little Miss Girls Red Printed Top
29653,Men,Apparel,Topwear,Shirts,Blue,Summer,2012.0,Formal,Indigo Nation Men Striped Blue Shirt
39563,Women,Footwear,Shoes,Heels,Gold,Winter,2015.0,Casual,Catwalk Women Gold Flats
27925,Women,Apparel,Bottomwear,Trousers,Black,Summer,2012.0,Casual,Scullers For Her Black Trousers
5579,Men,Footwear,Shoes,Sports Shoes,Black,Summer,2012.0,Sports,ADIDAS Men's Coleman Black Shoe
39598,Women,Footwear,Shoes,Heels,Black,Summer,2016.0,Casual,Catwalk Women Black Flats
46281,Women,Apparel,Dress,Dresses,Black,Summer,2012.0,Casual,109F Women Black & Cream Dress
41010,Girls,Apparel,Bottomwear,Jeans,Navy Blue,Summer,2012.0,Casual,Gini and Jony Girls Woven Navy Blue Jeans
45783,Women,Footwear,Shoes,Heels,Maroon,Summer,2012.0,Casual,Senorita Women Maroon Sandals
58010,Women,Apparel,Topwear,Tops,Pink,Fall,2012.0,Casual,Latin Quarters Women Pink Top
5750,Women,Apparel,Topwear,Tops,Red,Summer,2011.0,Casual,Jealous 21 Women V Neck Sequined Red Top
7391,Men,Footwear,Shoes,Formal Shoes,Black,Winter,2018.0,Formal,Red Tape Men's Black Slip-On Formal Shoe
6579,Men,Apparel,Bottomwear,Shorts,Navy Blue,Fall,2012.0,Sports,Nike Men Woven Navy Blue 3/4 Pants
16373,Men,Apparel,Bottomwear,Trousers,Charcoal,Fall,2011.0,Formal,Peter England Men Solid Charcoal Trouser
11298,Men,Apparel,Bottomwear,Jeans,Blue,Fall,2011.0,Casual,Wrangler Men Blue Floyd Jeans
4945,Men,Apparel,Topwear,Tshirts,White,Summer,2011.0,Casual,Gini and Jony Boy's Kaniel White Yellow Kidswear
22409,Men,Apparel,Bottomwear,Trousers,Navy Blue,Fall,2011.0,Casual,Mark Taylor Men Solid Navy Blue Trouser
15748,Men,Apparel,Bottomwear,Trousers,Black,Fall,2011.0,Casual,Highlander Men Classic Chinos Black Trousers
15983,Men,Apparel,Topwear,Shirts,Burgundy,Fall,2011.0,Casual,Turtle Solid Men  Burgundy Shirt
15400,Men,Footwear,Shoes,Sports Shoes,White,Fall,2011.0,Sports,FILA Men FILA Runner White Sports Shoes
37734,Men,Apparel,Topwear,Shirts,Blue,Summer,2012.0,Casual,John Players Men Retro Beat Blue Shirt
10281,Men,Footwear,Shoes,Formal Shoes,Black,Fall,2012.0,Formal,Clarks Men Hang Spring Leather Black Formal Shoes
6755,Men,Footwear,Shoes,Sports Shoes,White,Summer,2012.0,Sports,Nike Men's Air Zoom Pace White Shoe
47227,Men,Footwear,Shoes,Formal Shoes,Black,Summer,2012.0,Formal,Franco Leone Men Black Formal Shoes
18552,Women,Footwear,Shoes,Flats,Black,Winter,2015.0,Casual,Catwalk Women Black Shoe
5862,Men,Apparel,Topwear,Tshirts,Black,Summer,2011.0,Casual,ADIDAS Men's Stripe Black T-shirt
7131,Men,Apparel,Bottomwear,Track Pants,Black,Fall,2011.0,Casual,Urban Yoga Men Bottom Black Track Pants
45413,Women,Footwear,Shoes,Flats,Gold,Winter,2012.0,Casual,Rocia Women Gold & Black Sandals
13223,Men,Apparel,Bottomwear,Shorts,Blue,Fall,2011.0,Casual,Palm Tree Kids Boys Washed Blue Shorts
12960,Men,Footwear,Shoes,Sports Shoes,White,Fall,2011.0,Sports,ADIDAS Men Sports White Sports Shoes
41400,Women,Apparel,Topwear,Tshirts,Navy Blue,Summer,2012.0,Casual,Wrangler Women Navy Blue T-shirt
49460,Unisex,Footwear,Shoes,Casual Shoes,Purple,Summer,2012.0,Casual,Vans Unisex Wine Authentic Shoes
41359,Men,Apparel,Bottomwear,Jeans,Blue,Summer,2016.0,Casual,Wrangler Men Blue Skanders Jeans
56844,Men,Apparel,Bottomwear,Jeans,Blue,Summer,2012.0,Casual,John Players Men Blue Jeans
7266,Men,Apparel,Bottomwear,Track Pants,Cream,Summer,2011.0,Casual,Timberland Men's Twill 5 Oats Beige Pant
57141,Women,Apparel,Bottomwear,Trousers,Olive,Summer,2012.0,Casual,Elle Women Olive Trousers
15047,Men,Apparel,Topwear,Jackets,Navy Blue,Fall,2011.0,Sports,ADIDAS Kids Boys Solid Navy Blue Jackets
20804,Men,Footwear,Shoes,Sports Shoes,White,Fall,2010.0,Sports,Fila Men Streak White Sports Shoes
16217,Men,Apparel,Bottomwear,Track Pants,Grey,Fall,2011.0,Casual,Puma Men Lifestyle  Grey Track Pant
7425,Women,Apparel,Topwear,Tops,Black,Spring,2011.0,Ethnic,W Women's Deep U Neck Sleeveless White Black Top
12508,Men,Footwear,Shoes,Casual Shoes,Brown,Winter,2018.0,Casual,Red Tape Men Casual Brown Casual Shoes
9129,Men,Footwear,Shoes,Sports Shoes,Black,Fall,2011.0,Sports,Puma Men Bolt Faas 400 Black Sports Shoes
22540,Women,Footwear,Shoes,Heels,Black,Winter,2012.0,Casual,Inc.5 Women Casual Gun Metal Flats
51609,Women,Apparel,Bottomwear,Trousers,Cream,Fall,2012.0,Casual,Kraus Jeans Women Cream Trousers
7396,Men,Footwear,Shoes,Casual Shoes,Grey,Winter,2018.0,Casual,Red Tape Men Grey Casual Shoes
6422,Unisex,Footwear,Shoes,Casual Shoes,Black,Summer,2011.0,Casual,Lotto Unisex Canvas Black Grey Shoe
28501,Men,Apparel,Bottomwear,Track Pants,Navy Blue,Summer,2012.0,Sports,Urban Yoga Men Navy Blue Track Pants
39974,Men,Footwear,Shoes,Casual Shoes,Brown,Winter,2014.0,Casual,Gas Men Brown Lear Shoes
43676,Women,Apparel,Dress,Dresses,Green,Summer,2012.0,Casual,French Connection Women Mint Green Dress
16472,Men,Apparel,Topwear,Shirts,Blue,Fall,2011.0,Casual,Locomotive Men Check Blue Shirt
44625,Men,Apparel,Bottomwear,Shorts,Black,Summer,2012.0,Sports,Nike Men Black Shorts
2613,Women,Footwear,Shoes,Flats,Silver,Fall,2010.0,Casual,Carlton London Women Crystal Silver Sandal
4718,Girls,Apparel,Topwear,Tshirts,Yellow,Summer,2011.0,Casual,Disney Kids Girl's Summer Fun Fair Yellow Teen Kidswear
31167,Girls,Apparel,Dress,Dresses,Blue,Summer,2012.0,Casual,Gini and Jony Girls Blue Dress
11310,Men,Apparel,Bottomwear,Jeans,Black,Summer,2016.0,Casual,Wrangler Men Black Texas Jeans
14625,Men,Apparel,Bottomwear,Jeans,Blue,Fall,2011.0,Casual,United Colors of Benetton Men Washed Blue Jeans
5434,Men,Apparel,Topwear,Tshirts,Red,Summer,2011.0,Sports,Nike Men's Kill Man Red T-shirt
31473,Men,Apparel,Bottomwear,Trousers,Navy Blue,Summer,2012.0,Formal,Black Coffee Men Striped Charcoal Trousers
4140,Women,Footwear,Shoes,Casual Shoes,Green,Winter,2015.0,Casual,Skechers Women Green Shoe
25415,Men,Footwear,Shoes,Sports Shoes,White,Summer,2012.0,Sports,Nike Men Air Impetus White Sports Shoes
12704,Men,Footwear,Shoes,Sports Shoes,Grey,Fall,2011.0,Sports,Nike Men Air Relentness Grey Sports Shoes
53761,Men,Apparel,Topwear,Tshirts,Green,Summer,2012.0,Casual,Puma Men Green and Blue T-shirt
40454,Men,Footwear,Shoes,Formal Shoes,Black,Winter,2018.0,Formal,Red Tape Men Black Formal Shoes
44584,Men,Apparel,Bottomwear,Jeans,Blue,Summer,2017.0,Casual,Lee Men Blue Brushed Jeans
43489,Men,Apparel,Bottomwear,Jeans,Black,Summer,2012.0,Casual,French Connection Men Black Jeans
11887,Men,Footwear,Shoes,Formal Shoes,Black,Summer,2012.0,Formal,Franco Leone Men Formal Black Formal Shoes
16163,Men,Footwear,Shoes,Formal Shoes,Tan,Fall,2011.0,Formal,Enroute Men Leather Tan Formal Shoes
3353,Men,Apparel,Topwear,Tshirts,Blue,Summer,2011.0,Casual,Myntra Men's I am a nice guy Navy Blue T-shirt
22794,Men,Apparel,Topwear,Tshirts,Navy Blue,Fall,2011.0,Casual,Manchester United Men Navy Blue Tshirt
4939,Men,Apparel,Bottomwear,Jeans,Blue,Summer,2011.0,Casual,Gini and Jony Boy's Karnel Jeans Kidswear
16820,Men,Apparel,Bottomwear,Jeans,Blue,Fall,2011.0,Casual,Locomotive Men Washed Blue Jeans
11285,Men,Apparel,Bottomwear,Jeans,Blue,Summer,2016.0,Casual,Wrangler Men Blue Texas Jeans
39662,Men,Footwear,Shoes,Sports Shoes,White,Summer,2012.0,Sports,Lotto Men White Sports Shoes
27212,Men,Apparel,Topwear,Shirts,Blue,Summer,2012.0,Casual,Doodle Kids Boy Striped Blue Shirt
16621,Men,Apparel,Bottomwear,Trousers,Olive,Fall,2011.0,Casual,Probase Men Solid Olive Trouser
8479,Women,Apparel,Dress,Dresses,Cream,Fall,2011.0,Casual,Forever New Women Blossom Silk Cream Dress
44688,Women,Apparel,Dress,Dresses,Off White,Summer,2012.0,Casual,Wills Lifestyle Women Off White Dress
24946,Girls,Apparel,Topwear,Tops,White,Summer,2012.0,Casual,United Colors of Benetton Kids Girls White Printed Top
53794,Men,Apparel,Topwear,Tshirts,Red,Summer,2012.0,Casual,Puma Men Red Ferrari T-shirt
4974,Men,Apparel,Topwear,Shirts,Yellow,Summer,2011.0,Casual,Gini and Jony Boy's Kangaroo Yellow Infant Kidswear
21434,Women,Apparel,Bottomwear,Shorts,Blue,Winter,2012.0,Casual,roxy Women Beach Brights Blue Short
45418,Women,Footwear,Shoes,Flats,White,Winter,2012.0,Casual,Rocia Women White Sandals
28495,Men,Apparel,Bottomwear,Track Pants,Black,Summer,2012.0,Sports,Urban Yoga Men Black Track Pants
10597,Men,Apparel,Bottomwear,Jeans,Blue,Fall,2011.0,Casual,Flying Machine Men Skinny Jack Blue Jeans
37215,Men,Apparel,Topwear,Shirts,Grey,Summer,2012.0,Casual,United Colors of Benetton Men Grey Shirt
35378,Women,Footwear,Shoes,Heels,Green,Summer,2012.0,Casual,Senorita Women Green Flats
27218,Men,Apparel,Bottomwear,Shorts,Blue,Summer,2012.0,Casual,Doodle Kids Boy Printed Blue Shorts
24925,Women,Apparel,Topwear,Tops,Navy Blue,Summer,2012.0,Casual,United Colors of Benetton Women Navy Blue Top
17742,Women,Footwear,Shoes,Sports Shoes,White,Fall,2011.0,Sports,Puma Women Body Train White Sports Shoes
39005,Girls,Apparel,Topwear,Tops,Navy Blue,Summer,2012.0,Casual,Gini and Jony Girls Nautical Blues Navy Blue Top
19182,Men,Apparel,Topwear,Shirts,Maroon,Fall,2011.0,Casual,United Colors Of Benetton Men Maroon Check Shirt
1897,Men,Apparel,Topwear,Tshirts,Blue,Winter,2010.0,Sports,FIFA Men Germany Blue Jersey
32562,Women,Apparel,Bottomwear,Trousers,Olive,Summer,2012.0,Casual,ONLY Women Olive Trousers
56945,Women,Footwear,Shoes,Heels,Bronze,Winter,2012.0,Casual,HM Women Bronze Heels
17682,Women,Footwear,Shoes,Casual Shoes,Blue,Winter,2015.0,Casual,Catwalk Women Closed Blue Casual Shoe
8462,Women,Apparel,Topwear,Tops,White,Fall,2011.0,Casual,Jealous 21 Women Jealous Cailyn White Top White Tops
57487,Men,Footwear,Shoes,Casual Shoes,Brown,Summer,2012.0,Formal,Lee Cooper Men Brown Shoes
20772,Women,Footwear,Shoes,Flats,Black,Summer,2011.0,Casual,Carlton London Women Classy Black Sandals
39208,Women,Footwear,Shoes,Heels,Beige,Winter,2015.0,Casual,Catwalk Women Beige Heels
44229,Men,Footwear,Shoes,Sports Shoes,White,Summer,2012.0,Sports,Nike Men Downshifter White Sports Shoes
14116,Men,Apparel,Bottomwear,Jeans,Blue,Fall,2011.0,Casual,Flying Machine Men Blue Jeans
45489,Men,Apparel,Bottomwear,Track Pants,Navy Blue,Fall,2012.0,Casual,Fila Men Navy Blue Track Pants
41686,Women,Footwear,Shoes,Flats,Black,Winter,2015.0,Casual,Catwalk Women Black Flats
48479,Women,Apparel,Dress,Dresses,Black,Winter,2011.0,Party,French Connection Women Black Dress
15056,Men,Footwear,Shoes,Formal Shoes,Black,Summer,2013.0,Formal,Franco Leone Men Black Formal Shoe
7166,Men,Apparel,Topwear,Shirts,Red,Fall,2011.0,Casual,Scullers Men Scul Red White Shirt
7935,Men,Apparel,Bottomwear,Shorts,Black,Fall,2011.0,Sports,Puma Men Jersey Black Short
17625,Men,Apparel,Bottomwear,Track Pants,Black,Fall,2011.0,Sports,ADIDAS Men Solid Black Track Pant
1727,Unisex,Footwear,Shoes,Casual Shoes,Black,Winter,2015.0,Casual,Newfeel Unisex Black Lightweight Shoes
31292,Women,Apparel,Topwear,Tops,Black,Summer,2012.0,Casual,Puma Women Script Black Top
9892,Men,Apparel,Bottomwear,Trousers,White,Fall,2011.0,Formal,Indian Terrain Men Laffer Off-White Trousers
31142,Men,Apparel,Topwear,Shirts,Orange,Summer,2012.0,Formal,John Miller Men Check Orange Shirt
39310,Men,Footwear,Shoes,Casual Shoes,Khaki,Winter,2018.0,Casual,Red Chief Men Khaki Casual Shoes
44313,Men,Apparel,Bottomwear,Trousers,Beige,Summer,2012.0,Casual,Indian Terrain Men Beige Trousers
59018,Women,Footwear,Shoes,Heels,Black,Winter,2012.0,Formal,Carlton London Women Black Pumps
25526,Women,Apparel,Topwear,Tops,Red,Summer,2012.0,Casual,Wrangler Women Poppins Red Top
30922,Women,Apparel,Bottomwear,Skirts,Rust,Summer,2012.0,Ethnic,Fabindia Women Printed Rust Skirt
53286,Men,Apparel,Bottomwear,Jeans,Blue,Summer,2012.0,Casual,Locomotive Men Blue Jeans
6870,Women,Apparel,Dress,Dresses,Pink,Summer,2011.0,Casual,Forever New Women's Pink Dress
27225,Girls,Apparel,Dress,Dresses,Pink,Summer,2012.0,Casual,Doodle Girls Printed Pink Dress
13283,Men,Apparel,Topwear,Shirts,Blue,Fall,2011.0,Casual,Gini and Jony Kids Boys Check Blue Shirts
21587,Men,Apparel,Bottomwear,Jeans,Blue,Fall,2011.0,Casual,Spykar Men Washed Blue Jeans
20790,Men,Apparel,Topwear,Jackets,Blue,Fall,2011.0,Casual,Basics Men Blue Washed Jacket
50942,Women,Apparel,Bottomwear,Jeans,Blue,Summer,2013.0,Casual,Lee Women Blue Jeans
9455,Men,Apparel,Topwear,Shirts,Red,Fall,2011.0,Formal,John Miller Men Red Striped Shirt
45365,Women,Footwear,Shoes,Heels,Black,Summer,2016.0,Casual,Cobblerz Women Black Sandals
57137,Women,Apparel,Bottomwear,Trousers,Khaki,Summer,2012.0,Casual,Elle Women Khaki Trousers
12214,Men,Apparel,Bottomwear,Trousers,Black,Fall,2011.0,Formal,Basics Men Black Trousers
22690,Men,Footwear,Shoes,Sports Shoes,Black,Fall,2011.0,Sports,Nike Men Air Max Torch Black Sports Shoes
22129,Men,Footwear,Shoes,Formal Shoes,Brown,Fall,2011.0,Formal,Provogue Men Brown Formal Shoes
57092,Women,Apparel,Bottomwear,Skirts,Off White,Summer,2012.0,Casual,Elle Women Off White Skirt
56829,Men,Apparel,Bottomwear,Jeans,Blue,Fall,2012.0,Casual,John Players Men Blue Slim Fit Low-Rise Clean Look Stretchable Jeans
50739,Men,Footwear,Shoes,Formal Shoes,Black,Winter,2018.0,Formal,Red Chief Men Black Formal Shoes
13368,Women,Footwear,Shoes,Casual Shoes,Grey,Fall,2011.0,Casual,Timberland Women Juniors Grey Casual Shoes
34111,Girls,Apparel,Topwear,Tops,Navy Blue,Summer,2012.0,Casual,Doodle Girls Striped Navy Blue Top
21103,Men,Footwear,Shoes,Formal Shoes,Brown,Spring,2012.0,Formal,Clarks Men Brown Leather Penny Loafers
13301,Men,Apparel,Bottomwear,Shorts,Beige,Fall,2011.0,Casual,Gini and Jony Kids Boys Solid Beige Shorts
16055,Men,Apparel,Bottomwear,Trousers,Blue,Fall,2011.0,Casual,Highlander Men Solid Blue Trouser
12216,Men,Apparel,Bottomwear,Trousers,Green,Summer,2013.0,Formal,Basics Men Green Trousers
7240,Men,Footwear,Shoes,Formal Shoes,Black,Fall,2011.0,Formal,Rockport Men's Stanton Black Shoe
12837,Women,Apparel,Dress,Dresses,Pink,Fall,2011.0,Casual,Ant Kids Button Bow Pink Dresses
24776,Men,Footwear,Shoes,Sports Shoes,Bronze,Spring,2012.0,Casual,Nike Men Obs T-Lite 9 Sl Bronze Sports Shoes
13847,Women,Apparel,Topwear,Tops,White,Fall,2011.0,Casual,United Colors of Benetton Women Printed White Top
59983,Women,Apparel,Dress,Dresses,Cream,Fall,2012.0,Casual,Avirate Cream & Olive Green Printed Dress
36615,Women,Footwear,Shoes,Heels,Blue,Winter,2015.0,Casual,Catwalk Women Blue Wedges
1764,Women,Apparel,Bottomwear,Track Pants,Black,Fall,2010.0,Sports,Lotto Women Mid Cathy Track Pants
47581,Women,Footwear,Shoes,Flats,Maroon,Winter,2012.0,Casual,Portia Women Silver & Maroon Flats
45406,Women,Footwear,Shoes,Flats,Black,Summer,2012.0,Casual,Rocia Women Black Sandals
48398,Men,Apparel,Bottomwear,Jeans,Blue,Summer,2012.0,Casual,French Connection Men Blue Jeans
11297,Men,Apparel,Bottomwear,Jeans,Blue,Fall,2011.0,Casual,Wrangler Men Blue Custom Jeans
23951,Men,Apparel,Topwear,Sweaters,Black,Fall,2011.0,Casual,Provogue Men Black Sweater
31128,Girls,Apparel,Dress,Dresses,Blue,Summer,2012.0,Casual,Gini and Jony Girls Printed Teal Dress
22351,Men,Apparel,Topwear,Shirts,Green,Fall,2011.0,Casual,John Players Men Check Green Shirt
11288,Men,Apparel,Bottomwear,Jeans,,Fall,2016.0,Casual,Wrangler Men Blue Texas Jeans
9204,Men,Footwear,Shoes,Casual Shoes,Black,Summer,2011.0,Casual,Puma Men Future Cat Remix SF Black Casual Shoes
47450,Women,Footwear,Shoes,Flats,Black,Summer,2012.0,Casual,Tiptopp Women Black Sandals
9150,Women,Apparel,Bottomwear,Jeans,Black,Summer,2013.0,Casual,Lee Black Maxi Super-Skinny Jeans
31443,Women,Apparel,Topwear,Jackets,Red,Summer,2012.0,Sports,Nike Women Football Red Jacket
31589,Men,Apparel,Topwear,Tshirts,Black,Summer,2012.0,Casual,Mark Taylor Men Printed Black T-shirt
2108,Men,Apparel,Bottomwear,Shorts,Black,Fall,2010.0,Sports,ADIDAS Men's Black Football Shorts
39237,Women,Apparel,Topwear,Tops,Yellow,Summer,2012.0,Casual,Femella Women Yellow Top
7889,Men,Apparel,Bottomwear,Track Pants,Grey,Fall,2011.0,Casual,Proline Men Grey Track Pants
4281,Men,Footwear,Shoes,Formal Shoes,Black,Summer,2011.0,Formal,Rockport Men's Alduna Black Shoe
32571,Women,Apparel,Topwear,Sweaters,Grey,Summer,2012.0,Casual,ONLY Women Magenta & Grey Sweater
22156,Men,Footwear,Shoes,Formal Shoes,Black,Fall,2011.0,Formal,Lee Cooper Men Black Formal Shoes
39945,Men,Footwear,Shoes,Casual Shoes,Brown,Spring,2013.0,Casual,GAS Men Brown Namib Shoes
35567,Men,Footwear,Shoes,Formal Shoes,Brown,Summer,2012.0,Formal,Arrow Men Brown Formal Shoes
23943,Men,Footwear,Shoes,Sports Shoes,Black,Fall,2011.0,Sports,Lotto Men Black Acro Sports Shoes
19530,Men,Apparel,Topwear,Sweaters,Navy Blue,Fall,2011.0,Casual,United Colors of Benetton Men Stripes Navy Blue Sweater
41681,Women,Footwear,Shoes,Heels,Silver,Winter,2012.0,Casual,Catwalk Women Silver Heels
42251,Men,Apparel,Bottomwear,Trousers,Grey,Summer,2012.0,Casual,John Players Men Grey Trousers
10143,Men,Footwear,Shoes,Formal Shoes,Brown,Fall,2011.0,Formal,Rockport Men Moc Front Brown Formal Shoes
13097,Men,Apparel,Topwear,Sweaters,Red,Fall,2011.0,Casual,ADIDAS Men Knit Purple Sweaters
19200,Men,Apparel,Topwear,Shirts,Blue,Fall,2011.0,Casual,United Colors of Benetton Men Check Blue Shirt
14932,Men,Apparel,Bottomwear,Shorts,Black,Fall,2011.0,Casual,Status Quo Men Check Black Shorts
16190,Men,Apparel,Topwear,Jackets,Navy Blue,Fall,2011.0,Sports,Puma Men Heroes Navy Blue Jackets
43904,Men,Apparel,Topwear,Shirts,Blue,Summer,2012.0,Casual,Arrow Sport Men Blue Check Shirt
50951,Women,Apparel,Bottomwear,Jeans,Black,Winter,2011.0,Casual,Lee Women Black Jeans
12839,Women,Apparel,Bottomwear,Skirts,Black,Fall,2011.0,Casual,Ant Kids Pleated Black Skirts
11111,Men,Apparel,Topwear,Shirts,White,Fall,2011.0,Formal,Indigo Nation Men Check White Shirts
5361,Men,Footwear,Shoes,Sports Shoes,Black,,2011.0,Sports,Kipsta F300 Fg Sr Ah09
51762,Women,Footwear,Shoes,Heels,Gold,Winter,2015.0,Casual,Catwalk Women Gold Toned Heels
4658,Women,Footwear,Shoes,Flats,Grey,Summer,2011.0,Casual,ADIDAS Women Libria Grey & Blue Flats
19536,Men,Apparel,Topwear,Sweaters,Purple,Summer,2011.0,Casual,United Colors of Benetton Men Solid Purple Sweater
14039,Men,Apparel,Topwear,Shirts,Green,Winter,2016.0,Casual,Flying Machine Men Check Green Shirts
58809,Men,Apparel,Topwear,Shirts,White,Fall,2012.0,Casual,Highlander Men White Striped Shirt
33825,Women,Footwear,Shoes,Sports Shoes,Silver,Summer,2012.0,Sports,Puma Women Kuris Silver & Grey Sports Shoes
7559,Men,Apparel,Topwear,Tshirts,Black,Summer,2011.0,Sports,Nike Men's Black Polo T-shirt
20256,Men,Apparel,Topwear,Tshirts,Green,Fall,2011.0,Casual,Wrangler Men Wing Green T-shirt
33489,Men,Apparel,Topwear,Shirts,Green,Summer,2012.0,Casual,Doodle Kids Boy Check Green Shirt
47675,Women,Apparel,Dress,Dresses,Black,Summer,2012.0,Casual,Femella Women Black Animal Printed Dress
12043,Men,Apparel,Topwear,Shirts,White,Fall,2011.0,Formal,Mark Taylor Men White & Blue Striped Shirt
5744,Men,Footwear,Shoes,Sports Shoes,White,Summer,2011.0,Sports,Reebok Men's Blaze White Shoe
42730,Women,Footwear,Shoes,Flats,Gold,Winter,2012.0,Casual,Rocia Women Golden Sandals
59388,Women,Footwear,Shoes,Flats,Black,Summer,2012.0,Casual,Gliders Women Black Sandals
24722,Men,Footwear,Shoes,Sports Shoes,White,Fall,2011.0,Sports,Skechers Men Masterson White Sports Shoes
44578,Men,Apparel,Bottomwear,Jeans,Blue,Summer,2017.0,Casual,Lee Men Blue Party Jeans
57085,Women,Apparel,Bottomwear,Skirts,Off White,Summer,2012.0,Casual,Elle Women Off-White & Orange Floral Print Tulip Skirt
17677,Women,Footwear,Shoes,Heels,Tan,Winter,2015.0,Casual,Catwalk Women Weaved Strap Tan Flats
15063,Men,Footwear,Shoes,Formal Shoes,Brown,Summer,2013.0,Formal,Franco Leone Men Brown Formal Shoe
13996,Women,Apparel,Topwear,Jackets,Black,Fall,2011.0,Sports,Nike Women Solid Black Jackets
28467,Women,Apparel,Topwear,Tshirts,Rust,Summer,2012.0,Casual,Urban Yoga Women Printed Rust T-shirt
45322,Women,Footwear,Shoes,Heels,Beige,Summer,2016.0,Casual,Cobblerz Women Beige & Blue Wedges
43500,Men,Apparel,Topwear,Tshirts,White,Summer,2012.0,Casual,French Connection Men White T-shirt
57008,Women,Footwear,Shoes,Flats,Blue,Winter,2012.0,Casual,HM Women Blue Sandals
22627,Men,Apparel,Topwear,Sweaters,White,Fall,2011.0,Sports,Nike Men White Sweater
4934,Women,Apparel,Dress,Dresses,Peach,Summer,2011.0,Casual,Gini and Jony Girl's Valerie Peach White Infant Kidswear
41799,Women,Apparel,Topwear,Tops,Yellow,Summer,2012.0,Casual,Remanika Women Yellow Top
19533,Men,Apparel,Topwear,Sweaters,Navy Blue,Fall,2011.0,Casual,United Colors of Benetton Men Solid Navy Blue Sweater
11351,Men,Apparel,Bottomwear,Jeans,Blue,Fall,2011.0,Casual,Lee Men BUD PWL Blue Jeans
34065,Girls,Apparel,Dress,Dresses,Black,Summer,2012.0,Casual,Gini and Jony Girls Black Dress
37205,Men,Apparel,Bottomwear,Jeans,Blue,Summer,2012.0,Casual,United Colors of Benetton Men Washed Blue Jeans
57002,Women,Footwear,Shoes,Flats,Gold,Winter,2012.0,Casual,HM Women Golden Sandals
17270,Men,Apparel,Topwear,Tshirts,Black,Fall,2011.0,Casual,U.S. Polo Assn. Men Black Polo Tshirt
17514,Women,Apparel,Topwear,Sweaters,Black,Fall,2011.0,Casual,Jealous 21 Women Solid Black Sweater
12249,Men,Apparel,Topwear,Shirts,Pink,Fall,2011.0,Formal,Genesis Men Striped Pink & Navy Shirt
59969,Women,Apparel,Dress,Dresses,Black,Fall,2012.0,Casual,Avirate Black Dress
26133,Men,Apparel,Bottomwear,Trousers,Grey,Summer,2012.0,Formal,John Miller Men Striped Grey Trousers
9117,Unisex,Footwear,Shoes,Sports Shoes,Black,Fall,2011.0,Sports,Puma Unisex Axis Black Sports Shoes
32837,Women,Footwear,Shoes,Heels,Grey,Winter,2012.0,Casual,Grendha Women Flori Grey Sandals
7182,Women,Apparel,Bottomwear,Track Pants,Blue,Fall,2011.0,Casual,Jealous 21 Women Dark Blue Jegging
19518,Men,Apparel,Topwear,Sweaters,Blue,Fall,2011.0,Casual,United Colors of Benetton Men Stripes Blue Sweater
33708,Men,Footwear,Shoes,Formal Shoes,Brown,Winter,2012.0,Formal,Cobblerz Men Brown Semiformal Shoes
23028,Men,Apparel,Topwear,Shirts,Blue,Fall,2011.0,Formal,Arrow Men Blue Striped Shirt
15341,Women,Apparel,Bottomwear,Shorts,Pink,Fall,2011.0,Sports,Nike Women Solid Pink Shorts
38505,Girls,Apparel,Bottomwear,Skirts,Blue,Summer,2012.0,Casual,Gini and Jony Girls Woven Blue Skirt
31057,Men,Apparel,Bottomwear,Shorts,Blue,Summer,2012.0,Casual,Arrow Sport Men Check Blue Shorts
28140,Men,Apparel,Bottomwear,Shorts,Navy Blue,Summer,2016.0,Casual,Jockey SPORT Men Navy Blue Shorts 9411
57057,Women,Apparel,Dress,Dresses,Red,Summer,2012.0,Casual,Elle Women Red A-Line Dress
35465,Men,Footwear,Shoes,Casual Shoes,Blue,Fall,2012.0,Casual,Franco Leone Men Blue Shoes
31339,Men,Apparel,Bottomwear,Jeans,Blue,Summer,2012.0,Casual,Locomotive Men Washed Blue Jeans
2963,Men,Footwear,Shoes,Sports Shoes,White,Fall,2010.0,Sports,Puma Men's Basket Biz White & Blue Shoe
6501,Men,Apparel,Topwear,Jackets,White,Summer,2011.0,Casual,ADIDAS Men Chrome White Jacket
5729,Men,Footwear,Shoes,Casual Shoes,White,Summer,2011.0,Casual,Reebok Men's Blaze White Shoe
33215,Women,Apparel,Topwear,Tops,Off White,Summer,2012.0,Casual,Sepia Women Off White Top
42021,Women,Footwear,Shoes,Casual Shoes,Black,Summer,2012.0,Casual,ADIDAS Women Black Vigor Shoes
35056,Men,Footwear,Shoes,Formal Shoes,Brown,Summer,2012.0,Formal,Windsor Men Brown Formal Shoes
7230,Men,Footwear,Shoes,Formal Shoes,Brown,Fall,2011.0,Formal,Rockport Men's Myrics Mid Brown Shoe
54740,Men,Footwear,Shoes,Casual Shoes,Black,Spring,2012.0,Casual,Vans Men Black Era Shoes
12532,Women,Apparel,Topwear,Jackets,Black,Fall,2011.0,Casual,Puma Women Solid Black Jackets
51452,Women,Apparel,Topwear,Tops,White,Summer,2012.0,Casual,Tonga Women White & Pink Top
4911,Women,Apparel,Topwear,Tops,Pink,Summer,2011.0,Casual,Levis Kids Girl's Dionne Pink Kidswear
7549,Men,Apparel,Bottomwear,Track Pants,Black,Summer,2011.0,Sports,Nike Men Essenti Black Track Pant
53752,Men,Apparel,Bottomwear,Shorts,Blue,Summer,2012.0,Casual,ADIDAS Men Blue Shorts
13288,Men,Apparel,Bottomwear,Trousers,Beige,Fall,2011.0,Casual,Gini and Jony Kids Solid Beige Trousers
27165,Men,Apparel,Topwear,Shirts,Blue,Summer,2012.0,Formal,Mark Taylor Men Striped Blue Shirt
14362,Women,Footwear,Shoes,Heels,Beige,Winter,2015.0,Casual,Catwalk Women Casual Beige Flats
54979,Women,Apparel,Topwear,Shirts,White,Summer,2012.0,Casual,Femella Women White Printed Shirt
7534,Men,Apparel,Topwear,Tshirts,White,Summer,2011.0,Sports,Nike men's As Nike Spher White Orange T-shirt
39231,Women,Apparel,Topwear,Tops,Peach,Summer,2012.0,Casual,Femella Women Peach Top
39211,Men,Footwear,Shoes,Formal Shoes,Black,Summer,2013.0,Formal,Franco Leone Men Black Formal Shoes
39323,Girls,Apparel,Bottomwear,Shorts,Blue,Summer,2012.0,Casual,Gini and Jony Girls Blue Shorts
12537,Men,Apparel,Bottomwear,Track Pants,Grey,Fall,2011.0,Casual,Puma Men Solid Grey Track Pants
38767,Girls,Apparel,Bottomwear,Shorts,Pink,Summer,2012.0,Casual,Gini and Jony Girls Pink Shorts
7532,Men,Apparel,Topwear,Tshirts,Blue,Summer,2011.0,Sports,Nike Men's Encourage Blue T-shirt
32509,Men,Footwear,Shoes,Formal Shoes,Black,Summer,2012.0,Formal,Franco Leone Men Formal Black Formal Shoes
2396,Men,Footwear,Shoes,Casual Shoes,Black,Winter,2018.0,Casual,Red Tape Black Men Casual Shoe
17679,Women,Footwear,Shoes,Heels,Pink,Winter,2015.0,Casual,Catwalk Women Buckel Pink Flats
13470,Women,Apparel,Dress,Dresses,Pink,Summer,2011.0,Casual,United Colors of Benetton Women Solid Pink Dress
58514,Women,Apparel,Topwear,Tops,Grey,Summer,2012.0,Casual,Tonga Women Grey Top
50724,Girls,Apparel,Dress,Dresses,Blue,Summer,2012.0,Casual,Doodle Girls Blue Washed Dress
43514,Women,Apparel,Dress,Dresses,Black,Summer,2012.0,Casual,French Connection Women Black Dress
47220,Men,Footwear,Shoes,Formal Shoes,Brown,Summer,2012.0,Formal,Franco Leone Men Brown Formal Shoes
19578,Women,Apparel,Topwear,Tops,Purple,Summer,2011.0,Casual,United Colors of Benetton Women Solid Purple Top
46607,Women,Footwear,Shoes,Heels,Silver,Winter,2012.0,Casual,Catwalk Women Silver Heels
34204,Men,Apparel,Bottomwear,Track Pants,Navy Blue,Fall,2013.0,Casual,Proline Men Navy Track Pants
35382,Boys,Footwear,Shoes,Casual Shoes,Grey,Summer,2012.0,Casual,Enroute Boys Grey Casual Shoes
5794,Women,Apparel,Topwear,Tops,Black,Summer,2011.0,Casual,Jealous 21 Women Party Black Top
26411,Men,Apparel,Topwear,Shirts,Red,Summer,2012.0,Casual,Turtle Men Check Red Shirt
2049,Men,Apparel,Topwear,Tshirts,White,Summer,2010.0,Sports,ADIDAS Men's Slim Fit White T-shirt
13993,Men,Footwear,Shoes,Casual Shoes,White,Fall,2011.0,Casual,Puma Men Future Cat M1 White Casual Shoes
27877,Women,Apparel,Topwear,Shirts,Navy Blue,Summer,2012.0,Casual,Scullers For Her Women Printed Navy Blue Shirt
21174,Women,Apparel,Topwear,Tops,Beige,Fall,2011.0,Casual,s.Oliver Women Stripes Beige Top
32479,Men,Apparel,Bottomwear,Track Pants,Charcoal,Summer,2012.0,Casual,Proline Men Charcoal Grey Track Pants
39793,Men,Apparel,Bottomwear,Trousers,Grey,Summer,2012.0,Formal,Peter England Men Grey Formal Trousers
54132,Women,Footwear,Shoes,Heels,Black,Winter,2012.0,Casual,Rocia Women Black Heels
23833,Women,Footwear,Shoes,Flats,Silver,Fall,2011.0,Casual,Puma Women Silver Gladiator Sandals
9030,Men,Footwear,Shoes,Casual Shoes,Brown,Winter,2011.0,Casual,Buckaroo Men loma Brown Casual Shoes
40922,Boys,Apparel,Topwear,Jackets,Blue,Summer,2012.0,Casual,Gini and Jony Boys Rodeo Blue Jacket
11264,Men,Apparel,Bottomwear,Trousers,Grey,Fall,2011.0,Casual,Indigo Nation Men TR Yarn Dyed Grey Trousers
48525,Women,Apparel,Dress,Dresses,White,Summer,2012.0,Casual,French Connection Women White & Blue  Striped Dress
9168,Men,Apparel,Bottomwear,Jeans,Blue,Fall,2011.0,Casual,Locomotive Men Radley Blue Jeans
39896,Women,Footwear,Shoes,Sports Shoes,Blue,Summer,2012.0,Sports,ADIDAS Women Blue Adi Light Sports Shoes
2041,Men,Apparel,Topwear,Tshirts,Grey,Fall,2010.0,Sports,ADIDAS Mens Fire Grey T-shirt
18719,Women,Apparel,Topwear,Tops,Grey,Fall,2011.0,Casual,Arrow Women Zebra Grey Top
8496,Women,Apparel,Bottomwear,Skirts,Cream,Fall,2011.0,Casual,Forever New Women Cappuccino Cream Skirts
38837,Women,Apparel,Dress,Dresses,Pink,Fall,2012.0,Casual,Latin Quarters Women Pink Printed Dress
39329,Girls,Apparel,Bottomwear,Shorts,Green,Summer,2012.0,Casual,Gini and Jony Girls Green Shorts
59993,Women,Apparel,Dress,Dresses,Black,Fall,2012.0,Casual,Avirate Black Dress
19539,Men,Apparel,Topwear,Sweaters,Black,Summer,2011.0,Casual,United Colors of Benetton Men Solid Black Sweater
34091,Girls,Apparel,Topwear,Tops,Grey,Summer,2012.0,Casual,Doodle Girls Printed Grey Top
37165,Women,Apparel,Topwear,Tops,Peach,Summer,2012.0,Casual,United Colors of Benetton Women Peach Top
16161,Men,Footwear,Shoes,Formal Shoes,Black,Summer,2012.0,Formal,Enroute Men Leather Black Formal Shoes
49469,Men,Footwear,Shoes,Casual Shoes,Maroon,Summer,2012.0,Casual,Vans Men Maroon Vulcanized Canvas Shoes
44666,Women,Apparel,Bottomwear,Trousers,Brown,Summer,2012.0,Casual,Wills Lifestyle Women Brown Trousers
17757,Men,Footwear,Shoes,Casual Shoes,Brown,Winter,2012.0,Casual,Buckaroo Men New Gemma Brown Casual Shoe
34507,Men,Footwear,Shoes,Formal Shoes,Brown,Summer,2012.0,Formal,Franco Leone Men Brown Formal Shoes
45616,Men,Footwear,Shoes,Formal Shoes,Black,Summer,2012.0,Formal,Arrow Men Black Formal Shoes
44341,Men,Apparel,Topwear,Tshirts,Blue,Summer,2012.0,Casual,Indian Terrain Men Blue T-shirt
37222,Boys,Apparel,Topwear,Shirts,Navy Blue,Summer,2012.0,Casual,United Colors of Benetton Boys Check Navy Blue Shirt
42019,Men,Footwear,Shoes,Casual Shoes,Black,Summer,2012.0,Casual,ADIDAS Men Black Pural Desman Shoes
29173,Girls,Apparel,Bottomwear,Skirts,Green,Summer,2012.0,Casual,United Colors of Benetton Kids Girls Printed Green Skirt
7179,Women,Apparel,Bottomwear,Jeans,Blue,Fall,2011.0,Casual,Jealous 21 Women Blue Jegging
6079,Men,Apparel,Topwear,Tshirts,Grey,Summer,2011.0,Casual,UCB Men's Johny Collar With Two Tone Grey T-shirt
20220,Men,Apparel,Topwear,Sweaters,Navy Blue,Fall,2011.0,Casual,Wrangler Men Rib Navy Sweater
15315,Men,Footwear,Shoes,Sports Shoes,Black,Fall,2011.0,Sports,ADIDAS Men Eqt Nitro Fashion Black Sports Shoes
9877,Men,Apparel,Bottomwear,Trousers,Black,Fall,2011.0,Casual,Indigo Nation Men Pv Plan Mix & Max Black Trousers
38326,Girls,Apparel,Topwear,Tops,Pink,Summer,2012.0,Casual,Hannah Montana Girls Pink Printed Top
42217,Women,Apparel,Dress,Dresses,Black,Summer,2012.0,Party,Sepia Women Black Dress
56827,Men,Apparel,Bottomwear,Jeans,Blue,Summer,2012.0,Casual,John Players Men Blue Jeans
40430,Women,Apparel,Dress,Dresses,Grey,Summer,2012.0,Casual,Tonga Women Grey Dress
28138,Men,Apparel,Bottomwear,Shorts,Black,Summer,2016.0,Casual,Jockey SPORT Men Black Knit Sport Shorts 9411
20120,Women,Apparel,Topwear,Tops,Purple,Fall,2011.0,Casual,Wrangler Women Lace Detail Purple Top
10407,Men,Apparel,Topwear,Shirts,Grey,Fall,2011.0,Formal,United Colors of Benetton Men Solid Grey Shirts
9859,Men,Apparel,Topwear,Tshirts,Pink,Fall,2011.0,Casual,Status Quo Men Pink Polo Tshirts
18958,Men,Apparel,Topwear,Sweaters,Blue,Fall,2011.0,Casual,United Colors of Benetton Men Stripes Blue Sweater
20172,Men,Apparel,Topwear,Shirts,Navy Blue,Fall,2011.0,Casual,Wrangler Men Aoston Navy Blue Shirt
32951,Men,Footwear,Shoes,Casual Shoes,Brown,Summer,2012.0,Casual,ADIDAS Neo Men Court Sequence Mid Brown Shoes
31985,Men,Footwear,Shoes,Casual Shoes,Khaki,Summer,2012.0,Casual,Woodland Men Khaki Shoes
4171,Men,Footwear,Shoes,Sports Shoes,White,Summer,2011.0,Sports,Reebok Men's Easytone Inspire White Shoe
22348,Men,Apparel,Topwear,Sweaters,Grey,Fall,2011.0,Casual,John Players Men Solid Grey Sweater
11834,Men,Footwear,Shoes,Casual Shoes,Grey,Summer,2013.0,Casual,Playboy Men Casual Grey Casual Shoes
12903,Men,Footwear,Shoes,Casual Shoes,Green,Fall,2011.0,Casual,Puma Men Whirlwind Classic Green Casual Shoes
16176,Men,Footwear,Shoes,Formal Shoes,Black,Fall,2011.0,Formal,Enroute Men Leather Black Formal Shoes
18866,Men,Apparel,Bottomwear,Track Pants,Grey,Fall,2011.0,Casual,Puma Men Solid Grey Core Sweat Pants
14520,Men,Apparel,Topwear,Shirts,Blue,Fall,2011.0,Formal,Mark Taylor Men Blue White & Dark Grey Striped Shirt
10715,Women,Apparel,Topwear,Tops,Black,Fall,2011.0,Casual,Nike Women Training sports bra Black Tops
15630,Men,Apparel,Topwear,Jackets,Black,Fall,2011.0,Sports,Nike Men AS Thermal Black Jackets
23882,Men,Footwear,Shoes,Sports Shoes,Grey,Fall,2011.0,Sports,Fila Men Destiny Grey Sports Shoes
45370,Women,Footwear,Shoes,Heels,Brown,Summer,2016.0,Casual,Cobblerz Women Brown Sandals
11871,Men,Footwear,Shoes,Formal Shoes,Black,Summer,2013.0,Formal,Franco Leone Men Formal Black Formal Shoes
5457,Men,Apparel,Bottomwear,Track Pants,Navy Blue,Summer,2011.0,Sports,Nike Men's Perfect Navy Blue Track Pant
17624,Men,Apparel,Bottomwear,Track Pants,Navy Blue,Fall,2011.0,Sports,ADIDAS Men Solid Navy Blue Track Pant
41302,Girls,Apparel,Dress,Dresses,Pink,Summer,2012.0,Casual,Gini and Jony Girls Blue Saloppette
22262,Women,Footwear,Shoes,Heels,Black,Winter,2012.0,Casual,Inc. 5 Women Casual Black Flats
9602,Men,Apparel,Topwear,Shirts,Black,Fall,2011.0,Casual,Scullers Men Scul White & Red Shirt
41152,Women,Apparel,Bottomwear,Skirts,Grey,Summer,2012.0,Casual,Allen Solly Woman Grey Skirt
8378,Girls,Apparel,Topwear,Tshirts,Green,Fall,2011.0,Casual,Doodle Girl's Princess Lime Kidswear
9142,Women,Apparel,Bottomwear,Jeans,Black,Summer,2013.0,Casual,Lee Women Black Eva Fit Jeans
27214,Men,Apparel,Bottomwear,Shorts,Brown,Summer,2012.0,Casual,Doodle Kids Boy  Brown Shorts
19861,Men,Apparel,Topwear,Jackets,Black,Fall,2011.0,Casual,U.S. Polo Assn. Men Solid Black Jackets
38993,Boys,Apparel,Bottomwear,Jeans,Blue,Summer,2012.0,Casual,Gini and Jony Boys Rodeo Blue Jeans
6013,Men,Apparel,Topwear,Shirts,White,Summer,2011.0,Casual,Highlander Men White Purple Black Grey Checked Shirt
13108,Men,Apparel,Bottomwear,Track Pants,Blue,Fall,2011.0,Sports,ADIDAS Men Pant Climalite Blue Track Pants
11318,Women,Apparel,Bottomwear,Jeans,Black,Fall,2011.0,Casual,United Colors of Benetton Women Solid Black Jeans
10656,Women,Apparel,Topwear,Tops,Pink,Fall,2011.0,Casual,Doodle Girl Little frock Pink Tops
25453,Men,Footwear,Shoes,Casual Shoes,White,Summer,2012.0,Casual,Nike Men Air Endurance White Casual Shoes
14659,Men,Apparel,Bottomwear,Trousers,Khaki,Fall,2011.0,Casual,Probase Men Solid LT.Khaki Trousers
12968,Men,Footwear,Shoes,Sports Shoes,White,Fall,2011.0,Sports,ADIDAS Men Allegra White Sports Shoes
47447,Women,Footwear,Shoes,Flats,Brown,Summer,2012.0,Casual,Tiptopp Women Brown Sandals
3672,Men,Footwear,Shoes,Sports Shoes,Black,Summer,2011.0,Sports,Fila Men's Speed Up Black Silver Shoe
13950,Women,Apparel,Topwear,Tops,White,Summer,2011.0,Casual,United Colors of Benetton Women Printed White Tops
31096,Boys,Apparel,Topwear,Shirts,Green,Summer,2012.0,Casual,Palm Tree Boys Check Green Shirt
41439,Men,Footwear,Shoes,Sports Shoes,Black,Fall,2012.0,Sports,Lee Cooper Men Black Sports Shoes
29252,Men,Footwear,Shoes,Sports Shoes,Navy Blue,Summer,2012.0,Sports,ADIDAS Men Bounce Trainer Navy Blue Sports Shoes
12698,Men,Footwear,Shoes,Sports Shoes,Blue,Fall,2011.0,Sports,Nike Men Swift FG Blue Sports Shoes
48094,Women,Apparel,Topwear,Tops,Purple,Summer,2012.0,Casual,French Connection Women Violet Top
47617,Women,Footwear,Shoes,Flats,Black,Fall,2014.0,Casual,Portia Women Black & White Flats
12367,Men,Apparel,Topwear,Shirts,White,Fall,2011.0,Formal,Reid & Taylor Men White Shirt
39225,Women,Apparel,Bottomwear,Trousers,Brown,Summer,2012.0,Casual,Femella Women Heart Print  Brown Trousers
39212,Men,Footwear,Shoes,Formal Shoes,Black,Summer,2013.0,Formal,Franco Leone Men Black Formal Shoes
27871,Women,Apparel,Topwear,Shirts,White,Summer,2012.0,Casual,Scullers For Her Striped White Shirt
48394,Men,Apparel,Bottomwear,Trousers,Black,Summer,2012.0,Formal,French Connection Men Black Trousers
37279,Women,Apparel,Topwear,Tshirts,Pink,Summer,2012.0,Casual,Tantra Women Pink Curly Heart T-shirt
17515,Women,Apparel,Topwear,Sweaters,Pink,Fall,2011.0,Casual,Jealous 21 Women Solid Pink Sweater
50752,Men,Footwear,Shoes,Formal Shoes,Black,Winter,2018.0,Formal,Red Chief Men Black Formal Shoes
42264,Men,Apparel,Bottomwear,Jeans,Blue,Summer,2012.0,Casual,John Players Men Blue Jeans
35695,Men,Footwear,Shoes,Casual Shoes,Black,Summer,2012.0,Casual,Nike Men Sweet Classic Leather Black Shoes
14365,Women,Footwear,Shoes,Heels,Beige,Winter,2015.0,Casual,Catwalk Women Casual Beige Flats
10009,Men,Apparel,Topwear,Tshirts,Red,Fall,2011.0,Sports,Nike Men Town Round Red Neck T-Shirts
54976,Women,Apparel,Dress,Dresses,Pink,Summer,2012.0,Casual,Femella Women Pink Dress
5566,Women,Apparel,Dress,Dresses,Maroon,Summer,2011.0,Casual,Ant Kids Girl's Maroon With Flower Kidswear
19339,Men,Apparel,Topwear,Jackets,Black,Fall,2011.0,Casual,United Colors of Benetton Men Solid Black Jacket
10000,Women,Apparel,Bottomwear,Skirts,White,Summer,2011.0,Casual,Palm Tree Girls Sp Jace Sko White Skirts
26140,Men,Apparel,Bottomwear,Trousers,Black,Summer,2012.0,Formal,John Miller Men Striped Black Trousers
51398,Men,Apparel,Bottomwear,Shorts,White,Summer,2012.0,Casual,Myntra Men Green Check Shorts
14379,Women,Footwear,Shoes,Heels,Beige,Winter,2015.0,Casual,Catwalk Women Casual Beige Heels
41586,Men,Apparel,Topwear,Shirts,White,Summer,2012.0,Casual,Basics Men White Striped Shirt
16220,Men,Apparel,Topwear,Jackets,Black,Fall,2011.0,Sports,Puma Men Heroes Black Jackets
39103,Men,Apparel,Bottomwear,Trousers,Grey,Summer,2012.0,Formal,Reid & Taylor Men Grey Trouser
35437,Girls,Apparel,Bottomwear,Shorts,Black,Summer,2012.0,Casual,Doodle Girls Washed Black Shorts
36563,Men,Apparel,Topwear,Tshirts,Blue,Summer,2012.0,Casual,Jack & Jones Men Polo Blue T-shirt
9160,Men,Apparel,Bottomwear,Jeans,Grey,Fall,2011.0,Casual,Locomotive Men Cal Grey Jeans
26823,Men,Apparel,Bottomwear,Trousers,Grey,Summer,2012.0,Casual,Highlander Men Grey Trousers
5027,Men,Apparel,Bottomwear,Track Pants,Black,Summer,2011.0,Sports,ADIDAS Men's Long Black Capris
31335,Men,Apparel,Bottomwear,Jeans,Blue,Summer,2012.0,Casual,Locomotive Men Washed Blue Jeans
57165,Women,Apparel,Topwear,Tops,Magenta,Summer,2012.0,Casual,Elle Women Magenta Clash Top
51408,Men,Apparel,Topwear,Shirts,Blue,Summer,2012.0,Casual,Myntra Men Blue and White Check Shirt
49597,Women,Footwear,Shoes,Heels,Brown,Winter,2015.0,Casual,Catwalk Women Brown Flats
45591,Men,Footwear,Shoes,Formal Shoes,Black,Summer,2013.0,Formal,Arrow Men Black Formal Shoes
40383,Women,Apparel,Topwear,Tops,Pink,Summer,2012.0,Casual,Tokyo Talkies Women Pink Top
2825,Men,Footwear,Shoes,Formal Shoes,Black,Summer,2012.0,Formal,Lee Cooper Men Leather Semi Formal Black Shoe
31656,Men,Apparel,Topwear,Shirts,White,Summer,2012.0,Casual,Indigo Nation Men White Shirt
15601,Men,Apparel,Topwear,Jackets,Navy Blue,Fall,2011.0,Sports,Nike Men Football Soccer Navy Blue Jackets
34473,Women,Apparel,Dress,Dresses,Navy Blue,Summer,2012.0,Casual,Van Heusen Woman Navy Blue Dress
45785,Women,Footwear,Shoes,Flats,Black,Summer,2012.0,Casual,Senorita Women Black Sandals
16072,Men,Apparel,Bottomwear,Trousers,Black,Fall,2011.0,Casual,Highlander Men Solid Black Trouser
54120,Women,Footwear,Shoes,Flats,Beige,Winter,2012.0,Casual,Rocia Women Beige Flats
9143,Women,Apparel,Bottomwear,Jeans,Blue,Summer,2013.0,Casual,Lee Women Blue Skinny Fit Stretchable Jeans
9169,Men,Apparel,Bottomwear,Jeans,Blue,Fall,2011.0,Casual,Locomotive Men Ian Blue Jeans
33841,Men,Footwear,Shoes,Casual Shoes,White,Summer,2012.0,Casual,Puma Men Drift Cat White Shoes
9529,Men,Apparel,Bottomwear,Shorts,Grey,Summer,2012.0,Casual,Puma Men's Ess Woven Grey Shorts
56798,Men,Apparel,Bottomwear,Jeans,Blue,Summer,2012.0,Casual,Horsefly Men Blue Jeans
6731,Men,Footwear,Shoes,Sports Shoes,Black,Summer,2011.0,Sports,Puma Men's Bolt Faas 300 Black Blue Shoe
14089,Men,Apparel,Topwear,Sweaters,Black,Fall,2011.0,Casual,Flying Machine Men Solid Black Sweaters
24685,Men,Footwear,Shoes,Formal Shoes,Black,Winter,2015.0,Formal,Hush Puppies Men Hpo2 Flex Black Formal Shoes
13550,Women,Footwear,Shoes,Flats,Tan,Fall,2011.0,Casual,Carlton London Women Casual Tan Sandals
27921,Women,Apparel,Bottomwear,Trousers,Beige,Summer,2012.0,Formal,Scullers For Her Beige Trousers
4515,Men,Footwear,Shoes,Sports Shoes,White,Summer,2011.0,Sports,Puma Men's Tarun White Silver Red Shoe
20802,Men,Footwear,Shoes,Sports Shoes,White,Fall,2010.0,Sports,Fila Men Racer White Sports Shoes
48388,Men,Apparel,Bottomwear,Jeans,Blue,Summer,2012.0,Casual,French Connection Men Blue Jeans
13905,Men,Footwear,Shoes,Sports Shoes,Grey,Fall,2011.0,Sports,Nike Men Lunarswift Grey Sports Shoes
9779,Men,Apparel,Bottomwear,Track Pants,Navy Blue,Fall,2011.0,Casual,ADIDAS Men Cress 3spespt Navy Blue Track Pants
47212,Men,Footwear,Shoes,Formal Shoes,Brown,Summer,2012.0,Formal,Franco Leone Men Brown Formal Shoes
10366,Women,Apparel,Bottomwear,Skirts,Black,Fall,2011.0,Casual,United Colors of Benetton Women Solid Black Skirt
17948,Men,Apparel,Bottomwear,Track Pants,Grey,Fall,2011.0,Sports,Puma Men South Africa  Grey Track Pant
49633,Women,Apparel,Dress,Dresses,Red,Summer,2012.0,Casual,Mineral Coral Dress
27598,Men,Apparel,Bottomwear,Trousers,Grey,Summer,2012.0,Casual,Scullers Men Check Grey Trousers
35384,Boys,Footwear,Shoes,Casual Shoes,Black,Summer,2012.0,Casual,Enroute Teens Black Shoes
47651,Women,Apparel,Dress,Dresses,Grey,Summer,2012.0,Casual,Femella Women Grey Lace Dress
23152,Men,Apparel,Topwear,Shirts,White,Winter,2011.0,Formal,Genesis White Formal Shirt
4571,Women,Footwear,Shoes,Sports Shoes,Purple,Winter,2011.0,Sports,Nike Women Air Max Trainer Excel Purple Sports Shoes
44416,Men,Footwear,Shoes,Formal Shoes,Black,Winter,2018.0,Formal,Red Tape Men Black Formal Shoes
11784,Women,Apparel,Topwear,Tshirts,Black,Summer,2011.0,Casual,Lee Women Solid Black Tshirts
13884,Men,Apparel,Topwear,Shirts,Black,Fall,2011.0,Casual,Scullers Men Check Black Shirts
27539,Men,Apparel,Topwear,Shirts,Blue,Summer,2012.0,Casual,Scullers Men Check Green & Blue Shirt
56884,Women,Footwear,Shoes,Heels,Black,Winter,2012.0,Casual,HM Women Black Heels
19856,Men,Apparel,Topwear,Jackets,Olive,Winter,2016.0,Casual,U.S. Polo Assn. Men Solid Olive Jackets
13230,Men,Apparel,Bottomwear,Shorts,Blue,Fall,2011.0,Casual,Palm Tree Kids Boys Washed Blue Shorts
14030,Women,Apparel,Topwear,Tshirts,White,Fall,2011.0,Casual,Nike Women Printed White Tshirts
37571,Girls,Apparel,Topwear,Tops,Green,Summer,2012.0,Casual,Madagascar3 Infant Girls Light Green Spaghetti Top
45391,Women,Footwear,Shoes,Flats,Black,Winter,2012.0,Casual,Rocia Women Black Sandals
33144,Boys,Apparel,Bottomwear,Shorts,Blue,Summer,2012.0,Casual,Gini and Jony Boys Blue Shorts
15464,Men,Apparel,Topwear,Jackets,Black,Fall,2011.0,Casual,Puma Men Frost HD Black Jackets
17017,Women,Footwear,Shoes,Flats,Black,Winter,2012.0,Casual,Rocia Women Casual Brown Sandal
4834,Men,Apparel,Bottomwear,Track Pants,Brown,Summer,2011.0,Sports,ADIDAS Men's Woven Sand Track Pant
36136,Women,Footwear,Shoes,Sports Shoes,Green,Summer,2012.0,Sports,Nike Women Free Run+ 3 Green Sports Shoes
53749,Women,Apparel,Bottomwear,Track Pants,Black,Summer,2012.0,Casual,ADIDAS Women Black Track Pant
38530,Men,Footwear,Shoes,Sports Shoes,Charcoal,Summer,2012.0,Sports,Puma Men Charcoal Sports Shoes
8883,Men,Apparel,Bottomwear,Trousers,Grey,Fall,2011.0,Formal,Scullers Men Scul Grey Trousers
22329,Men,Apparel,Topwear,Sweaters,Grey,Fall,2011.0,Casual,John Players Men Check Grey Sweater
33351,Men,Footwear,Shoes,Formal Shoes,Black,Summer,2012.0,Formal,Homme Men Black Formal Shoes
10270,Women,Footwear,Shoes,Flats,Silver,Fall,2012.0,Casual,Clarks Women Shona Fringe Leather Silver Flats
7892,Men,Apparel,Bottomwear,Shorts,Grey,Fall,2011.0,Casual,Proline Men Grey & White Checked Shorts
21135,Women,Apparel,Topwear,Sweaters,Purple,Fall,2011.0,Casual,s.Oliver Women Solid Purple Sweater
9063,Men,Apparel,Topwear,Shirts,Pink,Fall,2011.0,Formal,Mark Taylor Men Pink Striped Shirt
37937,Women,Apparel,Dress,Dresses,Purple,Summer,2012.0,Casual,Mineral Women Purple Dress
14697,Men,Apparel,Bottomwear,Trousers,Beige,Fall,2011.0,Casual,Basics Men Beige Trousers
23840,Men,Footwear,Shoes,Casual Shoes,Brown,Fall,2011.0,Casual,ADIDAS Men Brown Shoes
32190,Women,Footwear,Shoes,Sports Shoes,Pink,Summer,2012.0,Sports,ADIDAS Women Duramo Pink Sports Shoes
3103,Men,Apparel,Topwear,Tshirts,Navy Blue,Summer,2011.0,Casual,Probase Men's Wtf Blue T-Shirt
38930,Girls,Apparel,Bottomwear,Jeans,Blue,Summer,2012.0,Casual,Gini and Jony Girls Blue Jeans
32392,Women,Apparel,Topwear,Shirts,Grey,Summer,2012.0,Formal,Arrow Woman Grey Shirt
9151,Women,Apparel,Topwear,Tops,Grey,Fall,2011.0,Casual,Jealous 21 Women Checks Grey Tops
13410,Men,Apparel,Topwear,Shirts,Blue,Summer,2011.0,Casual,United Colors of Benetton Men Solid Blue Shirts
15329,Men,Apparel,Topwear,Sweaters,White,Fall,2011.0,Sports,Nike Men Solid White Sweaters
13242,Men,Apparel,Bottomwear,Shorts,Beige,Fall,2011.0,Casual,Palm Tree Kids Boys Solid Beige Shorts
41736,Women,Footwear,Shoes,Heels,Gold,Winter,2012.0,Casual,Catwalk Women Golden Heels
20308,Women,Apparel,Topwear,Sweaters,Black,Fall,2011.0,Casual,Jealous 21 Women Solid Black Sweater
39792,Men,Apparel,Bottomwear,Trousers,Brown,Summer,2012.0,Formal,Peter England Men Brown Trousers
49578,Women,Footwear,Shoes,Heels,Black,Winter,2015.0,Casual,Catwalk Women Black Catwalk Flats
18868,Men,Apparel,Bottomwear,Shorts,Navy Blue,Fall,2011.0,Casual,Puma Men Solid Navy Blue Knits Panel Shorts
28626,Men,Apparel,Bottomwear,Track Pants,Off White,Summer,2012.0,Sports,Nike Men Classic Fresher Off White Track Pants
9167,Men,Apparel,Bottomwear,Jeans,Blue,Fall,2011.0,Casual,Locomotive Men Race Blue Jeans
3962,Women,Apparel,Topwear,Tops,Black,Summer,2011.0,Casual,Jealous 21 Women Black Shimmery Falling Neck Top
19862,Men,Footwear,Shoes,Sports Shoes,Grey,Fall,2011.0,Sports,ADIDAS Men Diego Grey Running Sports Shoe
27206,Men,Apparel,Bottomwear,Shorts,Blue,Summer,2012.0,Casual,Doodle Kids Boy Light Blue Shorts
13969,Men,Footwear,Shoes,Casual Shoes,Black,Fall,2011.0,Casual,Puma Men 917 SL Graphic Black Casual Shoes
15517,Men,Footwear,Shoes,Casual Shoes,Red,Fall,2011.0,Casual,Rockport Men LLandro Red Casual Shoes
35272,Women,Apparel,Topwear,Tops,Red,Summer,2012.0,Casual,Lee Women Sherry Red Top
15674,Men,Apparel,Bottomwear,Jeans,Blue,Fall,2011.0,Casual,Highlander Men High Original Blue Jeans
2823,Men,Footwear,Shoes,Formal Shoes,Black,Summer,2012.0,Formal,Lee Cooper Men's LC Formal Leather Black Shoe
35462,Men,Footwear,Shoes,Casual Shoes,Brown,Summer,2013.0,Casual,Franco Leone Men Brown Shoes
12995,Boys,Footwear,Shoes,Casual Shoes,Brown,Fall,2011.0,Casual,Timberland Kids Boys Brown Casual Shoes
24545,Women,Apparel,Topwear,Tops,Red,Fall,2011.0,Ethnic,Mother Earth Women Red Printed Top
3159,Men,Footwear,Shoes,Sports Shoes,White,Fall,2010.0,Sports,Nike Men's Air Max Moto White Blue Shoe
51351,Women,Apparel,Bottomwear,Jeans,Blue,Summer,2012.0,Casual,Spykar Women Blue Jeans
11509,Women,Footwear,Shoes,Flats,Tan,Winter,2015.0,Casual,Catwalk Women Lifestyle Tan Flats
13902,Men,Footwear,Shoes,Sports Shoes,White,Fall,2011.0,Sports,Nike Men Esquire White Sports Shoes
47591,Women,Footwear,Shoes,Heels,Black,Winter,2012.0,Casual,Portia Women Black Flats
57993,Women,Apparel,Dress,Dresses,Beige,Fall,2012.0,Casual,Latin Quarters Women Beige Dress
15319,Men,Apparel,Topwear,Jackets,Navy Blue,Fall,2011.0,Casual,Nike Men Solid Navy Blue Jackets
38828,Women,Apparel,Dress,Dresses,Teal,Summer,2012.0,Casual,Latin Quarters Women Teal Dress
38502,Girls,Apparel,Bottomwear,Shorts,Navy Blue,Summer,2012.0,Casual,Gini and Jony Girls Woven Navy Blue Shorts
38940,Boys,Apparel,Bottomwear,Shorts,Blue,Summer,2012.0,Casual,Palm Tree Boys Blue Shorts
32444,Men,Apparel,Bottomwear,Shorts,Navy Blue,Winter,2015.0,Sports,ADIDAS Men Navy Blue Shorts
43083,Women,Apparel,Bottomwear,Track Pants,Black,Summer,2012.0,Casual,Nike Women Black  Track Pants
27626,Men,Apparel,Bottomwear,Shorts,Brown,Summer,2012.0,Casual,Scullers Men Check Brown Cargo Shorts
31117,Girls,Apparel,Topwear,Tops,White,Summer,2012.0,Casual,Gini and Jony Girls White Top
28503,Men,Apparel,Bottomwear,Shorts,Grey,Summer,2012.0,Sports,Nike Men Tempo 2 in 1 Grey Shorts
27080,Women,Footwear,Shoes,Heels,Silver,Winter,2015.0,Casual,Catwalk Women Silver Flats
15488,Women,Footwear,Shoes,Flats,Tan,Winter,2012.0,Casual,Carlton London Women Tan Brown Boots
33088,Women,Footwear,Shoes,Heels,Gold,Winter,2015.0,Casual,Catwalk Women Gold Flats
59891,Women,Apparel,Topwear,Shirts,Multi,Fall,2012.0,Casual,Femella Women Multi Coloured Shirt
40068,Men,Apparel,Bottomwear,Shorts,Black,Summer,2012.0,Casual,ADIDAS Men Black Shorts
9604,Men,Apparel,Topwear,Shirts,White,Fall,2011.0,Formal,Scullers Men Scul White Black Shirts
8840,Men,Apparel,Bottomwear,Trousers,Charcoal,Winter,2012.0,Casual,Scullers Men Black Checked Trousers
20913,Men,Apparel,Bottomwear,Jeans,Blue,Fall,2011.0,Casual,Deni Yo Men Washed Blue Jeans
13444,Women,Apparel,Topwear,Tops,Yellow,Summer,2011.0,Casual,United Colors of Benetton Women Printed Yellow Tops
11517,Women,Footwear,Shoes,Heels,White,Winter,2015.0,Casual,Catwalk Women Lifestyle White Shoes
5766,Women,Apparel,Bottomwear,Jeans,Black,Summer,2011.0,Casual,Jealous 21 Women Black Jegging
57136,Women,Apparel,Bottomwear,Trousers,Black,Summer,2012.0,Casual,Elle Women Black Trousers
46360,Men,Apparel,Topwear,Shirts,White,Summer,2012.0,Casual,Locomotive Men Black & Grey Check Shirt
41357,Men,Apparel,Bottomwear,Jeans,,Fall,2016.0,Casual,Wrangler Men Blue Millard Jeans
13779,Men,Apparel,Bottomwear,Trousers,Cream,Fall,2011.0,Casual,Belmonte Men Solid Cream Trousers
12010,Men,Apparel,Topwear,Shirts,Red,Fall,2011.0,Formal,Mark Taylor Men Red Striped Shirt
39638,Men,Footwear,Shoes,Sports Shoes,White,Summer,2012.0,Sports,Lotto Men White Sports Shoes
42086,Men,Footwear,Shoes,Sports Shoes,White,Summer,2012.0,Sports,ADIDAS Men Mars White Sports Shoes
9340,Women,Apparel,Topwear,Tops,Black,Fall,2011.0,Casual,Puma Women blink blink Black Tops
26607,Men,Footwear,Shoes,Sports Shoes,Black,Summer,2012.0,Sports,Puma Men Cell Varex Black Sports Shoes
38844,Women,Apparel,Dress,Dresses,Black,Summer,2012.0,Casual,Latin Quarters Women Black & White Printed Dress
41660,Men,Apparel,Topwear,Shirts,Blue,Summer,2012.0,Formal,Mark Taylor Men Blue Striped Shirt
32648,Men,Apparel,Bottomwear,Shorts,Black,Winter,2015.0,Sports,Nike Black Legacy Woven     Training  Shorts
26844,Men,Apparel,Bottomwear,Trousers,Black,Summer,2012.0,Casual,Highlander Men Black Trousers
20299,Women,Apparel,Topwear,Sweaters,Blue,Fall,2011.0,Casual,Jealous 21 Women Blue Sweater
49615,Women,Footwear,Shoes,Heels,Brown,Winter,2015.0,Casual,Catwalk Women Brown Heels
11144,Men,Apparel,Topwear,Shirts,Black,Fall,2011.0,Casual,Scullers Men Price Catch Black Shirts
26450,Women,Footwear,Shoes,Sports Shoes,Black,Summer,2012.0,Sports,Puma Women Kuris Black Sports Shoes
47600,Women,Footwear,Shoes,Flats,Brown,Winter,2012.0,Casual,Portia Women Maroon Flats
26599,Men,Footwear,Shoes,Sports Shoes,Blue,Summer,2012.0,Sports,Puma Men Faas 300 Blue Sports Shoes
11241,Women,Apparel,Bottomwear,Jeans,Grey,Fall,2011.0,Casual,Flying Machine Women Veron Grey Jeans
28639,Men,Apparel,Topwear,Tshirts,White,Summer,2012.0,Sports,Nike Men White T-shirt
45392,Women,Footwear,Shoes,Flats,Gold,Spring,2013.0,Casual,Rocia Women Gold Sandals
31173,Girls,Apparel,Topwear,Tops,White,Summer,2012.0,Casual,Gini and Jony Girls Printed White Top
57036,Women,Apparel,Dress,Dresses,Black,Summer,2012.0,Casual,Forever New Women Printed Black Dress
56882,Women,Footwear,Shoes,Heels,Red,Winter,2012.0,Casual,HM Women Red Heels
32601,Women,Apparel,Topwear,Tops,Yellow,Summer,2012.0,Casual,ONLY Women Live Love Yellow Tube Top
9205,Men,Footwear,Shoes,Casual Shoes,Black,Fall,2011.0,Casual,Puma Men SL Tech Lo NM Basic Black Casual Shoes
57990,Women,Apparel,Dress,Dresses,Pink,Fall,2012.0,Casual,Latin Quarters Women Pink Dress
29041,Men,Apparel,Bottomwear,Track Pants,Navy Blue,Summer,2012.0,Sports,ADIDAS Men Navy Blue Track Pants
45804,Women,Footwear,Shoes,Heels,Black,Summer,2012.0,Casual,Senorita Women Black Flats
8982,Men,Footwear,Shoes,Casual Shoes,White,Fall,2011.0,Casual,Puma Men Evo Ducati Lo White Casual Shoes
34567,Women,Apparel,Dress,Dresses,Black,Summer,2012.0,Casual,Tonga Women Printed Black Dress
59978,Women,Apparel,Dress,Dresses,Brown,Fall,2012.0,Casual,Avirate Brown & Grey Check Dress
23621,Girls,Apparel,Dress,Dresses,Navy Blue,Fall,2011.0,Casual,Doodle Kids Girls Navy Blue Floral Print Dress
19246,Men,Apparel,Topwear,Jackets,Blue,Fall,2011.0,Casual,Puma Men Foundation Padded Blue Jacket
13271,Women,Footwear,Shoes,Heels,Gold,Winter,2012.0,Casual,Inc 5 Women Casual Gold Heels
11692,Men,Apparel,Topwear,Shirts,Navy Blue,Fall,2011.0,Casual,Lee Men Navy Blue & Red Check Shirt
2483,Women,Apparel,Topwear,Tops,Purple,Fall,2011.0,Casual,Puma Women Spagetti Dahlia Purple Top
27614,Men,Apparel,Bottomwear,Trousers,Beige,Summer,2012.0,Casual,Scullers Men Beige Trousers
4577,Men,Footwear,Shoes,Sports Shoes,Red,Summer,2011.0,Sports,Nike Men's Mercurial Vic Pink Shoe
45589,Men,Footwear,Shoes,Formal Shoes,Brown,Summer,2012.0,Formal,Arrow Men Brown Formal Shoes
46909,Men,Apparel,Bottomwear,Jeans,Blue,Summer,2012.0,Casual,Peter England Men Blue Jeans
42271,Unisex,Footwear,Shoes,Casual Shoes,White,Summer,2012.0,Casual,Vans Unisex White Classic Slip On Casual Shoes
42697,Women,Footwear,Shoes,Flats,Gold,Winter,2012.0,Casual,Rocia Women Gold Sandals
56795,Men,Apparel,Bottomwear,Jeans,Blue,Summer,2010.0,Casual,Horsefly Men Blue Jeans
27885,Women,Apparel,Topwear,Shirts,Blue,Summer,2012.0,Formal,Scullers For Her Blue Shirt
1591,Men,Apparel,Bottomwear,Shorts,Red,Fall,2010.0,Sports,Kipsta Men Red Shorts
30636,Women,Apparel,Bottomwear,Shorts,Blue,Summer,2012.0,Sports,Nike Women Printed Tempo Blue Shorts
20791,Men,Apparel,Topwear,Jackets,Black,Fall,2011.0,Casual,Basics Men Black Blazer Jacket
17199,Men,Apparel,Topwear,Sweaters,Grey,Winter,2016.0,Casual,U.S. Polo Assn. Men Solid Grey Sweater
46410,Men,Apparel,Topwear,Tshirts,Purple,Summer,2012.0,Casual,ADIDAS Men Purple Printed T-shirt
18171,Girls,Apparel,Topwear,Tops,Green,Fall,2011.0,Casual,Doodle Kids Girls Ballon Green Top
33152,Girls,Apparel,Topwear,Tops,Green,Summer,2012.0,Casual,Gini and Jony Girls Printed Green Top
36429,Men,Footwear,Shoes,Casual Shoes,White,Summer,2012.0,Casual,Spinn Men Brash White Shoes
17489,Women,Footwear,Shoes,Flats,Off White,Fall,2011.0,Casual,Rockport Women Beige Flats
53278,Men,Apparel,Topwear,Shirts,Black,Summer,2012.0,Casual,Locomotive Men Black Shirt
8441,Women,Apparel,Topwear,Tops,Blue,Fall,2011.0,Casual,Jealous 21 Women Jealous Ece Blue Top Blue Tops
14321,Men,Apparel,Bottomwear,Shorts,Navy Blue,Fall,2011.0,Sports,ADIDAS Men Solid Navy Blue Shorts
56975,Women,Footwear,Shoes,Flats,Black,Winter,2012.0,Casual,HM Women Black Sandals
6470,Men,Footwear,Shoes,Casual Shoes,Brown,Summer,2011.0,Casual,Numero Uno Men's Beige Brown Casual Shoe
32387,Women,Apparel,Topwear,Sweaters,Black,Summer,2012.0,Casual,Arrow Woman Black Cardigan
10632,Men,Footwear,Shoes,Casual Shoes,Brown,Winter,2012.0,Casual,Carlton London Men Brown Shoes
11235,Women,Apparel,Bottomwear,Jeans,Blue,Fall,2011.0,Casual,Flying Machine Women Midrise Blue Jeans
6864,Women,Apparel,Bottomwear,Skirts,White,Summer,2011.0,Casual,Forever New Women's Printed White Skirt
51504,Women,Apparel,Bottomwear,Jeans,Blue,Summer,2012.0,Casual,Denizen Women Blue Jeans
37267,Girls,Apparel,Dress,Dresses,Red,Summer,2012.0,Casual,United Colors of Benetton Girls Red Printed Dress
47457,Women,Footwear,Shoes,Flats,Black,Summer,2012.0,Casual,Tiptopp Women Black Sandals
46906,Men,Apparel,Bottomwear,Jeans,Blue,Summer,2012.0,Casual,Peter England Men Blue Jeans
4931,Women,Apparel,Dress,Dresses,Blue,Summer,2011.0,Casual,Gini and Jony Girl's Valerie Blue White Kidswear
18005,Men,Apparel,Bottomwear,Shorts,Black,Summer,2011.0,Sports,Puma Men Long Logo Black Bermuda
43082,Women,Apparel,Bottomwear,Track Pants,Grey,Summer,2012.0,Casual,Nike Women Grey Track Pants
18512,Men,Apparel,Topwear,Jackets,Red,Fall,2011.0,Casual,C Vox Men Red Jacket
21107,Men,Footwear,Shoes,Formal Shoes,Black,Spring,2012.0,Formal,Clarks Men Aston Mind Black Formal Shoe
5690,Men,Footwear,Shoes,Casual Shoes,Black,Winter,2015.0,Casual,Skechers Men Valence Envoy Black Shoe
14318,Men,Apparel,Topwear,Sweaters,Grey,Fall,2011.0,Casual,ADIDAS Men Stripes Grey Sweaters
16691,Men,Apparel,Topwear,Sweaters,Red,Fall,2011.0,Casual,Fila Men Blanc Red Sweater
14462,Women,Footwear,Shoes,Heels,Gold,Summer,2012.0,Casual,Enroute Women Casual Gold Peep Toes
12420,Men,Footwear,Shoes,Casual Shoes,Black,Fall,2011.0,Casual,Timberland Men Casual Black Casual Shoes
29779,Men,Apparel,Bottomwear,Trousers,Khaki,Summer,2013.0,Casual,Basics Men Khaki Trousers
12290,Men,Apparel,Bottomwear,Trousers,Black,Fall,2011.0,Formal,Genesis Men Solid Black Trousers
26357,Women,Apparel,Topwear,Tshirts,Pink,Summer,2012.0,Casual,Arrow Woman Striped Pink T-shirt
32404,Women,Apparel,Bottomwear,Trousers,Black,Summer,2012.0,Formal,Arrow Woman Black Trousers
12676,Men,Apparel,Bottomwear,Trousers,Brown,Fall,2011.0,Casual,Probase Men Solid Brown Trousers
33108,Women,Footwear,Shoes,Heels,Yellow,Winter,2015.0,Casual,Catwalk Women Yellow Flats
7178,Women,Apparel,Bottomwear,Track Pants,Blue,Fall,2011.0,Casual,Jealous 21 Women Medium Dark Blue Jegging
16005,Men,Apparel,Topwear,Sweaters,Grey,Fall,2011.0,Casual,Turtle Stripes Men Grey Sweaters
15970,Men,Apparel,Topwear,Shirts,Navy Blue,Fall,2011.0,Casual,Turtle Check Men Navy Blue Shirt
17241,Men,Apparel,Topwear,Tshirts,Pink,Fall,2011.0,Casual,U.S. Polo Assn. Men Stripes Raspberry Wine Polo Tshirt
7223,Men,Footwear,Shoes,Formal Shoes,Brown,Fall,2011.0,Formal,Rockport Men's Schemerhorn Dark Brown Shoe
59988,Women,Apparel,Dress,Dresses,Black,Fall,2012.0,Party,Avirate Black & Silvery Grey Dress
42113,Men,Apparel,Bottomwear,Track Pants,Navy Blue,Summer,2012.0,Sports,ADIDAS Men Navy Blue Track Pants
39600,Women,Footwear,Shoes,Heels,Black,Summer,2016.0,Casual,Catwalk Women Black Wedges
8071,Women,Footwear,Shoes,Sports Shoes,Grey,Fall,2011.0,Sports,New Balance Women Silver Sports Shoes
8782,Men,Apparel,Topwear,Shirts,Purple,Fall,2011.0,Casual,Indigo Nation Men Bling PC Purple Shirts
12288,Men,Apparel,Bottomwear,Trousers,Grey,Fall,2011.0,Formal,Genesis Men Solid Grey Trousers
29778,Men,Apparel,Bottomwear,Trousers,Brown,Summer,2013.0,Casual,Basics Men Brown Trousers
40280,Men,Apparel,Bottomwear,Trousers,Grey,Summer,2012.0,Casual,Scullers Men Grey Trousers
33975,Women,Apparel,Topwear,Tops,Brown,Summer,2012.0,Casual,Femella Women Brown Top
35810,Women,Footwear,Shoes,Heels,Bronze,Summer,2012.0,Casual,Enroute Women Bronze Flats
17670,Women,Footwear,Shoes,Heels,Black,Winter,2015.0,Casual,Catwalk Women Fancy Black Heels
16045,Men,Apparel,Topwear,Shirts,White,Fall,2011.0,Casual,Highlander Men Check White Shirt
47587,Women,Footwear,Shoes,Flats,Brown,Winter,2012.0,Ethnic,Portia Women Gold Flats
14029,Women,Apparel,Bottomwear,Track Pants,Grey,Fall,2011.0,Sports,Nike Women Solid Grey Track Pants
32596,Women,Apparel,Topwear,Tops,Peach,Summer,2012.0,Casual,ONLY Women Peach Long Tank Top
15207,Men,Apparel,Topwear,Sweaters,Black,Fall,2011.0,Casual,Arrow Sport Men Solid Black Sweaters
56986,Women,Footwear,Shoes,Heels,Black,Winter,2012.0,Casual,HM Women Black Wedges
15678,Men,Apparel,Bottomwear,Trousers,Beige,Fall,2011.0,Casual,Highlander Men Classic Chinos Beige Trousers
48513,Women,Apparel,Topwear,Tops,Black,Summer,2012.0,Casual,French Connection Women Black Top
22142,Men,Footwear,Shoes,Formal Shoes,Brown,Fall,2011.0,Formal,Provogue Men Brown Formal Shoes
38766,Girls,Apparel,Bottomwear,Shorts,Pink,Summer,2012.0,Casual,Gini and Jony Girls Pink Shorts
39232,Women,Apparel,Dress,Dresses,Blue,Summer,2012.0,Casual,Femella Women Blue Polka Bow Dress Dress
13044,Women,Footwear,Shoes,Heels,Black,Winter,2012.0,Casual,Inc 5 Women Casual Black Wedges
31785,Women,Apparel,Topwear,Tops,Navy Blue,Summer,2012.0,Casual,Lee Women Katie Navy Blue Top
7908,Men,Apparel,Topwear,Tshirts,Cream,Fall,2012.0,Casual,Proline Men Cream & Purple Striped Polo T-shirt
38154,Men,Apparel,Topwear,Jackets,Black,Summer,2012.0,Casual,Wildcraft Men Black Husky Jacket
34591,Women,Apparel,Dress,Dresses,Multi,Summer,2012.0,Casual,Tonga Women Printed Multi Dress
33165,Women,Apparel,Topwear,Tops,Blue,Summer,2012.0,Casual,Sepia Women Blue Top
14582,Women,Apparel,Topwear,Sweaters,Black,Fall,2011.0,Casual,United Colors of Benetton Women Solid Black Sweaters
32836,Women,Footwear,Shoes,Flats,Pink,Winter,2012.0,Casual,Grendha Women Flori Pink Sandals
49061,Men,Footwear,Shoes,Casual Shoes,Brown,Summer,2012.0,Casual,Flying Machine Men Brown Shoes
15261,Women,Footwear,Shoes,Casual Shoes,White,Fall,2011.0,Casual,ADIDAS Originals Women Superstar 2 White Casual Shoes
51600,Women,Apparel,Bottomwear,Jeans,Blue,Summer,2012.0,Casual,Wrangler Women Blue Molly Jeans
5171,Women,Apparel,Topwear,Tops,Red,Summer,2011.0,Casual,Wrangler Women's Short Placket Red Tops
22139,Men,Footwear,Shoes,Formal Shoes,Black,Summer,2011.0,Formal,Provogue Men Black Formal Shoes
4374,Men,Apparel,Topwear,Tshirts,Black,Summer,2011.0,Casual,Batman Men's Batman Big Face Black T-shirt
32402,Women,Apparel,Topwear,Tops,Pink,Summer,2012.0,Casual,Arrow Woman Printed Multi Coloured Top
45404,Women,Footwear,Shoes,Flats,Black,Winter,2012.0,Casual,Rocia Women Black & Brown Sandals
9075,Men,Apparel,Bottomwear,Shorts,Black,Fall,2011.0,Sports,ADIDAS Men Cr_Ess 3s34pan Black Short
16067,Men,Apparel,Bottomwear,Trousers,Black,Fall,2011.0,Casual,Highlander Men Solid Black Trouser
6217,Women,Apparel,Topwear,Tops,Pink,Summer,2011.0,Casual,UCB Women's Graphic Print Pink Top
19239,Men,Footwear,Shoes,Casual Shoes,Black,Fall,2011.0,Casual,Puma Men Standpunkt Classic Black Casual Shoes
57012,Women,Footwear,Shoes,Flats,Maroon,Winter,2012.0,Casual,HM Women Maroon Flats
53137,Women,Footwear,Shoes,Flats,Brown,Winter,2015.0,Casual,Catwalk Women Brown Sandals
21142,Women,Apparel,Topwear,Tops,Grey,Fall,2011.0,Casual,s.Oliver Women Grey Top
10266,Men,Footwear,Shoes,Casual Shoes,Brown,Fall,2011.0,Casual,Clarks Men Goto Hi Cola Suede Brown Shoes
24065,Men,Apparel,Topwear,Shirts,Green,Fall,2011.0,Casual,Locomotive Men Checked Green Shirt
15866,Unisex,Footwear,Shoes,Casual Shoes,Brown,Spring,2013.0,Casual,Warner Bros Kids Unisex SD Silly Shoe Brown Casual Shoes
3955,Women,Apparel,Topwear,Tops,Red,Summer,2011.0,Casual,Jealous 21 Women Printed Red Top
6754,Men,Footwear,Shoes,Sports Shoes,White,Summer,2011.0,Sports,Nike Men's Air Zoom Opener White Shoe
15340,Women,Apparel,Bottomwear,Shorts,Black,Fall,2011.0,Sports,Nike Women Solid Black Shorts
18713,Women,Apparel,Bottomwear,Skirts,Grey,Fall,2011.0,Formal,Arrow Woman Solid Grey Skirt
15575,Boys,Apparel,Topwear,Tshirts,Yellow,Fall,2011.0,Casual,Chhota Bheem Kids Boys Best Friends Group TShirt
57039,Women,Apparel,Dress,Dresses,Black,Summer,2012.0,Casual,Elle Women Black Dress
15184,Men,Apparel,Topwear,Sweaters,Grey,Fall,2011.0,Casual,Arrow Sport Men Solid Grey Sweaters
12609,Women,Apparel,Topwear,Sweaters,Blue,Fall,2011.0,Casual,Jealous 21 Women Solid Blue Sweaters
9465,Men,Apparel,Topwear,Shirts,White,Fall,2011.0,Formal,John Miller Men White Self Structure Shirts
35383,Boys,Footwear,Shoes,Casual Shoes,Charcoal,Summer,2012.0,Casual,Enroute Boys Charcoal Shoes
2367,Men,Footwear,Shoes,Formal Shoes,Brown,Winter,2018.0,Formal,Red Tape Men's Brown Semi Formal Shoe
56903,Women,Footwear,Shoes,Heels,Blue,Winter,2012.0,Casual,HM Women Blue Heels
33703,Men,Footwear,Shoes,Formal Shoes,Brown,Winter,2012.0,Smart Casual,Cobblerz Men Brown Casual Shoes
14324,Women,Apparel,Topwear,Sweaters,Pink,Fall,2011.0,Casual,ADIDAS Women Stripes Pink Sweaters
12807,Women,Apparel,Topwear,Jackets,Pink,Fall,2011.0,Sports,Nike Women Hood Pink Jackets
37201,Girls,Apparel,Bottomwear,Jeans,Blue,Summer,2012.0,Casual,United Colors of Benetton Girls Washed Blue Jeans
33685,Men,Footwear,Shoes,Formal Shoes,Black,Summer,2012.0,Formal,Cobblerz Men Black Formal Shoes
15034,Women,Apparel,Topwear,Sweaters,Navy Blue,Fall,2011.0,Casual,ADIDAS Women Stripes Navy Blue Sweaters
26380,Men,Apparel,Bottomwear,Trousers,Black,Summer,2012.0,Casual,Turtle Men Striped Black Trousers
25033,Men,Apparel,Bottomwear,Track Pants,Grey,Summer,2011.0,Sports,Nike Men Grey Track Pant
17702,Unisex,Footwear,Shoes,Casual Shoes,Yellow,Fall,2011.0,Casual,Vans unisex Authentic Yellow Casual Shoes
22311,Women,Footwear,Shoes,Heels,Silver,Winter,2012.0,Casual,Inc. 5 Women Casual Silver Flats
43222,Unisex,Footwear,Shoes,Casual Shoes,Black,Fall,2012.0,Casual,Converse Unisex Black Shoes
39754,Boys,Apparel,Topwear,Jackets,Red,Summer,2012.0,Casual,Gini Jony Boys Printed Red Jacket
51367,Women,Apparel,Bottomwear,Jeans,Navy Blue,Summer,2012.0,Casual,Spykar Women Navy Blue Jeans
40142,Boys,Apparel,Topwear,Tshirts,Green,Summer,2012.0,Casual,Gini and Jony Boys Core Green T-shirt
18554,Women,Footwear,Shoes,Heels,Beige,Winter,2015.0,Casual,Catwalk Women Mary Janes Beige Flats
27929,Women,Apparel,Bottomwear,Trousers,Brown,Summer,2012.0,Casual,Scullers For Her Brown Trousers
14038,Men,Apparel,Topwear,Shirts,Red,Fall,2011.0,Casual,Flying Machine Men Check Red Shirts
16792,Men,Apparel,Topwear,Shirts,Yellow,Fall,2011.0,Casual,Highlander Men Check Yellow Shirt
10406,Women,Apparel,Dress,Dresses,Grey,Fall,2011.0,Casual,United Colors of Benetton Women Solid Grey Dresses
36295,Women,Footwear,Shoes,Flats,Green,Winter,2012.0,Casual,Inc 5 Women Pink & Tan Sandals
9431,Men,Footwear,Shoes,Sports Shoes,Grey,Summer,2011.0,Sports,Decathlon Men Quechua Grey Sports Shoes
7898,Men,Apparel,Bottomwear,Shorts,Red,Fall,2011.0,Casual,Proline Men Red Shorts
7257,Men,Footwear,Shoes,Formal Shoes,Brown,Fall,2011.0,Formal,Rockport Men's Alfrew Dark Tan Shoe
5386,Unisex,Footwear,Shoes,Sports Shoes,Black,Summer,2011.0,Sports,Kalenji Kapteren 50 Black Blue
10171,Men,Footwear,Shoes,Formal Shoes,Brown,Fall,2011.0,Formal,United Colors of Benetton Men vertigo Brown Shoes
20234,Women,Apparel,Topwear,Tshirts,Blue,Fall,2011.0,Casual,Wrangler Women Baroque Polo Turquoise T-shirt
13190,Men,Footwear,Shoes,Sports Shoes,White,Summer,2012.0,Sports,Fila Men Dls Game White Sports Shoes
7227,Men,Footwear,Shoes,Formal Shoes,Brown,Fall,2011.0,Formal,Rockport Men's Wanigan India Dark Tan Shoe
33840,Men,Footwear,Shoes,Casual Shoes,Black,Summer,2012.0,Casual,Puma Men Hypermoto Ducati Black Shoes
9203,Men,Footwear,Shoes,Sports Shoes,Black,Fall,2011.0,Sports,Puma Men Axis XT Black Shoes
30604,Men,Apparel,Bottomwear,Track Pants,Black,Summer,2012.0,Casual,Nike Men Classic Jersey Black Track Pants
44912,Men,Apparel,Bottomwear,Track Pants,Black,Summer,2012.0,Casual,Puma Men Black Track Pants
26312,Men,Apparel,Bottomwear,Shorts,Navy Blue,Summer,2012.0,Sports,Proline Navy Shorts
51497,Women,Apparel,Bottomwear,Jeans,Navy Blue,Summer,2012.0,Casual,Denizen Women Navy Blue Jeans
26086,Men,Apparel,Topwear,Shirts,Purple,Summer,2012.0,Formal,John Miller Men Check Purple Shirt
41998,Girls,Apparel,Topwear,Tops,Blue,Summer,2012.0,Casual,Gini and Jony Girls Pretty Blossom Blue Top
39654,Men,Footwear,Shoes,Sports Shoes,White,Summer,2012.0,Sports,Lotto Men White Sports Shoes
2720,Boys,Apparel,Bottomwear,Trousers,Blue,Summer,2011.0,Casual,Disney Kids Boy's Mickey Mouse Print Pants
40376,Women,Apparel,Topwear,Tops,Yellow,Summer,2012.0,Casual,Tokyo Talkies Women Yellow Top
10771,Girls,Footwear,Shoes,Casual Shoes,Red,Winter,2012.0,Casual,Disney Kids Red Casual Shoes
31337,Men,Apparel,Bottomwear,Jeans,Blue,Summer,2012.0,Casual,Locomotive Men Washed Blue Jeans
43515,Women,Apparel,Dress,Dresses,Blue,Summer,2012.0,Casual,French Connection Women Blue Dress
11979,Men,Footwear,Shoes,Casual Shoes,Black,Fall,2011.0,Casual,Fila Men Glam Black Casual Shoes
48492,Women,Apparel,Topwear,Tops,Beige,Winter,2011.0,Casual,French Connection Women Beige Top
24694,Men,Apparel,Topwear,Tshirts,White,Summer,2012.0,Casual,Locomotive Men Striped White T-shirt
15109,Men,Apparel,Bottomwear,Trousers,Black,Fall,2011.0,Formal,Arrow Men Autoflex Black Trousers
37558,Girls,Apparel,Bottomwear,Shorts,Pink,Summer,2012.0,Casual,Madagascar3 Girls Pink Shorts
7844,Women,Footwear,Shoes,Sports Shoes,Black,Fall,2011.0,Sports,Puma Women Cabana Racer SL JR Black Blue Green Shoe
8776,Men,Apparel,Topwear,Shirts,Green,Fall,2011.0,Casual,Indigo Nation Men Check Me Out Green Shirts
39750,Boys,Apparel,Bottomwear,Shorts,Beige,Summer,2012.0,Casual,Gini Jony Boys Beige Shorts
28512,Men,Apparel,Bottomwear,Shorts,Black,Summer,2012.0,Sports,Nike Men Premier Knit Black Shorts
26172,Women,Footwear,Shoes,Flats,Silver,Winter,2014.0,Casual,Rocia Women Metallic Casual Sandals
15680,Men,Apparel,Bottomwear,Trousers,Beige,Fall,2011.0,Casual,Highlander Men Classic Chinos Beige Trousers
24463,Men,Footwear,Shoes,Casual Shoes,Brown,Fall,2012.0,Casual,Numero Uno Men Brown Casual Shoes
43633,Women,Apparel,Dress,Dresses,Red,Summer,2012.0,Casual,Vero Moda Women Coral Coloured Dress
39380,Men,Apparel,Bottomwear,Jeans,White,Summer,2012.0,Casual,Peter England Men Blue Party Jeans
29570,Men,Footwear,Shoes,Casual Shoes,Purple,Summer,2012.0,Casual,Vans Men Classic Slip-On Purple & Black Shoes
5005,Women,Apparel,Bottomwear,Skirts,Red,Summer,2011.0,Casual,Gini and Jony Girl's Glinda Red Kidswear
3354,Men,Apparel,Topwear,Tshirts,White,Summer,2011.0,Casual,Myntra Men's I Give 100 Percent Work White T-shirt
16994,Women,Footwear,Shoes,Flats,Black,Winter,2012.0,Casual,Rocia Women Casual Black Heels
43673,Women,Apparel,Topwear,Jackets,Blue,Summer,2012.0,Casual,ONLY Women Blue Jacket
22165,Men,Footwear,Shoes,Casual Shoes,Brown,Fall,2012.0,Casual,Timberland Men Brown Casual Shoes
6084,Men,Apparel,Topwear,Tshirts,White,Summer,2011.0,Casual,UCB Men's Johny Collar With Two Tone White T-shirt
7882,Men,Apparel,Bottomwear,Shorts,Black,Fall,2011.0,Casual,Proline Men Black Comfort Fit Shorts
59299,Men,Apparel,Topwear,Shirts,Blue,Fall,2012.0,Casual,U.S. Polo Assn. Men Striped Blue Shirt
41994,Boys,Apparel,Bottomwear,Shorts,White,Summer,2012.0,Casual,Gini and Jony Boys Boxer White Shorts
12217,Men,Apparel,Bottomwear,Trousers,Beige,Fall,2011.0,Formal,Basics Men Beige New Improved Fit Trousers
3192,Men,Apparel,Topwear,Tshirts,Black,Summer,2011.0,Casual,Tantra Men's Prism Black T-shirt
57932,Men,Apparel,Topwear,Tshirts,White,Summer,2012.0,Casual,French Connection Men White T-shirt
9149,Women,Apparel,Bottomwear,Jeans,Blue,Summer,2013.0,Casual,Lee Women Rinse Blue Jeans
9121,Men,Footwear,Shoes,Sports Shoes,Brown,Summer,2013.0,Casual,Puma Men Yacht L Brown Casual Shoes
34157,Girls,Apparel,Topwear,Tops,Peach,Summer,2012.0,Casual,Gini and Jony Girls Peach Top
13346,Women,Apparel,Bottomwear,Jeans,Blue,Fall,2011.0,Casual,Spykar Women Washed Blue Jeans
51500,Women,Apparel,Bottomwear,Jeans,Black,Summer,2012.0,Casual,Denizen Women Black Jeans
27002,Women,Apparel,Bottomwear,Jeans,Blue,Summer,2012.0,Casual,Jealous 21 Women Washed Light Blue Jeans
18549,Women,Footwear,Shoes,Flats,Purple,Winter,2015.0,Casual,Catwalk Women  Purple Casual Shoes
43367,Women,Footwear,Shoes,Flats,Black,Summer,2012.0,Casual,Reebok Women Black Casual Shoes
27035,Women,Footwear,Shoes,Flats,Cream,Winter,2015.0,Casual,Catwalk Women Camel Casual Sandals
23247,Men,Footwear,Shoes,Formal Shoes,Black,Fall,2011.0,Formal,Arrow Men Formal Black Shoe
54543,Men,Footwear,Shoes,Sports Shoes,White,Fall,2012.0,Casual,F Sports Men White Outlander Sports Shoes
13836,Men,Apparel,Bottomwear,Shorts,Navy Blue,Fall,2011.0,Casual,Probase Men Solid Navy Blue Shorts
17823,Men,Footwear,Shoes,Casual Shoes,White,Fall,2011.0,Casual,Nike Men  Court Majestic White Casual Shoe
47658,Women,Apparel,Bottomwear,Skirts,Purple,Summer,2012.0,Casual,Femella Women Purple & Black Skirt
43522,Women,Apparel,Bottomwear,Trousers,Navy Blue,Summer,2012.0,Formal,French Connection Women Navy Trouser
11923,Men,Footwear,Shoes,Formal Shoes,Brown,Summer,2011.0,Formal,Franco Leone Men Formal Brown Formal Shoes
4727,Boys,Apparel,Topwear,Tshirts,Blue,Summer,2011.0,Casual,Disney Kids Boy's Regatta Annual Blue Teen Kidswear
52163,Women,Apparel,Topwear,Tops,Pink,Summer,2012.0,Casual,Femella Women Pink Top
17198,Men,Apparel,Topwear,Sweaters,Black,Winter,2016.0,Casual,U.S. Polo Assn. Men Solid Black Sweater
9126,Men,Footwear,Shoes,Sports Shoes,Black,Fall,2011.0,Sports,Puma Men Cell Varex SL Black Sports Shoes
33691,Men,Footwear,Shoes,Formal Shoes,Brown,Winter,2012.0,Formal,Cobblerz Men Brown Leather Formal Shoes
15526,Women,Footwear,Shoes,Heels,Brown,Fall,2011.0,Casual,Rockport Women Jeanie Oneband Brown Flats
45395,Women,Footwear,Shoes,Flats,Black,Winter,2012.0,Casual,Rocia Women Black & Red Sandals
20782,Women,Footwear,Shoes,Heels,Gold,Winter,2012.0,Casual,Carlton London Women Classy Gold Heels
40364,Women,Apparel,Bottomwear,Jeans,Navy Blue,Summer,2012.0,Casual,Tokyo Talkies Women Navy Jeans
11330,Men,Apparel,Bottomwear,Jeans,Blue,Fall,2011.0,Casual,United Colors of Benetton Men Washed Blue Jeans
43885,Women,Footwear,Shoes,Casual Shoes,Black,Summer,2012.0,Casual,Puma Women Black Karmin Lace Shoes
10409,Men,Apparel,Topwear,Tshirts,Green,Fall,2011.0,Casual,United Colors of Benetton Men Green Polo Tshirts
21598,Men,Apparel,Bottomwear,Trousers,Black,Fall,2011.0,Formal,Arrow Men Solid Black Trousers
11869,Men,Footwear,Shoes,Formal Shoes,Black,Summer,2013.0,Formal,Franco Leone Men Formal Black Formal Shoes
56876,Women,Footwear,Shoes,Heels,Blue,Winter,2012.0,Casual,HM Women Blue Heels
24083,Women,Footwear,Shoes,Heels,Black,Winter,2015.0,Casual,Catwalk Women Black Wedges
11632,Men,Apparel,Topwear,Shirts,Black,Fall,2011.0,Casual,United Colors of Benetton Men Black Striped Shirt
58743,Men,Apparel,Topwear,Tshirts,Olive,Fall,2012.0,Casual,Puma Men Olive T-shirt
26596,Men,Footwear,Shoes,Sports Shoes,Black,Summer,2015.0,Sports,Puma Men Jago Ripstop Black Sports Shoes
13138,Men,Footwear,Shoes,Casual Shoes,Blue,Fall,2012.0,Casual,iD Men Blue Casual Shoes
9145,Women,Apparel,Bottomwear,Jeans,Blue,Summer,2013.0,Casual,Lee Women Rinsed Blue Roxy Fit Jeans
1636,Men,Footwear,Shoes,Sports Shoes,White,Fall,2010.0,Sports,Nike Men Air Zoom Century Shoes
38573,Men,Apparel,Bottomwear,Track Pants,Navy Blue,Fall,2012.0,Sports,Nike Men AD Striker Navy Blue Track Pants
10803,Men,Apparel,Topwear,Shirts,White,Fall,2011.0,Casual,Wrangler Men Dodge Broad Accent Check White Shirts
33709,Men,Footwear,Shoes,Formal Shoes,Brown,Winter,2012.0,Formal,Cobblerz Men Brown Semi-formal Shoes
15487,Women,Footwear,Shoes,Flats,Grey,Winter,2012.0,Casual,Carlton London Women Grey Boots
32824,Women,Footwear,Shoes,Heels,Blue,Winter,2012.0,Casual,iPanema Women Blue Premium Flats
54192,Men,Apparel,Bottomwear,Trousers,Khaki,Summer,2012.0,Casual,Highlander Men Khaki Chinos
32839,Women,Footwear,Shoes,Heels,Brown,Winter,2012.0,Casual,Grendha Women Jola Cigana Brown Flats
20224,Women,Apparel,Topwear,Sweaters,Purple,Fall,2011.0,Casual,Wrangler Women Felt Purple Sweater
6413,Unisex,Footwear,Shoes,Casual Shoes,Pink,Summer,2011.0,Casual,Lotto Unisex Canvas Pink Shoe
51396,Men,Apparel,Bottomwear,Shorts,Navy Blue,Summer,2012.0,Casual,Myntra Men Navy Blue Check Shorts
38938,Boys,Apparel,Bottomwear,Shorts,Blue,Summer,2012.0,Casual,Gini and Jony Boys Blue Shorts
26531,Men,Footwear,Shoes,Casual Shoes,Olive,Summer,2013.0,Casual,Gas Men Arunta Olive Casual Shoes
43680,Women,Apparel,Dress,Dresses,Red,Summer,2012.0,Casual,French Connection Women Printed Red Dress
44669,Women,Apparel,Topwear,Shirts,White,Summer,2012.0,Casual,Wills Lifestyle Women White Shirt
3300,Men,Footwear,Shoes,Sports Shoes,Black,Spring,2011.0,Sports,Asics Men's Gel Cushioning Black Yellow Shoe
23029,Men,Apparel,Topwear,Shirts,Blue,Fall,2011.0,Formal,Arrow Men Blue Striped Shirt
10621,Women,Footwear,Shoes,Flats,Silver,Spring,2013.0,Casual,Carlton London Women Silver Solid Open Toe
51365,Women,Apparel,Bottomwear,Jeans,Blue,Summer,2012.0,Casual,Spykar  Women Blue Jeans
16505,Men,Apparel,Bottomwear,Jeans,Blue,Fall,2011.0,Casual,Locomotive Men Washed Blue Jeans
1607,Men,Apparel,Bottomwear,Track Pants,Blue,Fall,2010.0,Sports,Reebok Men trackpant- male Track Pants
37103,Men,Apparel,Bottomwear,Trousers,Brown,Summer,2012.0,Formal,Wills Lifestyle Men Brown Trousers
33338,Men,Footwear,Shoes,Formal Shoes,Black,Summer,2012.0,Formal,Homme Men Black Formal Shoes
2674,Men,Apparel,Topwear,Tshirts,Black,Summer,2011.0,Casual,Inkfruit Men's State Trance Black T-shirt
51610,Women,Apparel,Bottomwear,Trousers,Brown,Fall,2012.0,Casual,Kraus Jeans Women Brown Corduroy Trousers
28811,Men,Apparel,Bottomwear,Jeans,Blue,Summer,2012.0,Casual,Denizen Men Blue Jeans
12875,Men,Footwear,Shoes,Formal Shoes,Black,Spring,2012.0,Formal,Provogue Men Formal Black Formal Shoes
12191,Men,Apparel,Topwear,Shirts,Brown,Fall,2011.0,Casual,Basics Men Brown Slim Fit Shirt
10638,Men,Footwear,Shoes,Formal Shoes,Brown,Fall,2011.0,Formal,Carlton London Men Formal Brown Formal Shoes
56904,Women,Footwear,Shoes,Heels,Blue,Winter,2012.0,Casual,HM Women Blue Flats
6362,Men,Footwear,Shoes,Casual Shoes,Blue,Summer,2011.0,Casual,Numero Uno Men's Dark Blue Shoe
21134,Women,Apparel,Topwear,Sweaters,Grey,Fall,2011.0,Casual,s.Oliver Women Solid Grey Sweater
35418,Men,Footwear,Shoes,Formal Shoes,Black,Summer,2012.0,Formal,Enroute Men Black Formal Shoes
22147,Men,Footwear,Shoes,Formal Shoes,Black,Fall,2011.0,Formal,Lee Cooper Men Black Formal Shoes
43246,Men,Apparel,Bottomwear,Jeans,Blue,Summer,2012.0,Casual,Denizen Men Blue Jeans
5317,Men,Footwear,Shoes,Formal Shoes,Brown,Winter,2018.0,Formal,Red Tape Men's Slip On Brown Formal Shoe
11268,Men,Apparel,Bottomwear,Trousers,Cream,Fall,2011.0,Formal,Indigo Nation Men Cream Trouser Cream Trousers
23244,Men,Footwear,Shoes,Formal Shoes,Black,Fall,2011.0,Formal,Arrow Men Formal Black Shoes
11890,Men,Footwear,Shoes,Formal Shoes,Black,Summer,2013.0,Formal,Franco Leone Men Formal Black Formal Shoes
24250,Men,Footwear,Shoes,Casual Shoes,White,Fall,2012.0,Casual,Numero Uno Men White Casual Shoes
15490,Women,Footwear,Shoes,Heels,Black,Spring,2013.0,Formal,Carlton London Women Black Heels
47225,Men,Footwear,Shoes,Formal Shoes,Black,Summer,2012.0,Formal,Franco Leone Men Black Formal Shoes
17674,Women,Footwear,Shoes,Flats,Red,Winter,2015.0,Casual,Catwalk Women Ballerina Red Casual Shoe
25527,Women,Apparel,Topwear,Shirts,Green,Summer,2012.0,Casual,Wrangler Women Stella Green Shirt
27196,Girls,Apparel,Dress,Dresses,Yellow,Summer,2012.0,Casual,Doodle Girls Yellow Dress
34572,Women,Apparel,Dress,Dresses,Black,Summer,2012.0,Casual,Tonga Women Printed Black Dress
15057,Men,Footwear,Shoes,Formal Shoes,Black,Summer,2013.0,Formal,Franco Leone Men Black Formal Shoe
19051,Women,Footwear,Shoes,Flats,Brown,Winter,2015.0,Casual,Catwalk Women Brown Sandals
5808,Women,Apparel,Topwear,Tops,Navy Blue,Summer,2011.0,Casual,Jealous 21 Women Navy Blue Top
27224,Women,Apparel,Dress,Dresses,White,Summer,2012.0,Casual,Doodle Kids Girl Printed White Dress
33247,Men,Apparel,Topwear,Shirts,Grey,Summer,2012.0,Formal,Arrow Men Grey Check Shirt
29689,Men,Apparel,Bottomwear,Shorts,Blue,Summer,2012.0,Casual,Indigo Nation Men Check Blue Shorts
4525,Men,Footwear,Shoes,Sports Shoes,White,Summer,2011.0,Sports,Puma Men's YugoRun White Red Shoe
27563,Men,Apparel,Topwear,Shirts,Blue,Summer,2012.0,Casual,Scullers Men Checked Blue Shirt
57303,Women,Footwear,Shoes,Heels,Brown,Winter,2012.0,Casual,Rocia Women Brown Wedges
52087,Women,Apparel,Topwear,Tshirts,Yellow,Summer,2012.0,Casual,Myntra Women Yellow T-shirt
34537,Men,Footwear,Shoes,Formal Shoes,Black,Winter,2018.0,Formal,Red Tape Men Black Formal Shoes
44417,Men,Footwear,Shoes,Formal Shoes,Black,Winter,2018.0,Formal,Red Tape Men Black Formal Shoes
26146,Men,Apparel,Bottomwear,Trousers,Charcoal,Summer,2012.0,Formal,John Miller Men Striped Charcoal Trousers
59128,Men,Apparel,Topwear,Jackets,Olive,Summer,2012.0,Casual,Just Natural Men Olive Jacket
2817,Men,Footwear,Shoes,Casual Shoes,Black,Summer,2012.0,Casual,Lee Cooper Men's Casual Leather Black Shoe
6308,Women,Footwear,Shoes,Heels,White,Winter,2015.0,Casual,Catwalk White footwear Flats
7953,Men,Apparel,Topwear,Tshirts,Navy Blue,Fall,2011.0,Casual,Puma Men's Lifestyle Polo Mood Indigo T-shirt
51353,Women,Apparel,Bottomwear,Jeans,Navy Blue,Summer,2012.0,Casual,Spykar Women Blue Jeans
54990,Women,Apparel,Dress,Dresses,Purple,Summer,2012.0,Casual,Femella Women Black & Purple Dress
47241,Men,Footwear,Shoes,Casual Shoes,Blue,Summer,2013.0,Casual,Playboy Men Blue  Casual Shoes
45348,Women,Footwear,Shoes,Heels,Black,Summer,2016.0,Casual,Cobblerz Women Black Sandals
31018,Men,Apparel,Bottomwear,Trousers,Navy Blue,Summer,2012.0,Formal,Arrow Men Striped Navy Blue Trousers
23027,Men,Apparel,Topwear,Shirts,Blue,Fall,2011.0,Formal,Arrow Men Blue Striped Shirt
10633,Men,Footwear,Shoes,Formal Shoes,Brown,Fall,2011.0,Formal,Carlton London Men Formal Brown Formal Shoes
27919,Women,Apparel,Bottomwear,Trousers,Brown,Summer,2012.0,Formal,Scullers For Her Light Brown Trousers
11348,Men,Apparel,Bottomwear,Jeans,Navy Blue,Summer,2017.0,Casual,Lee Men Navy Blue Powell Fit Jeans
7896,Men,Apparel,Bottomwear,Shorts,Blue,Fall,2011.0,Casual,Proline Men Blue Shorts
44785,Men,Footwear,Shoes,Sports Shoes,White,Summer,2012.0,Sports,Lotto Men L500 FG White Sports Shoes
59147,Women,Footwear,Shoes,Heels,Beige,Fall,2012.0,Casual,Tiptopp Women Beige Sandals
34498,Women,Apparel,Topwear,Tops,Blue,Summer,2012.0,Formal,Van Heusen Woman Striped Blue Top
17994,Women,Apparel,Bottomwear,Track Pants,Navy Blue,Fall,2009.0,Sports,Puma Women Essential Skinny Navy Blue Track Pant
33486,Women,Apparel,Dress,Dresses,Blue,Summer,2012.0,Casual,Doodle Kids Girl Printed Blue Dress
4815,Men,Apparel,Bottomwear,Shorts,Black,Summer,2011.0,Sports,ADIDAS Men's AP ST Black White Shorts
29677,Men,Apparel,Bottomwear,Trousers,Olive,Summer,2012.0,Casual,Indigo Nation Men Olive Trousers
13369,Men,Footwear,Shoes,Casual Shoes,Brown,Fall,2011.0,Casual,Timberland Men Toddler Brown Casual Shoes
29789,Men,Apparel,Topwear,Tshirts,Pink,Summer,2013.0,Casual,Basics Men Pack of 3 T-shirt
14023,Men,Apparel,Bottomwear,Shorts,Navy Blue,Fall,2012.0,Sports,Nike Men Solid Navy Blue Shorts
48374,Men,Apparel,Topwear,Shirts,Purple,Summer,2012.0,Casual,French Connection Men Purple & Black Striped Shirt
15715,Women,Footwear,Shoes,Casual Shoes,Purple,Fall,2011.0,Casual,Nike Women Sweet Classic High Purple Casual Shoes
6872,Women,Apparel,Dress,Dresses,Black,Summer,2011.0,Casual,Forever New Women's Lacy Black Dress
5136,Women,Apparel,Topwear,Tops,Pink,Summer,2011.0,Casual,Wrangler Women Yoke Tucks Checks Pink White Top
6524,Women,Apparel,Bottomwear,Shorts,Blue,Summer,2011.0,Sports,Nike Women's Tempo Blue Short
3839,Women,Footwear,Shoes,Flats,Brown,Summer,2011.0,Casual,Crocs Women Olivia Brown Sandal
26464,Men,Apparel,Bottomwear,Track Pants,Black,Summer,2012.0,Sports,Puma Men Black Track Pants
18890,Women,Apparel,Topwear,Shirts,Purple,Fall,2011.0,Casual,Arrow Woman Tyra Purple Shirt
27906,Women,Apparel,Bottomwear,Trousers,Beige,Summer,2012.0,Casual,Scullers For Her Beige Trousers
32841,Women,Footwear,Shoes,Heels,Gold,Winter,2012.0,Casual,Grendha Women Jola Cigana Gold Flats
10174,Men,Footwear,Shoes,Casual Shoes,Black,Fall,2011.0,Casual,United Colors Of Benetton Men Latnam Black Casual Shoes
39320,Boys,Apparel,Bottomwear,Shorts,Navy Blue,Summer,2012.0,Casual,Gini and Jony Boys Navy Blue Shorts
9868,Men,Apparel,Topwear,Tshirts,Navy Blue,Fall,2011.0,Casual,Status Quo Men Navy Blue Polo Tshirts
56982,Women,Footwear,Shoes,Flats,Black,Winter,2012.0,Casual,HM Women Black Sandals
18716,Women,Apparel,Topwear,Tops,Black,Fall,2011.0,Casual,Arrow Woman Shanna Black Top
2699,Girls,Apparel,Dress,Dresses,Pink,Summer,2011.0,Casual,Disney Kids Girls Disney girl pink pooh top Kidswear
28637,Men,Footwear,Shoes,Sports Shoes,Black,Summer,2012.0,Sports,Nike Men Air Relentless Black Sports Shoes
35800,Women,Footwear,Shoes,Flats,Brown,Summer,2012.0,Casual,Enroute Women Brown Shoes
26819,Men,Apparel,Bottomwear,Trousers,Navy Blue,Summer,2012.0,Formal,Arrow Men Striped Navy Blue Trousers
39265,Men,Footwear,Shoes,Formal Shoes,Brown,Winter,2018.0,Formal,Red Chief Men Brown Formal Shoes
5898,Men,Footwear,Shoes,Casual Shoes,Blue,Summer,2011.0,Casual,Puma Men Tekkies Jam Blue Shoe
41779,Women,Apparel,Topwear,Tops,Navy Blue,Summer,2012.0,Casual,Remanika Women Navy Blue Top
15603,Men,Apparel,Topwear,Jackets,Black,Fall,2011.0,Sports,Nike Men Football Soccer Black Jackets
37960,Women,Footwear,Shoes,Heels,Black,Fall,2012.0,Casual,Clarks Women Black Handcrafted Leather Heels
57100,Women,Apparel,Topwear,Tops,Pink,Summer,2012.0,Casual,Elle Women Dark Pink Top
34255,Men,Apparel,Bottomwear,Track Pants,Navy Blue,Summer,2012.0,Casual,Proline Men Navy Blue Track Pants
38121,Men,Apparel,Bottomwear,Trousers,Black,Summer,2012.0,Casual,Allen Solly Men Black Trousers
16211,Men,Apparel,Topwear,Jackets,Black,Fall,2011.0,Sports,Puma Men Track Black Jackets
4579,Women,Footwear,Shoes,Sports Shoes,Blue,Summer,2011.0,Sports,Nike Women Zoo Blue Shoe
36614,Women,Footwear,Shoes,Heels,Multi,Winter,2015.0,Casual,Catwalk Women Multi-Coloured Heels
15480,Men,Apparel,Bottomwear,Track Pants,Brown,Fall,2011.0,Casual,Puma Men Ess Sweat Pants Open Bottom Brown Track Pants
7887,Men,Apparel,Bottomwear,Track Pants,Blue,Fall,2011.0,Casual,Proline Men Blue Track Pants
14499,Men,Footwear,Shoes,Casual Shoes,Green,Fall,2011.0,Casual,Flying Machine Men Casual Green Casual Shoes
4149,Women,Footwear,Shoes,Sports Shoes,White,Summer,2011.0,Sports,Nike Women Free White Pink Shoe
19584,Men,Apparel,Topwear,Tshirts,Grey,Fall,2011.0,Casual,United Colors of Benetton Men Stripes Grey Tshirt
26106,Men,Apparel,Topwear,Shirts,Purple,Summer,2012.0,Formal,John Miller Men Striped Purple Shirt
32407,Women,Apparel,Bottomwear,Trousers,Grey,Summer,2012.0,Formal,Arrow Woman Grey Trousers
57071,Women,Apparel,Bottomwear,Jeans,Black,Summer,2012.0,Casual,Elle Women Black Jeans
15004,Men,Apparel,Topwear,Jackets,Grey,Fall,2011.0,Sports,ADIDAS Men Solid Grey Jackets
26622,Men,Footwear,Shoes,Sports Shoes,Black,Summer,2012.0,Sports,Puma Men Faas 800 Jam Black Sports Shoes
7796,Men,Apparel,Topwear,Tshirts,Grey,Fall,2011.0,Casual,Proline Men Grey Polo T-shirt
29780,Men,Apparel,Bottomwear,Trousers,Black,Summer,2013.0,Casual,Basics Men Black Trousers
6415,Unisex,Footwear,Shoes,Casual Shoes,Blue,Summer,2011.0,Casual,Lotto Unisex Canvas Purple Yellow Shoe
16042,Men,Apparel,Topwear,Shirts,Red,Fall,2011.0,Casual,Highlander Men Check Red Shirt
33279,Unisex,Apparel,Bottomwear,Jeans,Blue,Summer,2012.0,Casual,Gini and Jony Kids Unisex Blue Jeans
15587,Men,Apparel,Topwear,Shirts,Pink,Fall,2011.0,Casual,Spykar Men Stripes Pink Shirts
11093,Women,Apparel,Topwear,Sweaters,White,Fall,2011.0,Casual,Scullers Women Knit White Sweaters
11309,Men,Apparel,Bottomwear,Jeans,,Fall,2016.0,Casual,Wrangler Men Blue Floyd Jeans
19335,Men,Apparel,Topwear,Jackets,White,Fall,2011.0,Casual,United Colors of Benetton Men Solid White Jacket
4122,Unisex,Footwear,Shoes,Casual Shoes,Black,Summer,2011.0,Casual,Puma Unisex Lo Punk Black Yellow Shoe
35484,Men,Footwear,Shoes,Formal Shoes,Black,Summer,2012.0,Formal,Hush Puppies Men Jungle Black Formal Shoes
40126,Boys,Apparel,Bottomwear,Shorts,White,Summer,2012.0,Casual,Gini and Jony Boys Boxer White Shorts
18311,Men,Apparel,Topwear,Sweaters,Green,Summer,2011.0,Casual,Wills Lifestyle Men Striped Green Sweater
34850,Men,Footwear,Shoes,Sports Shoes,White,Summer,2012.0,Sports,ADIDAS Men Falcon Elite White Sports Shoes
14320,Men,Apparel,Bottomwear,Shorts,Grey,Fall,2011.0,Sports,ADIDAS Men Solid Grey Shorts
33751,Women,Apparel,Topwear,Tops,White,Summer,2012.0,Casual,Vero Moda Women White & Pink Top
31458,Men,Apparel,Bottomwear,Shorts,Grey,Summer,2012.0,Sports,Nike Men Running Grey Shorts
26806,Men,Apparel,Bottomwear,Trousers,Charcoal,Summer,2013.0,Formal,Arrow Men Charcoal Flat Front Trousers
4345,Men,Footwear,Shoes,Sports Shoes,White,Summer,2012.0,Sports,Fila Men's Mythos White Navy Shoe
9463,Men,Apparel,Topwear,Shirts,White,Fall,2011.0,Formal,John Miller Men White Shirt
16221,Men,Apparel,Bottomwear,Track Pants,Black,Fall,2011.0,Sports,Puma Men Heroes Black Track Pant
3798,Men,Footwear,Shoes,Casual Shoes,Navy Blue,Spring,2013.0,Casual,Converse Men's As Canvas Ox Navy Blue Shoe
19772,Men,Footwear,Shoes,Casual Shoes,Blue,Fall,2011.0,Casual,ADIDAS Men Vigor Blue Casual Shoes
59021,Women,Footwear,Shoes,Heels,Red,Winter,2012.0,Casual,Carlton London Women Red Heels
42224,Women,Apparel,Topwear,Tops,White,Summer,2012.0,Casual,Sepia Women White Top
16222,Men,Apparel,Bottomwear,Track Pants,Black,Fall,2011.0,Sports,Puma Men Heroes Black Track Pant
54111,Women,Footwear,Shoes,Heels,Copper,Winter,2012.0,Casual,Rocia Women Copper Flats
23069,Men,Apparel,Topwear,Sweaters,Black,Fall,2011.0,Casual,Arrow Sport Men Black Check Sweater
12331,Women,Apparel,Bottomwear,Jeans,Blue,Fall,2011.0,Casual,Spykar Women Ep Jeans Blue Jeans
4827,Men,Apparel,Bottomwear,Track Pants,Black,Summer,2011.0,Sports,ADIDAS Men's Woven Black White Track Pant
15120,Men,Apparel,Bottomwear,Trousers,Charcoal,Fall,2011.0,Formal,Arrow Men Wooltouch Charcoal Trousers
39113,Men,Apparel,Topwear,Tshirts,Red,Summer,2012.0,Casual,Angry Birds Men Red Printed T-shirt
11036,Women,Apparel,Topwear,Tops,Black,Fall,2011.0,Casual,Jealous 21 Women Solid Black Tops
6644,Women,Footwear,Shoes,Sports Shoes,White,Summer,2011.0,Sports,Nike Women Transform III IN White Shoe
14330,Men,Footwear,Shoes,Sports Shoes,Black,Fall,2011.0,Sports,Nike Men Free Run +2 Black Sports Shoes
10401,Women,Apparel,Topwear,Tops,Purple,Fall,2011.0,Casual,Jealous 21 Women Uaine Purple Tops
51377,Men,Apparel,Bottomwear,Shorts,Khaki,Summer,2012.0,Casual,Myntra Men Khaki Shorts
15032,Women,Apparel,Topwear,Sweaters,Blue,Fall,2011.0,Casual,ADIDAS Women Stripes Blue Sweaters
58505,Women,Apparel,Dress,Dresses,Off White,Fall,2012.0,Casual,Tonga Women Printed Brown Dress
35441,Girls,Apparel,Topwear,Tops,Peach,Summer,2012.0,Casual,Doodle Girls Printed Peach Top
41571,Women,Apparel,Dress,Dresses,Red,Summer,2012.0,Casual,AND Women Red Dress
21116,Women,Apparel,Topwear,Tops,Lavender,Fall,2011.0,Casual,s.Oliver Women Faded Lilac Top
41007,Girls,Apparel,Bottomwear,Shorts,Navy Blue,Summer,2012.0,Casual,Gini and Jony Girls Woven Navy Blue Shorts
10062,Men,Apparel,Topwear,Tshirts,Grey,Fall,2011.0,Casual,Puma Men Puma runhard tee Grey Tshirts
6616,Men,Apparel,Topwear,Shirts,Pink,Summer,2011.0,Casual,Spykar Men Linen Pink Shirt
53741,Women,Apparel,Bottomwear,Track Pants,Black,Summer,2012.0,Casual,ADIDAS Women Black Track Pant
9166,Men,Apparel,Bottomwear,Jeans,Blue,Fall,2011.0,Casual,Locomotive Men Rafe Blue Jeans
44663,Women,Apparel,Bottomwear,Trousers,Brown,Summer,2012.0,Formal,Wills Lifestyle Women Brown Trousers
45411,Women,Footwear,Shoes,Flats,Black,Winter,2012.0,Casual,Rocia Women Black Sandals
28450,Women,Apparel,Bottomwear,Track Pants,Grey,Summer,2012.0,Casual,Urban Yoga Women Grey Track Pants
27870,Women,Apparel,Topwear,Shirts,White,Fall,2012.0,Smart Casual,Scullers For Her Women White Striped Shirt
46814,Girls,Apparel,Bottomwear,Skirts,Pink,Summer,2012.0,Casual,Gini and Jony Girls Pink Skirt
43625,Women,Apparel,Dress,Dresses,Black,Summer,2012.0,Casual,Vero Moda Women Black Printed Shift Dress
15622,Men,Apparel,Bottomwear,Track Pants,Black,Summer,2012.0,Casual,Nike Men AD Breakline OH Black Track Pants
14130,Men,Apparel,Bottomwear,Jeans,Black,Fall,2011.0,Casual,Flying Machine Men Washed Black Jeans
6673,Men,Footwear,Shoes,Sports Shoes,White,Summer,2011.0,Sports,Nike Men's Air Pegasus 27 White Grey Shoe
46277,Women,Apparel,Dress,Dresses,Red,Summer,2012.0,Casual,109F Red & White A-Line Dress
35399,Men,Footwear,Shoes,Formal Shoes,Black,Summer,2012.0,Formal,Enroute Men Black Formal Shoes
20792,Men,Apparel,Topwear,Jackets,Beige,Fall,2011.0,Casual,Basics Men Beige Blazer Jacket
56847,Men,Apparel,Bottomwear,Jeans,Blue,Summer,2012.0,Casual,John Players Men Blue Jeans
11260,Women,Apparel,Bottomwear,Skirts,Green,Summer,2011.0,Casual,Palm Tree Kids Girl Sp Jace Sko Green Skirts
44406,Men,Footwear,Shoes,Sports Shoes,Brown,Fall,2012.0,Sports,Force 10 Men Brown Shoes
11236,Women,Apparel,Bottomwear,Jeans,Blue,Fall,2011.0,Casual,Flying Machine Women Low Rise Blue Jeans
52557,Women,Apparel,Bottomwear,Jeans,Blue,Summer,2012.0,Casual,Pepe Jeans Women Blue Jeans
30694,Women,Footwear,Shoes,Heels,Black,Winter,2015.0,Casual,Catwalk Women Black Heels
41588,Men,Apparel,Topwear,Shirts,Blue,Summer,2012.0,Casual,Basics Men Blue Shirt
56821,Men,Apparel,Bottomwear,Shorts,Brown,Summer,2012.0,Casual,John Players Men Brown Shorts
54941,Women,Apparel,Topwear,Tops,Teal,Summer,2012.0,Casual,Do u speak green Women Teal Top
27607,Men,Apparel,Bottomwear,Trousers,Cream,Summer,2012.0,Casual,Scullers Men Cream Trousers
20715,Men,Footwear,Shoes,Casual Shoes,Black,Winter,2018.0,Smart Casual,Red Tape Men Black Leather Casual Shoes
38547,Men,Footwear,Shoes,Casual Shoes,Grey,Summer,2012.0,Casual,Puma Men Grey Madison Classic Shoes
18917,Men,Apparel,Topwear,Shirts,Blue,Fall,2011.0,Casual,Levis Men Work Western Blue Shirt
40315,Unisex,Footwear,Shoes,Sports Shoes,White,Summer,2012.0,Casual,ADIDAS Unisex White Shoes
48488,Women,Apparel,Topwear,Tops,Black,Summer,2012.0,Casual,French Connection Women Black Top
14114,Men,Apparel,Bottomwear,Jeans,Blue,Fall,2011.0,Casual,Flying Machine Men Washed Jeans
9782,Men,Apparel,Bottomwear,Shorts,White,Fall,2011.0,Casual,ADIDAS Men M Basic White Shorts
43506,Men,Apparel,Topwear,Tshirts,Blue,Summer,2012.0,Casual,French Connection Men Blue T-shirt
39263,Men,Footwear,Shoes,Formal Shoes,Black,Winter,2018.0,Formal,Red Chief Men Black Formal Shoes
42693,Women,Footwear,Shoes,Flats,Black,Winter,2012.0,Casual,Rocia Women Black & Silver Sandals
27849,Women,Apparel,Topwear,Tshirts,Red,Summer,2012.0,Casual,Scullers For Her Red Polo T-shirt
19838,Men,Apparel,Topwear,Shirts,Red,Fall,2011.0,Casual,U.S. Polo Assn. Men Check Red Shirt
11340,Men,Apparel,Bottomwear,Jeans,Blue,Summer,2017.0,Casual,Lee Men Blue Chicago Fit Jeans
54914,Women,Apparel,Topwear,Tshirts,Cream,Summer,2012.0,Casual,Do u speak green Women Printed Cream T-shirt
43598,Men,Apparel,Topwear,Tshirts,Charcoal,Summer,2012.0,Casual,Angry Birds Men Charcoal T-shirt
27905,Women,Apparel,Bottomwear,Trousers,Black,Summer,2012.0,Casual,Scullers For Her Black Trousers
8725,Men,Apparel,Topwear,Shirts,Black,Fall,2011.0,Casual,Indigo Nation Men Checks Shirt Black Shirts
44645,Women,Apparel,Topwear,Tops,Beige,Summer,2012.0,Casual,Arrow Woman Beige Top
18571,Men,Apparel,Topwear,Sweaters,Grey,Fall,2011.0,Casual,Puma Men Solid Grey Sweater
19901,Women,Footwear,Shoes,Flats,Red,Fall,2011.0,Casual,Lotto Women Virtue Red Sandal
26813,Men,Apparel,Topwear,Shirts,Grey,Summer,2012.0,Formal,Arrow Men Grey Striped Shirt
13236,Men,Apparel,Bottomwear,Shorts,Blue,Fall,2011.0,Casual,Palm Tree Kids Boys Washed Blue Shorts
26822,Men,Apparel,Bottomwear,Trousers,Olive,Summer,2012.0,Casual,Highlander Men Olive Trousers
26814,Men,Apparel,Topwear,Shirts,Blue,Summer,2012.0,Formal,Arrow Men Blue Striped Shirt
57853,Women,Footwear,Shoes,Heels,Green,Winter,2015.0,Casual,Catwalk Women Green Flats
4547,Men,Footwear,Shoes,Sports Shoes,White,Summer,2011.0,Sports,Nike Men's Egoli White Black Shoe
43871,Men,Footwear,Shoes,Casual Shoes,White,Summer,2012.0,Casual,Puma Men White Driving Power Lo Shoes
26864,Women,Apparel,Topwear,Tops,Pink,Summer,2012.0,Casual,Jealous 21 Women Pink Top
17761,Men,Footwear,Shoes,Formal Shoes,Brown,Winter,2011.0,Formal,Buckaroo Men Ortiz Brown Semi Formal Shoe
41701,Men,Apparel,Bottomwear,Shorts,Navy Blue,Summer,2012.0,Casual,DC Comics Men Navy Blue Printed Shorts
37209,Girls,Apparel,Bottomwear,Jeans,Blue,Summer,2012.0,Casual,United Colors of Benetton Girls Blue Jeans
25542,Women,Apparel,Topwear,Tops,Yellow,Summer,2012.0,Casual,Wrangler Women Striper Tank Yellow Top
42713,Women,Footwear,Shoes,Flats,Black,Winter,2014.0,Casual,Rocia Women Black Sandals
41454,Men,Footwear,Shoes,Casual Shoes,White,Fall,2012.0,Casual,Lee Cooper Men White Shoes
8914,Men,Footwear,Shoes,Sports Shoes,White,Fall,2011.0,Sports,Puma Men Future Cat Remix SF White Sports Shoes
3920,Men,Apparel,Bottomwear,Track Pants,Beige,Summer,2011.0,Casual,Urban Yoga Men's Yoga Beige Track Pant
57046,Women,Apparel,Dress,Dresses,Black,Summer,2012.0,Casual,Elle Women Black Sheath Dress
43634,Women,Apparel,Dress,Dresses,Beige,Summer,2012.0,Casual,Vero Moda Women Beige Dress
22849,Men,Footwear,Shoes,Casual Shoes,Khaki,Summer,2012.0,Casual,Woodland Men Khaki Casual Shoes
4636,Men,Footwear,Shoes,Sports Shoes,White,Summer,2011.0,Sports,ADIDAS Men's Adi Stylite Low White Blue Shoe
17928,Men,Apparel,Bottomwear,Track Pants,Black,Fall,2011.0,Sports,Nike Men Casual Black Track Pant
10262,Men,Apparel,Bottomwear,Trousers,Black,Fall,2011.0,Formal,John Miller Men Black Trousers
9116,Women,Footwear,Shoes,Casual Shoes,White,Fall,2011.0,Sports,Puma Women Ikonis 2 White Sports Shoes
32878,Women,Apparel,Topwear,Tops,Orange,Summer,2012.0,Casual,Allen Solly Woman Striped Orange Top
9266,Men,Apparel,Topwear,Shirts,Navy Blue,Fall,2011.0,Casual,Scullers Men Scul Blue Shirts
10602,Men,Apparel,Topwear,Tshirts,Red,Fall,2011.0,Sports,Nike Men Football Soccer Red Jerseys
57302,Women,Footwear,Shoes,Heels,Black,Winter,2012.0,Casual,Rocia Women Black Wedges
53732,Women,Footwear,Shoes,Casual Shoes,Green,Winter,2014.0,Casual,Puma Women Green Supersuede Eco Casual Shoes
51586,Women,Apparel,Bottomwear,Jeans,Blue,Summer,2012.0,Casual,Wrangler Women Blue Giselle Jeans
4148,Women,Footwear,Shoes,Sports Shoes,White,Summer,2011.0,Sports,Nike Women Glide White Pink Shoe
18003,Men,Apparel,Topwear,Tshirts,Blue,Summer,2011.0,Sports,Puma Men Training Polo Blue Tshirt
33246,Men,Apparel,Topwear,Shirts,Lavender,Spring,2013.0,Formal,Arrow Men Lavender Unstainable Slim Fit Shirt
8258,Men,Footwear,Shoes,Sports Shoes,Orange,Summer,2011.0,Sports,Puma Men's Calibre Convertible Orange Shoe
11725,Men,Apparel,Topwear,Tshirts,Orange,Fall,2011.0,Casual,Lee Men Printed Orange Tshirts
21425,Women,Apparel,Topwear,Tops,Pink,Winter,2012.0,Casual,Roxy Women Pink Top
2288,Women,Apparel,Topwear,Tshirts,Black,Fall,2010.0,Sports,Nike Women Black T-shirt
32429,Men,Apparel,Bottomwear,Shorts,Black,Summer,2012.0,Sports,ADIDAS Men Training Black Shorts
29852,Men,Apparel,Bottomwear,Trousers,Brown,Summer,2012.0,Formal,Basics Men Dark Brown Trousers
59814,Men,Apparel,Bottomwear,Trousers,Navy Blue,Fall,2012.0,Casual,United Colors of Benetton Men's Navy Blue Trousers
7239,Men,Footwear,Shoes,Formal Shoes,Black,Fall,2011.0,Formal,Rockport Men's Abraim Black Shoe
40929,Boys,Apparel,Bottomwear,Jeans,Blue,Summer,2012.0,Casual,Gini and Jony Boys Rodeo Blue Jeans
9077,Women,Apparel,Bottomwear,Track Pants,Pink,Fall,2011.0,Sports,ADIDAS Women Pink Track Pants
26794,Men,Apparel,Topwear,Shirts,Grey,Summer,2013.0,Formal,Arrow Men Grey Shirt
26792,Men,Apparel,Topwear,Shirts,Blue,Summer,2013.0,Formal,Arrow Men Blue Striped Slim Fit Shirt
45949,Women,Apparel,Topwear,Tops,White,Summer,2012.0,Casual,Tokyo Talkies Women White Top
30949,Women,Apparel,Topwear,Tops,Purple,Summer,2012.0,Ethnic,Fabindia Women Purple Cambric Top
6024,Women,Apparel,Topwear,Tshirts,Green,Summer,2011.0,Casual,UCB Women's Boat Neck Chest Print Green T-shirt
18572,Men,Apparel,Topwear,Sweaters,Blue,Fall,2011.0,Casual,Puma Men Solid Blue Sweater
17015,Women,Footwear,Shoes,Flats,Green,Winter,2012.0,Casual,Rocia Women Green Flats
11439,Women,Apparel,Topwear,Tops,Navy Blue,Fall,2011.0,Casual,United Colors of Benetton Women Solid Navy Blue Top
26996,Women,Apparel,Bottomwear,Jeans,Black,Summer,2012.0,Casual,Jealous 21 Women Washed Black Jeans
45380,Women,Footwear,Shoes,Flats,Yellow,Winter,2012.0,Casual,Rocia Women Yellow Sandals
11305,Women,Apparel,Bottomwear,Jeans,Blue,Fall,2011.0,Casual,Wrangler Women Blue Custom Jeans
57989,Women,Apparel,Dress,Dresses,Blue,Fall,2012.0,Casual,Latin Quarters Women Blue Dress
13392,Men,Apparel,Topwear,Shirts,Blue,Summer,2011.0,Casual,United Colors of Benetton Men Check Blue Shirts
59676,Women,Footwear,Shoes,Heels,Olive,Winter,2012.0,Casual,Rocia Women Olive & Black Heels
27075,Women,Footwear,Shoes,Heels,Black,Winter,2015.0,Casual,Catwalk Women Black Heels
11971,Men,Footwear,Shoes,Sports Shoes,White,Fall,2011.0,Sports,Fila Men Glow White Sports Shoes
7397,Men,Footwear,Shoes,Formal Shoes,Black,Winter,2018.0,Formal,Red Tape Men's Black Formal Shoe
37559,Girls,Apparel,Bottomwear,Shorts,Green,Summer,2012.0,Casual,Madagascar3 Girls Green Shorts
33967,Women,Apparel,Topwear,Shirts,Black,Summer,2012.0,Casual,Femella Women Black Top
11145,Men,Apparel,Topwear,Shirts,Purple,Fall,2011.0,Casual,Indigo Nation Men Bling Purple Shirts
20215,Men,Apparel,Topwear,Sweaters,Blue,Fall,2011.0,Casual,Wrangler Men Flag Blue Sweater
9189,Men,Apparel,Bottomwear,Jeans,Blue,Fall,2011.0,Casual,Spykar Men Style Essentials Spykar Jeans Rns Blue Jeans
45786,Women,Footwear,Shoes,Flats,Maroon,Fall,2012.0,Casual,Senorita Women Maroon Sandals
58571,Men,Apparel,Bottomwear,Shorts,Black,Summer,2012.0,Casual,Puma Men Black Shorts
28678,Men,Apparel,Bottomwear,Track Pants,Black,Summer,2012.0,Casual,Proline Men Black Track Pants
7595,Women,Footwear,Shoes,Sports Shoes,Blue,Summer,2011.0,Sports,Nike Women Ten Blue White Shoe
52128,Girls,Apparel,Dress,Dresses,Blue,Summer,2012.0,Casual,Doodle Girls Blue Washed Dress
15569,Women,Footwear,Shoes,Heels,Red,Winter,2015.0,Casual,Catwalk Women Casual Red Flats
51471,Men,Apparel,Bottomwear,Jeans,Black,Summer,2012.0,Casual,Denizen Men Black Jeans
48395,Men,Apparel,Bottomwear,Trousers,Black,Summer,2012.0,Formal,French Connection Men Black Trousers
40050,Men,Apparel,Topwear,Jackets,Yellow,Summer,2012.0,Casual,ADIDAS Men Yellow Kaka Jacket
17021,Women,Footwear,Shoes,Flats,Black,Winter,2012.0,Casual,Rocia Women Casual Black Sandal
2223,Women,Apparel,Bottomwear,Track Pants,Black,Fall,2010.0,Sports,ADIDAS Women Stripe Black Track Pant
8063,Men,Footwear,Shoes,Formal Shoes,Black,Winter,2018.0,Formal,Red Tape Men's Formal Leather Black Shoe
35783,Women,Footwear,Shoes,Heels,Turquoise Blue,Summer,2012.0,Casual,Enroute Women Turquoise Blue Flats
20921,Men,Apparel,Bottomwear,Shorts,Olive,Fall,2011.0,Casual,Deni Yo Men Solid Olive Short
24858,Men,Apparel,Topwear,Shirts,White,Summer,2011.0,Formal,Mark Taylor Men White Striped Shirt
40483,Women,Footwear,Shoes,Sports Shoes,Pink,Fall,2012.0,Sports,Fila Women Pink Speed Lite Sports Shoes
12878,Men,Footwear,Shoes,Formal Shoes,Black,Fall,2012.0,Formal,Provogue Men Formal Black Formal Shoes
44748,Men,Footwear,Shoes,Casual Shoes,White,Summer,2012.0,Casual,Globalite Men White Dribble Shoes
51495,Men,Apparel,Bottomwear,Jeans,Blue,Summer,2012.0,Casual,Denizen Men Blue Jeans
16393,Men,Apparel,Topwear,Shirts,Black,Fall,2011.0,Casual,Levis Men Check Black Shirts
15466,Men,Apparel,Topwear,Jackets,Blue,Fall,2011.0,Casual,Puma Men Mens Active Padded Vest Blue Jackets
9771,Men,Apparel,Topwear,Jackets,Blue,Fall,2011.0,Casual,ADIDAS Men Adna Blue Jackets
9090,Men,Footwear,Shoes,Casual Shoes,Black,Winter,2011.0,Casual,Buckaroo Men Valle Black Casual Shoes
38333,Girls,Apparel,Topwear,Tops,Yellow,Summer,2012.0,Casual,Hannah Montana Girls Yellow Printed Tops
59112,Men,Apparel,Topwear,Jackets,Olive,Summer,2012.0,Casual,Just Natural Men Olive Jacket
50665,Men,Apparel,Bottomwear,Shorts,Navy Blue,Winter,2016.0,Sports,Chromozome Men Navy Blue Soccer Shorts
30955,Women,Apparel,Topwear,Tops,Charcoal,Summer,2012.0,Ethnic,Fabindia Women Charcoal Grey Tussar Top
29786,Men,Apparel,Topwear,Tshirts,Green,Summer,2013.0,Casual,Basics Men Green Polo T-shirt
13073,Men,Footwear,Shoes,Casual Shoes,White,Fall,2012.0,Casual,Numero Uno Men White Shoes
13643,Women,Footwear,Shoes,Flats,Gold,Fall,2011.0,Casual,Carlton London Women Casual Yellow Sandals
34574,Women,Apparel,Topwear,Tops,Black,Summer,2012.0,Casual,Tonga Women Printed Black Top
52080,Men,Apparel,Topwear,Tshirts,Navy Blue,Summer,2012.0,Casual,Myntra Men Navy Blue T-shirt
51509,Women,Apparel,Bottomwear,Jeans,Navy Blue,Summer,2012.0,Casual,Denizen Women Navy Blue Jeans
21868,Girls,Apparel,Topwear,Tops,Pink,Fall,2011.0,Casual,Chhota Bheem Kids Girls Are You Game Pink Top
21590,Men,Apparel,Bottomwear,Shorts,Brown,Summer,2011.0,Sports,Tribord Men Solid Brown Short
16020,Men,Apparel,Bottomwear,Trousers,Grey,Fall,2011.0,Casual,Turtle Solid Men Grey Trouser
3338,Men,Apparel,Topwear,Tshirts,White,Summer,2011.0,Sports,ADIDAS Men's Mumbai Indians White Polo T-shirt
11379,Women,Apparel,Topwear,Tops,Blue,Fall,2011.0,Casual,United Colors Of Benetton Women Winter Blue Top
16918,Men,Apparel,Bottomwear,Jeans,Blue,Fall,2011.0,Casual,Spykar Men Washed Blue Jeans
27917,Women,Apparel,Bottomwear,Trousers,Brown,Summer,2012.0,Formal,Scullers For Her Brown Striped Trousers
13197,Men,Footwear,Shoes,Sports Shoes,White,Fall,2011.0,Sports,Puma Men Axis White Sports Shoes
13676,Men,Footwear,Shoes,Sports Shoes,Silver,Fall,2011.0,Sports,ADIDAS Men Titan Sports Shoes
47240,Men,Footwear,Shoes,Casual Shoes,Purple,Summer,2012.0,Casual,Playboy Men Purple Casual Shoes
19687,Men,Apparel,Bottomwear,Shorts,Grey,Fall,2011.0,Casual,United Colors of Benetton Men Grey Washed Shorts
57209,Women,Apparel,Bottomwear,Jeans,Blue,Fall,2012.0,Casual,Kraus Jeans Women Blue Jeans
20377,Women,Apparel,Topwear,Jackets,Pink,Fall,2011.0,Casual,Urban Yoga Women Solid Pink Jacket
39565,Women,Footwear,Shoes,Heels,Brown,Winter,2015.0,Casual,Catwalk Women Brown Flats
40941,Girls,Apparel,Topwear,Tops,Pink,Summer,2012.0,Casual,Gini and Jony Girls Pretty Pink Top
5456,Men,Apparel,Bottomwear,Shorts,Navy Blue,Summer,2011.0,Sports,Nike Men's Basic Woven Med Blue Short
44454,Women,Footwear,Shoes,Heels,Black,Summer,2012.0,Casual,Senorita Women Black Sandals
12212,Men,Apparel,Bottomwear,Trousers,Brown,Summer,2013.0,Formal,Basics Men Brown Trousers
12344,Men,Apparel,Bottomwear,Trousers,Beige,Fall,2011.0,Formal,Reid & Taylor Men Solid Beige Trousers
26044,Men,Apparel,Topwear,Shirts,Pink,Summer,2012.0,Formal,John Miller Men Pink Shirt
33101,Women,Footwear,Shoes,Heels,Black,Winter,2015.0,Casual,Catwalk Women Black Heels
41307,Girls,Apparel,Topwear,Tops,Black,Summer,2012.0,Casual,Gini and Jony Girls Black Top
11267,Men,Apparel,Bottomwear,Trousers,Black,Fall,2011.0,Formal,Indigo Nation Men Black self structure Black Trousers
42692,Women,Footwear,Shoes,Flats,Grey,Winter,2012.0,Casual,Rocia Women Grey & Blue Sandals
11170,Men,Apparel,Topwear,Sweaters,Yellow,Fall,2011.0,Casual,Scullers Men Stripes Yellow Sweaters
19853,Men,Apparel,Topwear,Shirts,Blue,Fall,2011.0,Casual,U.S. Polo Assn. Men Striped Blue Shirt
5757,Women,Apparel,Topwear,Tops,Blue,Summer,2011.0,Casual,Jealous 21 Women V Neck Blue Party Top
40323,Men,Footwear,Shoes,Sports Shoes,White,Summer,2012.0,Sports,ADIDAS Men Black Twenty2yds Sports Shoes
46390,Men,Apparel,Bottomwear,Shorts,Blue,Summer,2012.0,Casual,ADIDAS Men Blue Cargo Shorts
33353,Men,Footwear,Shoes,Formal Shoes,Black,Summer,2012.0,Formal,Homme Men Black Formal Oxford Shoes
5761,Women,Apparel,Bottomwear,Shorts,White,Summer,2011.0,Casual,Jealous 21 Women's Pink Shorts
20353,Women,Apparel,Bottomwear,Jeans,Blue,Fall,2011.0,Casual,Spykar Women Washed Blue Jeans
13672,Unisex,Apparel,Bottomwear,Jeans,Blue,Fall,2011.0,Casual,Levis Kids Blue Solid Jean
11074,Men,Apparel,Topwear,Sweaters,Black,Fall,2011.0,Casual,Scullers Men Stripes Blue Sweaters
15013,Men,Apparel,Topwear,Jackets,Black,Fall,2011.0,Sports,ADIDAS Men Solid Black Jackets
33241,Men,Apparel,Topwear,Shirts,Blue,Summer,2012.0,Formal,Arrow Men Blue Striped Shirt
57191,Women,Apparel,Topwear,Tops,White,Summer,2012.0,Casual,Elle Women White Top
5767,Women,Apparel,Topwear,Tops,Black,Summer,2011.0,Casual,Jealous 21 Women Sleevless Black V Nech Top
14695,Men,Apparel,Bottomwear,Trousers,Black,Fall,2011.0,Casual,Basics Men Black Trousers
27555,Men,Apparel,Topwear,Shirts,Black,Summer,2012.0,Casual,Scullers Men Black Shirt
4326,Unisex,Apparel,Topwear,Tshirts,Pink,Summer,2011.0,Casual,Tantra Kid's Unisex Got It Pink Kidswear
18524,Women,Apparel,Topwear,Jackets,Black,Fall,2011.0,Casual,C Vox Women Solid 1351 Black Jacket
18541,Women,Footwear,Shoes,Flats,Red,Winter,2015.0,Casual,Catwalk Women  Red Casual Shoe
16219,Men,Apparel,Topwear,Sweaters,Black,Fall,2011.0,Casual,Puma Men ILP Black Sweater
53740,Men,Apparel,Bottomwear,Track Pants,Grey,Summer,2012.0,Casual,ADIDAS Men Grey Track Pant
4943,Men,Apparel,Topwear,Shirts,White,Summer,2011.0,Casual,Gini and Jony Boy's Kaleb White Brown Kidswear
33970,Women,Apparel,Dress,Dresses,Navy Blue,Summer,2012.0,Casual,Femella Women Navy Blue Dress
42223,Women,Apparel,Topwear,Tops,Blue,Summer,2012.0,Casual,Sepia Women Blue Striped Top
53755,Men,Apparel,Bottomwear,Shorts,Blue,Summer,2012.0,Casual,ADIDAS Men Blue Shorts
4983,Women,Apparel,Dress,Dresses,White,Summer,2011.0,Casual,Palm Tree Girl's Blenda White Pink Kidswear
8947,Men,Apparel,Bottomwear,Trousers,Grey,Fall,2011.0,Casual,Indigo Nation Men ID Printed Grey Trousers
42801,Women,Footwear,Shoes,Flats,Teal,Winter,2012.0,Casual,Rocia Women Teal Heels
45376,Women,Footwear,Shoes,Heels,Brown,Summer,2016.0,Casual,Cobblerz Women Brown Sandals
33308,Boys,Apparel,Bottomwear,Jeans,Black,Summer,2012.0,Casual,Gini and Jony Boys Solid Black Jeans
27198,Women,Apparel,Dress,Dresses,Blue,Summer,2012.0,Casual,Doodle Kids Girl Printed Blue Dress
14383,Women,Footwear,Shoes,Heels,Copper,Winter,2015.0,Casual,Catwalk Women Casual Copper Flats
25032,Men,Apparel,Topwear,Jackets,Black,Fall,2011.0,Sports,Nike Men Black Puffer Jacket
28506,Men,Apparel,Bottomwear,Shorts,Black,Summer,2012.0,Sports,Nike Men Woven Black Shorts
12811,Men,Apparel,Bottomwear,Track Pants,Black,Summer,2012.0,Sports,Nike Men Dri-Fit Black Track Pants
9267,Men,Apparel,Topwear,Shirts,Blue,Fall,2011.0,Casual,Scullers Men Scul Blue Shirts
7631,Men,Apparel,Bottomwear,Shorts,Navy Blue,Fall,2011.0,Sports,Puma Men's Woven Navy Short
2193,Men,Apparel,Bottomwear,Shorts,Navy Blue,Fall,2010.0,Sports,ADIDAS Men Navy Short
13027,Women,Footwear,Shoes,Heels,Gold,Winter,2012.0,Casual,Inc 5 Women Casual Gold Flats
28451,Women,Apparel,Bottomwear,Track Pants,Black,Summer,2012.0,Casual,Urban Yoga Women Black Track Pants
14993,Men,Apparel,Topwear,Sweaters,Grey,Fall,2011.0,Casual,ADIDAS Men Stripes Grey Sweaters
18166,Girls,Apparel,Dress,Dresses,Magenta,Fall,2011.0,Casual,Doodle Kids Girls Party Frock Purple Dress
35488,Men,Footwear,Shoes,Formal Shoes,Brown,Summer,2012.0,Formal,Bata Men Remo Brown Formal Shoes
17284,Men,Apparel,Topwear,Tshirts,Blue,Fall,2011.0,Casual,U.S. Polo Assn. Men Stripes Fedral Blue Polo  Tshirt
41740,Women,Footwear,Shoes,Heels,Black,Spring,2013.0,Casual,Catwalk Women Black Wedges
15632,Women,Apparel,Bottomwear,Track Pants,Black,Summer,2012.0,Sports,Nike Women AS Regular DF Cotton Black Track Pants
11873,Men,Footwear,Shoes,Formal Shoes,Black,Summer,2011.0,Formal,Franco Leone Men Formal Black Formal Shoes
59120,Men,Apparel,Topwear,Jackets,Olive,Summer,2012.0,Casual,Just Natural Men Olive Jacket
34449,Women,Footwear,Shoes,Flats,Brown,Winter,2012.0,Casual,Rocia Women Brown Sandals
19606,Women,Apparel,Topwear,Tops,Green,Summer,2011.0,Casual,United Colors of Benetton Women Solid Green Top
7895,Men,Apparel,Bottomwear,Shorts,Olive,Fall,2011.0,Casual,Proline Men Olive Green Checked Shorts
24947,Girls,Apparel,Topwear,Tops,Red,Summer,2012.0,Casual,United Colors of Benetton Kids Girls Red Printed Top
34599,Women,Apparel,Dress,Dresses,Black,Summer,2012.0,Casual,Tonga Women Printed Black Dress
21741,Unisex,Footwear,Shoes,Casual Shoes,White,Fall,2011.0,Casual,Vans Unisex Authentic Lo Pro White Casual Shoes
13992,Women,Footwear,Shoes,Sports Shoes,Grey,Fall,2011.0,Sports,Puma Women Body Train Grey Sports Shoes
11096,Women,Apparel,Topwear,Sweaters,Purple,Fall,2011.0,Casual,Scullers Women Stripes Purple Sweaters
41401,Women,Apparel,Topwear,Tops,White,Summer,2012.0,Casual,Wrangler Women White Smocked Top
44288,Men,Apparel,Bottomwear,Trousers,Black,Summer,2012.0,Formal,Indian Terrain Men Black Trousers
44694,Women,Apparel,Dress,Dresses,White,Summer,2012.0,Casual,Wills Lifestyle Women Multi Coloured Dress
10533,Men,Footwear,Shoes,Sports Shoes,Black,Fall,2011.0,Sports,New Balance MW631 Men Others Walking Black Sports Shoes
24753,Women,Apparel,Bottomwear,Jeans,Blue,Fall,2012.0,Casual,Spykar Women Blue Slim Fit Jeans
24544,Women,Apparel,Topwear,Tops,Red,Fall,2011.0,Ethnic,Mother Earth Women Red Printed Top
10867,Men,Apparel,Topwear,Tshirts,Navy Blue,Fall,2011.0,Casual,Wrangler Men Navy Blue Tough Service Navy T-shirt
25470,Men,Footwear,Shoes,Sports Shoes,Black,Summer,2012.0,Sports,Nike Men T-Lite Black Sports Shoes
9658,Men,Apparel,Topwear,Shirts,Maroon,Fall,2011.0,Casual,Indigo Nation Men Reversible Bling Maroon Shirt
10039,Men,Footwear,Shoes,Sports Shoes,White,Fall,2011.0,Sports,Reebok Men Raceon White Sports Shoes
5788,Women,Apparel,Bottomwear,Shorts,White,Summer,2011.0,Casual,Jealous 21 Women's Checkered Pink White Short
13367,Women,Footwear,Shoes,Casual Shoes,Brown,Fall,2011.0,Casual,Timberland Women Femmes Brown Casual Shoes
13481,Women,Footwear,Shoes,Flats,Black,Fall,2011.0,Casual,Rocia Women Black Flats
45574,Men,Footwear,Shoes,Formal Shoes,Black,Summer,2013.0,Formal,Arrow Men Black Formal Shoes
13960,Women,Apparel,Topwear,Tops,Grey,Fall,2011.0,Casual,Jealous 21 Women Stripes Grey Tops
5375,Women,Footwear,Shoes,Sports Shoes,Blue,Summer,2011.0,Sports,Quechua Jawar 5.0 Lady Blue
28790,Men,Apparel,Bottomwear,Jeans,Blue,Summer,2012.0,Casual,Denizen Men Blue Jeans
15984,Men,Apparel,Topwear,Shirts,Yellow,Fall,2011.0,Casual,Turtle Check Men Yellow Shirt
47200,Men,Footwear,Shoes,Formal Shoes,Black,Summer,2012.0,Formal,Franco Leone Men Black Formal Shoes
26088,Men,Apparel,Topwear,Shirts,Purple,Summer,2012.0,Formal,John Miller Men Striped Purple Shirt
30410,Men,Apparel,Bottomwear,Jeans,Blue,Summer,2012.0,Casual,Deni Yo Men Slim Fit Washed Blue Jeans
9111,Men,Footwear,Shoes,Sports Shoes,Blue,Fall,2011.0,Sports,Puma Men Exsis 2 Blue Sports Shoes
57048,Women,Apparel,Dress,Dresses,Black,Summer,2012.0,Casual,Elle Women Blue & Black Dress
41725,Women,Footwear,Shoes,Heels,Red,Winter,2012.0,Casual,Catwalk Women Red Heels
26379,Men,Apparel,Bottomwear,Trousers,Olive,Summer,2012.0,Casual,Turtle Men Striped Grey Trousers
27621,Men,Apparel,Bottomwear,Trousers,Green,Summer,2012.0,Casual,Scullers Men Green Cargo Pants
39382,Men,Apparel,Bottomwear,Jeans,Blue,Summer,2012.0,Casual,Peter England Men Blue Jeans
32645,Men,Apparel,Bottomwear,Track Pants,Navy Blue,Summer,2012.0,Sports,Nike Men Knit Navy Blue Track Pants
34232,Men,Apparel,Topwear,Tshirts,Grey,Summer,2013.0,Casual,Proline Men Grey T-shirt
31474,Men,Apparel,Bottomwear,Trousers,Brown,Fall,2012.0,Casual,Black Coffee  Brown Formal Trousers
13136,Men,Footwear,Shoes,Casual Shoes,White,Fall,2012.0,Casual,iD Men White Casual Shoes
27227,Women,Apparel,Dress,Dresses,White,Summer,2012.0,Casual,Doodle Kids Girl Printed White Dress
7863,Men,Footwear,Shoes,Formal Shoes,Black,Summer,2011.0,Formal,Provogue Men's Formal Black Shoe
38950,Girls,Apparel,Topwear,Tops,White,Summer,2012.0,Casual,Palm Tree Girls White Top
2708,Girls,Apparel,Dress,Dresses,White,Summer,2011.0,Casual,Disney Kids Girl's White Dress Pooh Kidswear
58411,Men,Apparel,Bottomwear,Jeans,Blue,Summer,2012.0,Casual,Locomotive Men Blue Jeans
12868,Men,Footwear,Shoes,Formal Shoes,Black,Spring,2012.0,Formal,Lee Cooper Men Formal Black Shoes
4832,Men,Apparel,Bottomwear,Track Pants,Yellow,Summer,2011.0,Sports,ADIDAS Men's Shale Yellow Track Pant
37224,Women,Apparel,Topwear,Shirts,Purple,Summer,2012.0,Casual,United Colors of Benetton Women Purple Shirt
18517,Men,Apparel,Topwear,Jackets,Black,Fall,2011.0,Casual,C Vox Men Ribstop 1348 Black Jacket
9346,Men,Apparel,Bottomwear,Shorts,Navy Blue,Fall,2011.0,Casual,Puma Men Checks Navy Blue Shorts
9383,Women,Footwear,Shoes,Casual Shoes,White,Fall,2011.0,Casual,Nike Women Wmns Sweet Cl White Casual Shoes
27231,Women,Apparel,Bottomwear,Skirts,Blue,Summer,2012.0,Casual,Doodle Kids Girl Washed Blue Skirt
16606,Women,Apparel,Topwear,Tops,Purple,Fall,2011.0,Casual,Jealous 21 Women Solid Purple Knit Top
16806,Girls,Apparel,Bottomwear,Shorts,White,Fall,2011.0,Casual,ANT Kids Girls Solid White Short
37930,Women,Apparel,Bottomwear,Skirts,Brown,Summer,2012.0,Casual,Mineral Women Brown Skirt
7047,Men,Footwear,Shoes,Casual Shoes,Grey,Summer,2011.0,Casual,Numero Uno Men's Grey Blue Shoe
3917,Men,Apparel,Bottomwear,Track Pants,Grey,Summer,2011.0,Casual,Urban Yoga Men's Yoga Grey Track Pant
3487,Women,Footwear,Shoes,Flats,Black,Fall,2010.0,Casual,ADIDAS Women Spry Black Red Sandal
22798,Men,Apparel,Bottomwear,Shorts,White,Fall,2011.0,Casual,Manchester United Men White Shorts
31287,Men,Apparel,Bottomwear,Shorts,Black,Summer,2012.0,Casual,Puma Men Dazzle Black Shorts
24055,Men,Apparel,Topwear,Tshirts,Grey,Summer,2012.0,Casual,Locomotive Men Grey Striped T-shirt
16512,Men,Apparel,Bottomwear,Jeans,Blue,Fall,2011.0,Casual,Locomotive Men Washed Blue Jeans
24079,Women,Footwear,Shoes,Heels,Black,Winter,2015.0,Casual,Catwalk Women Black Flats
17946,Men,Apparel,Bottomwear,Track Pants,Navy Blue,Fall,2011.0,Sports,Puma Men South Africa  Navy Blue Track Pant
47544,Women,Footwear,Shoes,Flats,Black,Winter,2012.0,Casual,Portia Women Black Flats
6127,Unisex,Footwear,Shoes,Sports Shoes,White,Summer,2011.0,Sports,Puma Unisex Diemos White Black Shoe
33068,Men,Apparel,Bottomwear,Shorts,Grey,Summer,2012.0,Casual,U.S.Polo Assn. Men Mud Grey Shorts
17814,Men,Footwear,Shoes,Casual Shoes,Black,Fall,2011.0,Casual,Lee Cooper Men  Black Casual Shoe
22840,Men,Footwear,Shoes,Casual Shoes,Brown,Summer,2012.0,Casual,Woodland Men Brown Casual Shoes
44586,Men,Apparel,Bottomwear,Jeans,Blue,Summer,2017.0,Casual,Lee Men Tino Blue Jeans
47629,Women,Footwear,Shoes,Flats,Black,Winter,2012.0,Casual,Carlton London Women Black Shoes
51407,Men,Apparel,Topwear,Shirts,Blue,Summer,2012.0,Formal,Myntra Men Blue Shirt
27267,Women,Apparel,Bottomwear,Trousers,Navy Blue,Winter,2012.0,Formal,Arrow Women Navy Blue Pinstripe Trousers
1662,Men,Apparel,Topwear,Jackets,Navy Blue,Fall,2012.0,Sports,Nike Men Blue Windrunner Jacket
13299,Men,Apparel,Bottomwear,Shorts,White,Fall,2011.0,Casual,Gini and Jony Men Solid White Shorts
24453,Men,Footwear,Shoes,Sports Shoes,Blue,Summer,2012.0,Sports,Nike Men Free Run Blue Sports Shoes
57995,Women,Apparel,Dress,Dresses,Black,Fall,2012.0,Casual,Latin Quarters Women & White Black Dress
14741,Men,Apparel,Topwear,Shirts,Lavender,Fall,2011.0,Formal,Arrow Men Solid Lavender Shirts
31634,Men,Apparel,Topwear,Shirts,Black,Summer,2012.0,Formal,Indigo Nation Men Striped Black Shirt
40127,Girls,Apparel,Dress,Dresses,Black,Summer,2012.0,Casual,Gini and Jony Girls Roseatte Black Dress
27015,Women,Apparel,Bottomwear,Jeans,White,Summer,2012.0,Casual,Jealous 21 Women White Jeans
5916,Women,Footwear,Shoes,Casual Shoes,Black,Summer,2011.0,Casual,ADIDAS Women Daily Black Shoe
13104,Men,Apparel,Topwear,Jackets,Black,Fall,2011.0,Casual,ADIDAS Men Bnce T-Top Black Jackets
26166,Men,Apparel,Bottomwear,Trousers,Black,Summer,2012.0,Formal,John Miller Men Striped Black Trousers
47541,Women,Footwear,Shoes,Flats,Silver,Winter,2012.0,Casual,Portia Women Sliver & Black Sandals
49637,Women,Apparel,Topwear,Tops,Pink,Summer,2012.0,Casual,Mineral Women Dark Pink Top
13120,Men,Apparel,Topwear,Jackets,Navy Blue,Fall,2011.0,Sports,ADIDAS Men Ess 3s Rainjkt Navy Blue Jackets
48467,Women,Apparel,Dress,Dresses,Red,Summer,2012.0,Casual,French Connection Women Red Dress
18755,Women,Apparel,Dress,Dresses,Blue,Fall,2011.0,Casual,Arrow Woman Kaya Blue Dress
40464,Men,Footwear,Shoes,Sports Shoes,White,Summer,2012.0,Sports,Fila Men Trofeo White Sports Shoes
23795,Women,Footwear,Shoes,Flats,Black,Fall,2012.0,Casual,Clarks Women Black Cocoa Creme Shoes
45585,Men,Footwear,Shoes,Formal Shoes,Brown,Summer,2012.0,Formal,Arrow Men Brown Formal Shoes
12748,Men,Apparel,Bottomwear,Trousers,Black,Fall,2011.0,Casual,Timberland Men Solid Black Trousers
4638,Women,Footwear,Shoes,Sports Shoes,White,Summer,2011.0,Sports,ADIDAS Women Phantom Low Pink Grey White Shoe
13305,Women,Apparel,Bottomwear,Skirts,Red,Fall,2011.0,Casual,Gini and Jony Kids Girls Solid Red Skirts
29265,Men,Footwear,Shoes,Sports Shoes,Blue,Summer,2012.0,Sports,ADIDAS Men Adizero Blue Sports Shoes
44642,Women,Apparel,Topwear,Tops,Red,Summer,2012.0,Casual,Arrow Woman Red Top
10488,Men,Apparel,Bottomwear,Jeans,Blue,Fall,2011.0,Casual,Flying Machine Blue Jeans
47564,Women,Footwear,Shoes,Heels,Brown,Winter,2012.0,Casual,Portia Women Brown Sandals
18870,Women,Apparel,Bottomwear,Track Pants,Grey,Fall,2011.0,Casual,Puma Women Grey Core Track Pants
11448,Women,Apparel,Topwear,Tops,Pink,Fall,2011.0,Casual,United Colors of Benetton Women Light Winter Pink Tops
22231,Men,Footwear,Shoes,Formal Shoes,Black,Fall,2011.0,Formal,Provogue Men Black Formal Shoes
16374,Men,Apparel,Bottomwear,Trousers,Navy Blue,Fall,2011.0,Formal,Peter England Men Stripes Navy Blue Trouser
58515,Women,Apparel,Topwear,Tops,White,Summer,2012.0,Casual,Tonga Women White Top
12859,Men,Footwear,Shoes,Formal Shoes,Black,Fall,2012.0,Formal,Lee Cooper Men Formal Black Shoes
56403,Women,Footwear,Shoes,Flats,Black,Winter,2012.0,Casual,Rocia Women Black & Silver Sandals
5570,Girls,Apparel,Dress,Dresses,Grey,Summer,2011.0,Casual,Ant Kids Girl's Sleeveless With Flower Print Kidswear
34161,Girls,Apparel,Topwear,Tops,Black,Summer,2012.0,Casual,Gini and Jony Girls Black Top
21381,Men,Apparel,Bottomwear,Track Pants,Navy Blue,Fall,2011.0,Casual,Manchester United Men Solid Navy Blue Track Pants
16022,Men,Apparel,Bottomwear,Trousers,Olive,Fall,2011.0,Casual,Turtle Men Solid Khakhi Trouser
6307,Women,Apparel,Topwear,Tops,Green,Summer,2011.0,Casual,UCB Women Basic Racerback Green Top
19717,Men,Apparel,Topwear,Shirts,Blue,Fall,2011.0,Casual,United Colors of Benetton Men Check Blue Shirt
33213,Women,Apparel,Topwear,Tops,Magenta,Summer,2012.0,Casual,Sepia Women Printed Magenta Top
7753,Men,Footwear,Shoes,Sports Shoes,Black,Fall,2011.0,Sports,Fila Men's Victory Black Shoe
8076,Men,Footwear,Shoes,Sports Shoes,White,Fall,2011.0,Sports,ADIDAS Men 3 Series Light White Sports Shoes
6868,Women,Apparel,Dress,Dresses,Black,Summer,2011.0,Casual,Forever New Women's Waterfall Sleeve Shift Black Dress
13026,Women,Footwear,Shoes,Heels,Gold,Winter,2012.0,Casual,Inc 5 Women Casual Gold Heels
20910,Men,Apparel,Bottomwear,Jeans,Blue,Fall,2011.0,Casual,Deni Yo Men Washed Blue Jeans
2619,Men,Apparel,Topwear,Tshirts,White,Fall,2010.0,Sports,Nike Mens White Bleed Blue T-shirt
40144,Girls,Apparel,Topwear,Tops,Pink,Summer,2012.0,Casual,Gini and Jony Girls Pretty Blossom Pink Top
16915,Men,Apparel,Topwear,Sweaters,Black,Fall,2011.0,Casual,Spykar Men Black Sweater
17897,Men,Apparel,Topwear,Jackets,Black,Fall,2011.0,Sports,Nike Men Football Soccer Black Jacket
46605,Women,Footwear,Shoes,Flats,Beige,Winter,2015.0,Casual,Catwalk Women Beige Pumps
38525,Men,Footwear,Shoes,Casual Shoes,Black,Summer,2012.0,Casual,Puma Men Black Taisoku Casual Shoes
43683,Girls,Apparel,Topwear,Tops,Blue,Summer,2012.0,Casual,Doodle Girls Printed Blue Top
33136,Women,Footwear,Shoes,Heels,Brown,Winter,2015.0,Casual,Catwalk Women Brown Heels
9170,Men,Apparel,Bottomwear,Jeans,Blue,Fall,2011.0,Casual,Locomotive Men Lain Blue Jeans
41002,Girls,Apparel,Bottomwear,Skirts,Blue,Summer,2012.0,Casual,Gini and Jony Girls Woven Blue Skirt
14310,Men,Apparel,Topwear,Jackets,Grey,Fall,2011.0,Casual,ADIDAS Men Solid Grey Jackets
29231,Women,Footwear,Shoes,Flats,Black,Summer,2012.0,Casual,Puma Women Black Grace Flats
29788,Men,Apparel,Topwear,Tshirts,White,Summer,2013.0,Casual,Basics Men Pack of 3 T-shirts
44428,Men,Footwear,Shoes,Formal Shoes,Black,Summer,2013.0,Formal,Gliders Men Black Formal Shoes
19148,Men,Apparel,Topwear,Tshirts,Navy Blue,Summer,2011.0,Casual,United Colors of Benetton Men Navy Blue Polo Tshirt
15741,Men,Footwear,Shoes,Sports Shoes,Grey,Fall,2011.0,Sports,Nike Men Lunarglide + Shield Grey Sports Shoes
54135,Women,Footwear,Shoes,Heels,Gold,Winter,2012.0,Casual,Rocia Women Golden Flats
6391,Women,Footwear,Shoes,Flats,Grey,Summer,2011.0,Casual,Lotto Women Sofia Pink Black Floater
43249,Women,Apparel,Bottomwear,Jeans,Blue,Summer,2012.0,Casual,Denizen Women Blue Skinny Thunder Jeans
8322,Boys,Apparel,Topwear,Tshirts,Blue,Fall,2011.0,Casual,Doodle Boy's Route 66 Biker Blue Teen Kidswear
39264,Men,Footwear,Shoes,Formal Shoes,Black,Winter,2018.0,Formal,Red Chief Men Black Formal Shoes
13956,Women,Apparel,Topwear,Tops,White,Summer,2011.0,Casual,United Colors of Benetton Women Solid White Tops
21584,Men,Apparel,Bottomwear,Jeans,Blue,Summer,2011.0,Casual,Locomotive Men Washed Blue Jeans
13339,Women,Apparel,Bottomwear,Skirts,Black,Fall,2011.0,Casual,Gini and Jony Kids Girls Solid Black Skirts
33307,Boys,Apparel,Bottomwear,Jeans,Grey,Summer,2012.0,Casual,Gini and Jony Boys Washed Grey Jeans
40451,Men,Footwear,Shoes,Formal Shoes,Black,Winter,2018.0,Formal,Red Tape Men Black Formal Shoes
13125,Men,Footwear,Shoes,Formal Shoes,Brown,Fall,2012.0,Formal,Lee Cooper Men Brown Formal Shoes
30920,Women,Apparel,Bottomwear,Trousers,Green,Summer,2012.0,Ethnic,Fabindia Women Green Harem Pants
4991,Women,Apparel,Dress,Dresses,White,Summer,2011.0,Casual,Gini and Jony Girl's Sara Off White Polka Dot Kidswear
16361,Men,Apparel,Topwear,Shirts,Maroon,Fall,2011.0,Formal,Peter England Men Stripes Maroon Shirt
12428,Men,Footwear,Shoes,Casual Shoes,Brown,Fall,2011.0,Casual,Timberland Men Casual Brown Casual Shoes
41834,Men,Footwear,Shoes,Casual Shoes,Black,Spring,2013.0,Casual,Skechers Men Black Shoes
34539,Men,Footwear,Shoes,Formal Shoes,Black,Winter,2018.0,Formal,Red Tape Men Black Formal Shoes
45337,Women,Footwear,Shoes,Heels,Black,Summer,2016.0,Casual,Cobblerz Women Black & Grey Sandals
37934,Women,Apparel,Topwear,Tops,Purple,Summer,2012.0,Casual,Mineral Women Purple Top
57214,Women,Apparel,Bottomwear,Shorts,Blue,Fall,2012.0,Casual,Kraus Jeans Women Blue Shorts
38846,Women,Apparel,Dress,Dresses,Brown,Summer,2012.0,Casual,Latin Quarters Women Brown Printed Dress
41356,Men,Apparel,Bottomwear,Jeans,Blue,Summer,2016.0,Casual,Wrangler Men Blue Skanders Jeans
34650,Women,Footwear,Shoes,Sports Shoes,Black,Summer,2012.0,Sports,Fila Women Top Fuel Black Sports Shoes
51741,Men,Footwear,Shoes,Sports Shoes,Grey,Summer,2012.0,Sports,Force 10 Men Grey Sports Shoes
45584,Men,Footwear,Shoes,Formal Shoes,Black,Summer,2013.0,Formal,Arrow Men Black Formal Shoes
34448,Women,Footwear,Shoes,Flats,Brown,Winter,2012.0,Casual,Rocia Women Brown Sandals
9633,Men,Apparel,Topwear,Shirts,White,Fall,2011.0,Formal,Indigo Nation Men Price catch Blue White Shirts
15322,Men,Apparel,Topwear,Jackets,Black,Fall,2011.0,Casual,Nike Men Solid Black Jacket
11234,Women,Apparel,Bottomwear,Jeans,Black,Fall,2011.0,Casual,Flying Machine Women Lowrise Black Jeans
51465,Women,Apparel,Dress,Dresses,Teal,Summer,2012.0,Casual,Tonga Women Teal Dress
46585,Women,Footwear,Shoes,Heels,Silver,Summer,2016.0,Casual,Catwalk Women Metallic Flats
27208,Men,Apparel,Bottomwear,Shorts,Beige,Summer,2012.0,Casual,Doodle Kids Boy  Beige Shorts
6275,Women,Apparel,Topwear,Tshirts,Pink,Summer,2011.0,Casual,UCB Women's Crystal Benetton Pink T-shirt
28469,Women,Apparel,Topwear,Tshirts,Pink,Summer,2012.0,Casual,Urban Yoga Women Printed Pink T-shirt
42727,Women,Footwear,Shoes,Flats,Black,Winter,2012.0,Casual,Rocia Women Black & Beige Sandals
38664,Men,Footwear,Shoes,Casual Shoes,Grey,Fall,2012.0,Casual,Nike Men Liteforce Grey Shoes
18726,Women,Apparel,Topwear,Sweaters,Brown,Fall,2011.0,Casual,Arrow Woman Venetia Brown Sweater
59020,Women,Footwear,Shoes,Heels,Brown,Winter,2012.0,Casual,Carlton London Women Brown Heels
33759,Women,Apparel,Topwear,Tops,Yellow,Summer,2012.0,Casual,Vero Moda Women Viva Yellow Top
19477,Men,Apparel,Topwear,Jackets,Blue,Summer,2012.0,Casual,Quiksilver Men Casual Blue Jacket
20001,Men,Apparel,Topwear,Tshirts,Green,Summer,2011.0,Casual,United Colors of Benetton Men Printed Green T-shirt
47208,Men,Footwear,Shoes,Formal Shoes,Brown,Summer,2012.0,Formal,Franco Leone Men Brown Formal Shoes
23450,Men,Apparel,Bottomwear,Jeans,Black,Fall,2011.0,Casual,Deni Yo Men Black Slim Fit Jeans
17847,Men,Footwear,Shoes,Sports Shoes,White,Summer,2012.0,Sports,Nike Men Air Impetus II White Sports Shoe
10063,Men,Apparel,Topwear,Tshirts,Yellow,Fall,2011.0,Casual,Puma Men spine tee Yellow Tshirts
6785,Men,Apparel,Topwear,Jackets,Red,Summer,2011.0,Casual,Timberland Men Falmouth Cycling Jac Red Jacket
26624,Women,Footwear,Shoes,Sports Shoes,Purple,Summer,2012.0,Sports,Puma Women Bodytrain Purple Sports Shoes
45382,Women,Footwear,Shoes,Flats,Black,Winter,2012.0,Casual,Rocia Women Black Sandals
28628,Men,Apparel,Bottomwear,Shorts,White,Summer,2012.0,Sports,Nike Men Woven White Shorts
11078,Men,Apparel,Topwear,Sweaters,Grey,Fall,2011.0,Casual,Scullers Men Stripes Grey Sweaters
1981,Women,Apparel,Bottomwear,Shorts,Green,Fall,2010.0,Casual,Puma Women's Island Green Shorts
29721,Men,Apparel,Topwear,Shirts,Purple,Summer,2012.0,Formal,John Miller Men Check Purple Shirt
22814,Men,Apparel,Bottomwear,Shorts,Navy Blue,Summer,2012.0,Casual,Manchester United Men Navy Blue Shorts
33758,Women,Apparel,Topwear,Tops,Pink,Summer,2012.0,Casual,Vero Moda Women Polly Pink Top
29772,Men,Apparel,Topwear,Shirts,Red,Summer,2012.0,Casual,Wrangler Men Red Striped Casual Shirt
35490,Men,Footwear,Shoes,Formal Shoes,Black,Summer,2012.0,Formal,Bata Men Remo Black Formal Shoes
43520,Women,Apparel,Bottomwear,Skirts,Navy Blue,Summer,2012.0,Formal,French Connection Women Navy Blue Skirt
41829,Women,Footwear,Shoes,Flats,Black,Winter,2015.0,Casual,Skechers Women Black Sandals
1528,Men,Apparel,Topwear,Jackets,Black,Fall,2010.0,Sports,Puma Men Ferrari Black Fleece Jacket
47278,Men,Footwear,Shoes,Formal Shoes,Black,Summer,2012.0,Formal,Franco Leone Men Black Formal Shoes
4461,Men,Apparel,Topwear,Jackets,Black,Summer,2011.0,Sports,Nike Men Manu Show Time Black Jacket
35653,Men,Footwear,Shoes,Formal Shoes,Brown,Summer,2013.0,Formal,U.S. Polo Assn. Men Brown Formal Shoes
37206,Men,Apparel,Bottomwear,Jeans,Blue,Summer,2012.0,Casual,United Colors of Benetton Men Washed Blue Jeans
12501,Men,Apparel,Topwear,Tshirts,Green,Fall,2011.0,Casual,United Colors of Benetton Men Short Green T-shirt
40436,Women,Apparel,Topwear,Tops,Black,Summer,2012.0,Casual,Tonga Women Black & White Printed Top
34747,Women,Footwear,Shoes,Casual Shoes,White,Summer,2012.0,Casual,Puma Women Soleil Cat White Shoes
39630,Men,Footwear,Shoes,Sports Shoes,White,Summer,2012.0,Sports,Nike Men Tiempo Natural IV Vtr White Sports Shoes
20373,Women,Apparel,Bottomwear,Track Pants,Pink,Fall,2011.0,Casual,Urban Yoga Women Solid Pink Track Pants
20119,Women,Apparel,Topwear,Tops,Blue,Fall,2011.0,Casual,Wrangler Women Lace Blue Top
30948,Women,Apparel,Topwear,Tops,Red,Summer,2012.0,Ethnic,Fabindia Women Red Cambric Top
46276,Women,Apparel,Topwear,Tops,Cream,Summer,2012.0,Casual,109F Women Cream Printed Top
24135,Men,Apparel,Topwear,Jackets,Black,Fall,2011.0,Casual,ADIDAS Men Black Jacket
44465,Women,Footwear,Shoes,Heels,Red,Summer,2012.0,Casual,Senorita Women Red Wedges
11892,Men,Footwear,Shoes,Formal Shoes,Black,Summer,2013.0,Formal,Franco Leone Men Formal Black Formal Shoes
28630,Men,Apparel,Bottomwear,Track Pants,Grey,Summer,2012.0,Sports,Nike Men Pintuck Grey Track Pants
54796,Men,Apparel,Bottomwear,Jeans,Blue,Summer,2012.0,Casual,Peter England Men Blue Jeans
3931,Women,Apparel,Topwear,Tshirts,Black,Summer,2011.0,Casual,Jealous 21 Women's Black Butterfly T-shirt
9099,Men,Apparel,Bottomwear,Shorts,Blue,Fall,2011.0,Sports,ADIDAS Men Cfc H Sho Blue Shorts
34589,Women,Apparel,Topwear,Tops,Magenta,Summer,2012.0,Casual,Tonga Women Printed Magenta Top
4743,Women,Footwear,Shoes,Casual Shoes,Red,Summer,2011.0,Casual,Numero Uno Women Dna Red Shoe
56978,Women,Footwear,Shoes,Flats,Black,Winter,2012.0,Casual,HM Women Black Sandals
56843,Men,Apparel,Bottomwear,Jeans,Blue,Summer,2012.0,Casual,John Players Men Blue Jeans
34520,Women,Footwear,Shoes,Flats,Purple,Summer,2012.0,Casual,ADIDAS Women Ballerina Purple Shoes
4789,Men,Apparel,Topwear,Tshirts,Grey,Summer,2011.0,Sports,ADIDAS Men's Demon Grey T-shirt
39794,Men,Apparel,Bottomwear,Trousers,Grey,Summer,2012.0,Formal,Peter England Men Grey Formal Trousers
50749,Men,Footwear,Shoes,Casual Shoes,Brown,Winter,2018.0,Casual,Red Chief Men Brown Shoes
10151,Men,Footwear,Shoes,Formal Shoes,Black,Fall,2011.0,Formal,Rockport Men Drsp Slip On Black Formal Shoes
9996,Women,Apparel,Topwear,Tops,Blue,Summer,2011.0,Casual,Palm Tree Girls Sp Jelly Top Blue Tops
20126,Women,Apparel,Topwear,Tops,Blue,Fall,2011.0,Casual,Wrangler Women Shadow Blue Top
47583,Women,Footwear,Shoes,Flats,Gold,Winter,2012.0,Ethnic,Portia Women Gold Flats
1884,Men,Apparel,Bottomwear,Track Pants,Navy Blue,Winter,2010.0,Casual,FIFA Mens 1905 Heritage Collection Track Pants
10619,Women,Footwear,Shoes,Flats,Silver,Spring,2013.0,Casual,Carlton London Women Silver Flats
22876,Men,Footwear,Shoes,Casual Shoes,Khaki,Summer,2012.0,Casual,Woodland Men Camel Casual Shoes
18562,Women,Footwear,Shoes,Flats,Beige,Winter,2015.0,Casual,Catwalk Women Beige Casual Shoes
39670,Men,Footwear,Shoes,Sports Shoes,White,Summer,2012.0,Sports,Lotto Men White Sports Shoes
48498,Women,Apparel,Bottomwear,Trousers,Grey,Summer,2012.0,Casual,French Connection Women Black Trousers
54528,Men,Footwear,Shoes,Casual Shoes,White,Fall,2012.0,Casual,F Sports Men White Charger Shoes
1916,Men,Footwear,Shoes,Sports Shoes,Black,Fall,2011.0,Sports,Puma Men's Game Point Shoes
18547,Women,Footwear,Shoes,Flats,Blue,Winter,2015.0,Casual,Catwalk Women  Blue Casual Shoes
7931,Men,Apparel,Bottomwear,Track Pants,Grey,Fall,2011.0,Sports,Puma Men Jersey Long Grey Track Pant
1789,Men,Footwear,Shoes,Sports Shoes,Orange,Fall,2010.0,Sports,Lotto Men OSLO Grey-Orange Shoe
56902,Women,Footwear,Shoes,Heels,Black,Winter,2012.0,Casual,HM Women Black Heels
53460,Women,Footwear,Shoes,Heels,Gold,Winter,2015.0,Casual,Catwalk Women Golden Heels
47533,Women,Footwear,Shoes,Flats,Maroon,Winter,2012.0,Ethnic,Portia Women Maroon Flats
7301,Women,Apparel,Topwear,Tops,Blue,Summer,2011.0,Casual,UCB Women Stripe Short Sleeve Blue White Top
2118,Men,Apparel,Bottomwear,Track Pants,Black,Fall,2010.0,Sports,ADIDAS Men's Foamy Striped Track Pants
8587,Men,Apparel,Topwear,Shirts,Red,Fall,2011.0,Casual,Scullers Men Red Check Shirt
26554,Men,Footwear,Shoes,Casual Shoes,Blue,Fall,2012.0,Casual,ID Men Blue Shoes
13419,Men,Apparel,Topwear,Tshirts,Pink,Summer,2011.0,Casual,United Colors of Benetton Men Solid Pink Polo T-shirts
19821,Men,Apparel,Topwear,Sweaters,Off White,Winter,2016.0,Casual,U.S. Polo Assn. Men Solid Off White Sweater
43045,Men,Apparel,Bottomwear,Shorts,Pink,Summer,2012.0,Casual,Nike Men Pink Shorts
3556,Men,Footwear,Shoes,Casual Shoes,Brown,Winter,2015.0,Casual,Skechers Men Dark Brown Lifestyle Shoe
26597,Men,Footwear,Shoes,Sports Shoes,Black,Summer,2012.0,Sports,Puma Men Faas 300 Black Sports Shoes
32420,Men,Apparel,Bottomwear,Shorts,Black,Summer,2012.0,Sports,ADIDAS Men Black Shorts
7878,Men,Apparel,Bottomwear,Shorts,Grey,Fall,2011.0,Sports,Proline Men Grey Comfort Fit Sports Shorts
35659,Men,Footwear,Shoes,Casual Shoes,Brown,Winter,2014.0,Casual,U.S. Polo Assn. Men Brown Shoes
13734,Men,Apparel,Topwear,Shirts,Blue,Fall,2011.0,Casual,Belmonte Men Check Blue Shirts
31231,Women,Apparel,Bottomwear,Shorts,Black,Winter,2013.0,Sports,Puma Women Black Shorts
49608,Women,Footwear,Shoes,Casual Shoes,Red,Winter,2015.0,Casual,Catwalk Women Red Shoes
6885,Women,Apparel,Dress,Dresses,White,Summer,2011.0,Casual,Forever New Women Dye Crochet White Dress
11172,Men,Apparel,Topwear,Sweaters,Red,Fall,2011.0,Casual,Scullers Men Stripes Red Sweaters
36442,Men,Footwear,Shoes,Casual Shoes,Black,Summer,2012.0,Casual,Spinn Men Dozer Black Shoes
27426,Women,Apparel,Bottomwear,Shorts,Grey Melange,Winter,2015.0,Casual,Jockey Women Grey Melange Shorts
42209,Women,Apparel,Dress,Dresses,Purple,Summer,2012.0,Casual,Sepia Women Purple Dress
22356,Men,Apparel,Topwear,Shirts,White,Fall,2011.0,Casual,John Players Men Solid White Shirt
28818,Men,Apparel,Bottomwear,Jeans,Navy Blue,Summer,2012.0,Casual,Denizen Men Navy Blue Jeans
6954,Women,Apparel,Topwear,Tops,Pink,Summer,2011.0,Casual,s.Oliver Women Striped Pink Top
2275,Men,Apparel,Topwear,Tshirts,White,Fall,2010.0,Sports,Nike Mens Challenger Graphic White T-shirt
27182,Men,Apparel,Bottomwear,Trousers,Brown,Summer,2012.0,Formal,Mark Taylor Men Striped Brown Trousers
56871,Women,Footwear,Shoes,Heels,Black,Winter,2012.0,Casual,HM Women Black Sandals
22393,Women,Apparel,Topwear,Tshirts,Grey,Fall,2011.0,Casual,ADIDAS Women Verve Tee Grey T-shirt
57005,Women,Footwear,Shoes,Flats,Black,Winter,2012.0,Ethnic,HM Women Black Sandals
10669,Men,Apparel,Topwear,Tshirts,Grey,Fall,2011.0,Casual,Doodle Boy Road Trip Grey Tshirts
2938,Women,Apparel,Topwear,Tops,Multi,Fall,2010.0,Casual,DUSG Women Crane Bamboo Top
42043,Men,Footwear,Shoes,Casual Shoes,Black,Summer,2012.0,Casual,Nike Men Black Shoes
58000,Women,Apparel,Dress,Dresses,Black,Fall,2012.0,Casual,Latin Quarters Women Black Printed Dress
11511,Women,Footwear,Shoes,Flats,Gold,Winter,2015.0,Casual,Catwalk Women Lifestyle Gold Toned Ballerinas
14134,Women,Apparel,Bottomwear,Track Pants,Grey,Fall,2011.0,Sports,Nike Women Solid Grey Track Pants
17685,Women,Footwear,Shoes,Heels,Multi,Winter,2015.0,Casual,Catwalk Women Assorted Multi Heels
11294,Men,Apparel,Bottomwear,Jeans,Blue,Spring,2013.0,Casual,Wrangler Men Blue Floyd Jeans
19727,Women,Apparel,Topwear,Shirts,White,Summer,2011.0,Casual,United Colors of Benetton Women Solid White Shirt
26243,Men,Apparel,Bottomwear,Shorts,Grey Melange,Summer,2012.0,Sports,Proline Grey Melange Shorts
16801,Men,Apparel,Bottomwear,Trousers,Olive,Fall,2011.0,Casual,Highlander Men Solid Olive Trouser
3764,Men,Apparel,Topwear,Tshirts,Navy Blue,Summer,2011.0,Casual,Status Quo Men's London Icon Navy T-shirt
43638,Women,Apparel,Topwear,Tops,Green,Summer,2012.0,Casual,Vero Moda Women Green Top
34564,Women,Apparel,Dress,Dresses,Black,Summer,2012.0,Casual,Tonga Women Printed Black Dress
50777,Men,Footwear,Shoes,Formal Shoes,Brown,Summer,2013.0,Formal,Clarks Men Dino Limit Brown Formal Shoes
34148,Girls,Apparel,Bottomwear,Skirts,Blue,Summer,2012.0,Casual,Gini and Jony Girls Washed Blue Skirt
19115,Men,Apparel,Topwear,Tshirts,White,Summer,2016.0,Casual,Campbell Men Pack of 3 Solid Tshirts
13248,Men,Apparel,Bottomwear,Trousers,Brown,Fall,2011.0,Casual,Palm Tree Kids Boy Solid Brown Trousers
11983,Men,Footwear,Shoes,Sports Shoes,Black,Fall,2011.0,Sports,FILA Men Dls Circuit 2 Black Sports Shoes
44510,Unisex,Footwear,Shoes,Casual Shoes,Black,Summer,2012.0,Casual,Converse Unisex Black Shoes
8838,Men,Apparel,Bottomwear,Trousers,Beige,Summer,2011.0,Casual,Scullers Men Scul Beige Trousers
8880,Men,Apparel,Bottomwear,Trousers,Brown,Summer,2011.0,Casual,Scullers Men Scul Brown Trousers
35803,Women,Footwear,Shoes,Heels,Tan,Summer,2012.0,Casual,Enroute Women Tan Flats
7355,Men,Apparel,Topwear,Tshirts,Navy Blue,Fall,2011.0,Casual,Tantra Men's Black Sabbath Navy T-shirt
58508,Women,Apparel,Topwear,Sweaters,Grey,Summer,2012.0,Casual,Tonga Women Grey Sweater
45803,Women,Footwear,Shoes,Heels,Silver,Fall,2012.0,Casual,Senorita Women Silver Flats
27226,Women,Apparel,Dress,Dresses,Pink,Summer,2012.0,Casual,Doodle Kids Girl Printed Pink Dress
39262,Men,Footwear,Shoes,Formal Shoes,Black,Winter,2018.0,Formal,Red Chief Men Black Formal Shoes
3567,Men,Footwear,Shoes,Sports Shoes,Silver,Summer,2011.0,Sports,ADIDAS Men's Silver White Running Shoe
28502,Men,Apparel,Topwear,Jackets,Yellow,Summer,2012.0,Sports,Nike Men Windrunner Yellow Jacket
37560,Girls,Apparel,Bottomwear,Shorts,White,Summer,2012.0,Casual,Madagascar3 Girls White Shorts
26974,Women,Apparel,Dress,Dresses,Pink,Summer,2012.0,Casual,Jealous 21 Women Pink Printed Dress
26829,Men,Apparel,Bottomwear,Trousers,Brown,Summer,2012.0,Casual,Highlander Men Brown Trousers
11090,Men,Apparel,Topwear,Shirts,Blue,Fall,2011.0,Casual,Scullers Men Check Blue Shirts
13561,Women,Footwear,Shoes,Flats,Black,Winter,2012.0,Casual,Carlton London Women Black Flat Shoes
27605,Men,Apparel,Bottomwear,Trousers,Black,Summer,2012.0,Casual,Scullers Men Black Trousers
6688,Women,Apparel,Topwear,Tshirts,Black,Summer,2011.0,Casual,UCB Women's V Neck Black T-shirt
42591,Women,Apparel,Dress,Dresses,Navy Blue,Summer,2012.0,Casual,United Colors of Benetton Women Navy Blue Dress
18237,Men,Apparel,Topwear,Tshirts,Red,Fall,2011.0,Casual,Manchester United Men Solid Red Tshirt
27926,Women,Apparel,Bottomwear,Jeans,Blue,Summer,2012.0,Casual,Scullers For Her Women Blue Jeans
15232,Men,Footwear,Shoes,Casual Shoes,Brown,Fall,2011.0,Casual,ADIDAS Originals Men Vespa PK LO Brown Casual Shoes
17279,Men,Apparel,Topwear,Tshirts,Navy Blue,Fall,2011.0,Casual,U.S. Polo Assn. Men Printed Navy Blue Tshirt
52155,Women,Apparel,Dress,Dresses,Purple,Summer,2012.0,Casual,Femella Women Purple Color Block Dress
37223,Women,Apparel,Topwear,Tops,Blue,Summer,2012.0,Casual,United Colors of Benetton Women Blue Top
9998,Women,Apparel,Topwear,Tops,Pink,Summer,2011.0,Casual,Palm Tree Girls Hs Livia Top Pink Tops
29685,Men,Apparel,Bottomwear,Trousers,Charcoal,Summer,2012.0,Formal,Indigo Nation Men Charcoal Trousers
5973,Men,Apparel,Topwear,Shirts,Black,Summer,2011.0,Casual,Highlander Men Black Checked Shirt
27640,Men,Footwear,Shoes,Sports Shoes,Grey,Summer,2012.0,Sports,Reebok Men Grey Premier Trinity Sports Shoes
2842,Men,Apparel,Topwear,Tshirts,Grey,Summer,2011.0,Casual,Mr.Men Men's Mr.Mischief Grey T-shirt
11497,Women,Footwear,Shoes,Heels,Pink,Winter,2015.0,Casual,Catwalk Women Lifestyle Pink Flats
43435,Women,Apparel,Topwear,Tops,Pink,Summer,2012.0,Casual,Global Desi Women Pink Top
7385,Men,Footwear,Shoes,Formal Shoes,Black,Winter,2018.0,Formal,Red Tape Men Black Formal Shoes
18499,Men,Apparel,Topwear,Sweaters,Navy Blue,Fall,2011.0,Casual,Puma Men Striped Navy Blue Sweater
48512,Women,Apparel,Topwear,Tops,Grey,Summer,2012.0,Casual,French Connection Women Grey Top
10127,Men,Footwear,Shoes,Casual Shoes,Brown,Fall,2011.0,Casual,Rockport Men Espresso Brown Casual Shoes
43523,Women,Apparel,Bottomwear,Trousers,Beige,Winter,2011.0,Casual,French Connection Women Beige Trousers
42104,Men,Apparel,Bottomwear,Shorts,Navy Blue,Spring,2013.0,Casual,ADIDAS Men Navy Blue Shorts
54118,Women,Footwear,Shoes,Heels,Black,Winter,2012.0,Casual,Rocia Women Black Flats
18006,Women,Apparel,Bottomwear,Track Pants,Black,Summer,2010.0,Sports,Puma Women Jersey Black Track Pant
19676,Women,Apparel,Topwear,Tops,Grey,Summer,2011.0,Casual,United Colors of Benetton Women Printed Grey Top
51485,Men,Apparel,Bottomwear,Trousers,Black,Summer,2012.0,Casual,Denizen Men Black Trousers
56920,Women,Footwear,Shoes,Heels,Black,Winter,2012.0,Casual,HM Women Black Sandals
28459,Women,Apparel,Bottomwear,Shorts,Purple,Summer,2012.0,Sports,Urban Yoga Women Purple Shorts
12517,Men,Footwear,Shoes,Formal Shoes,Black,Winter,2018.0,Formal,Red Tape Men Formal Black Formal Shoes
22503,Women,Footwear,Shoes,Flats,Brown,Winter,2015.0,Casual,Catwalk Women Brown Casual Sandals
14936,Men,Apparel,Bottomwear,Shorts,Khaki,Fall,2011.0,Casual,Status Quo Men Solid Khaki Shorts
8478,Women,Apparel,Topwear,Jackets,Blue,Fall,2011.0,Casual,Forever New Women Vintage Blue Jackets
20346,Women,Apparel,Topwear,Sweaters,Pink,Fall,2011.0,Casual,Scullers For Her Women Solid Pink Sweater
11376,Women,Apparel,Topwear,Tops,Grey,Fall,2011.0,Casual,United Colors Of Benetton Women Light Winter Grey Tops
50943,Women,Apparel,Bottomwear,Jeans,Blue,Winter,2011.0,Casual,Lee Womens Blue Maxi Fit Jeans
45586,Men,Footwear,Shoes,Formal Shoes,Black,Summer,2013.0,Formal,Arrow Men Black Formal Shoes
4847,Men,Apparel,Topwear,Jackets,Black,Summer,2011.0,Casual,ADIDAS Men Revo Black Jacket
41785,Women,Apparel,Topwear,Tops,Purple,Summer,2012.0,Casual,Remanika Women Purple Top
49600,Women,Footwear,Shoes,Heels,White,Winter,2015.0,Casual,Catwalk Women White Flats
41376,Women,Apparel,Topwear,Tops,Blue,Summer,2012.0,Casual,Wrangler Women Kelly Blue Top
33124,Women,Footwear,Shoes,Heels,Black,Winter,2015.0,Casual,Catwalk Women Black Stilettos
8186,Men,Apparel,Topwear,Shirts,Grey,Summer,2011.0,Casual,Locomotive Men Check Lai Grey Shirts
14630,Women,Apparel,Bottomwear,Skirts,Brown,Fall,2011.0,Casual,United Colors of Benetton Women Check Brown Skirts
11243,Women,Apparel,Bottomwear,Jeans,Blue,Fall,2011.0,Casual,Flying Machine Women Lowrise Blue Jeans
41759,Girls,Apparel,Dress,Dresses,Navy Blue,Summer,2012.0,Casual,Doodle Girls Navy Blue Dress
11510,Women,Footwear,Shoes,Heels,Beige,Winter,2015.0,Casual,Catwalk Women Lifestyle Beige Flats
2610,Women,Footwear,Shoes,Heels,Black,Winter,2012.0,Casual,Carlton London Women Stylish Black Flats
41436,Men,Footwear,Shoes,Sports Shoes,White,Fall,2012.0,Casual,Lee Cooper Men Black & White Sports Shoes
18405,Men,Footwear,Shoes,Casual Shoes,Brown,Summer,2012.0,Casual,Skechers Men USA Brown Shoe
39387,Men,Apparel,Bottomwear,Jeans,Blue,Summer,2012.0,Casual,Peter England Men Blue Jeans
7433,Men,Apparel,Bottomwear,Shorts,Navy Blue,Summer,2011.0,Casual,Proline Men Navy Shorts
9866,Men,Apparel,Topwear,Tshirts,Pink,Fall,2011.0,Casual,Status Quo Men Pink Polo Tshirts
27939,Women,Apparel,Bottomwear,Jeans,Purple,Summer,2012.0,Casual,Jealous 21 Women Purple Magic Colour Jeans
7400,Men,Footwear,Shoes,Formal Shoes,Brown,Winter,2018.0,Formal,Red Tape Men Brown Shoes
48372,Men,Apparel,Topwear,Shirts,Brown,Summer,2012.0,Casual,French Connection Men Brown Check Shirt
27918,Women,Apparel,Bottomwear,Trousers,Grey,Summer,2012.0,Formal,Scullers For Her Women Grey Trousers
39724,Women,Apparel,Dress,Dresses,Pink,Summer,2012.0,Casual,Arrow Woman Pink & Orange Dress
30257,Men,Footwear,Shoes,Casual Shoes,Grey,Winter,2018.0,Casual,Red Tape Men Grey Shoes
23648,Men,Apparel,Topwear,Tshirts,Maroon,Summer,2012.0,Casual,Disney Men Maroon Printed T-shirt
56944,Women,Footwear,Shoes,Heels,Green,Winter,2012.0,Casual,HM Women Green Flats
37247,Men,Footwear,Shoes,Casual Shoes,Black,Summer,2012.0,Casual,United Colors of Benetton Men Black Shoes
45979,Women,Apparel,Topwear,Tops,Peach,Summer,2012.0,Casual,Tokyo Talkies Women Peach Printed Top
15631,Men,Apparel,Bottomwear,Track Pants,Navy Blue,Winter,2014.0,Sports,Nike Men Navy Cricket Track Pants
32565,Women,Apparel,Topwear,Tops,Blue,Summer,2012.0,Casual,ONLY Women Smock Blue Top
10777,Women,Apparel,Topwear,Jackets,Purple,Summer,2011.0,Sports,Nike Women Hooded Purple Jacket
39780,Men,Apparel,Topwear,Shirts,Yellow,Summer,2012.0,Casual,Peter England Men Yellow Casual Shirts
8885,Men,Apparel,Bottomwear,Trousers,Green,Summer,2011.0,Formal,Scullers Men Scul Green Trousers
12863,Men,Footwear,Shoes,Formal Shoes,Black,Spring,2012.0,Formal,Lee Cooper Men Black Formal Shoes
43356,Women,Footwear,Shoes,Sports Shoes,Charcoal,Summer,2012.0,Sports,Reebok Women Charcoal Grey Fuel Techno Sports Shoes
43240,Men,Footwear,Shoes,Sports Shoes,Grey,Summer,2012.0,Sports,Reebok Men Grey Swift Sports Shoes
11128,Men,Apparel,Bottomwear,Track Pants,Beige,Fall,2011.0,Sports,Urban Yoga Men Solid Beige Track Pants
50172,Women,Footwear,Shoes,Flats,Green,Winter,2012.0,Casual,Rocia Women Multi- Coloured Shoes
34593,Women,Apparel,Topwear,Tops,Pink,Summer,2012.0,Casual,Tonga Women Pink Printed Top
14698,Men,Apparel,Bottomwear,Trousers,Beige,Fall,2011.0,Casual,Basics Men Beige Trousers
14063,Men,Apparel,Topwear,Tshirts,Blue,Fall,2011.0,Casual,Flying Machine Men Solid Blue Polo Tshirts
7491,Women,Apparel,Bottomwear,Shorts,Pink,Summer,2011.0,Sports,"Nike Women's EM Tempo 3.5"" Pink Short"
10660,Women,Apparel,Bottomwear,Shorts,Blue,Fall,2011.0,Casual,Doodle Girl Hot shorts ice wash Blue Shorts
8586,Men,Apparel,Topwear,Shirts,Red,Fall,2011.0,Casual,Scullers Men Red Shirt
40977,Boys,Apparel,Topwear,Tshirts,Green,Summer,2012.0,Casual,Gini and Jony Boys Core Green T-shirt
13563,Women,Footwear,Shoes,Casual Shoes,Black,Fall,2011.0,Casual,Nike Black Flyclave Casual Shoe
45384,Women,Footwear,Shoes,Flats,White,Winter,2012.0,Casual,Rocia Women White & Silver Sandals
31978,Men,Footwear,Shoes,Sports Shoes,Grey,Summer,2012.0,Sports,Nike Men Lunarswift +3 Grey Sports Shoes
20175,Men,Apparel,Topwear,Shirts,Khaki,Fall,2011.0,Casual,Wrangler Men Vintage Khaki Shirt
32379,Women,Apparel,Dress,Dresses,Off White,Summer,2012.0,Casual,Arrow Woman Printed Multi Coloured Dress
47631,Women,Footwear,Shoes,Flats,Pink,Winter,2012.0,Casual,Carlton London Women Pink Shoes
7533,Men,Apparel,Bottomwear,Shorts,Black,Summer,2011.0,Sports,Nike Men's As T90 Black Short
13243,Men,Apparel,Bottomwear,Shorts,Beige,Fall,2011.0,Casual,Palm Tree Kids Boys Solid Beige Shorts
4897,Women,Apparel,Topwear,Tops,Yellow,Summer,2011.0,Casual,Levis Kids Girl's Diane Yellow Kidswear
12951,Men,Apparel,Topwear,Shirts,Blue,Fall,2011.0,Casual,Basics Men Blue Slim Fit Checked Shirt
18198,Men,Apparel,Bottomwear,Trousers,Blue,Fall,2011.0,Casual,Highlander Men Solid Blue Trouser
20357,Men,Apparel,Bottomwear,Jeans,Blue,Fall,2011.0,Casual,Spykar Men Washed Blue Jeans
20232,Women,Apparel,Topwear,Sweaters,Blue,Fall,2011.0,Casual,Wrangler Women Felt Blue Sweater
15408,Men,Footwear,Shoes,Sports Shoes,Black,Fall,2011.0,Sports,FILA Men Coloda Black Sports Shoes
47601,Women,Footwear,Shoes,Flats,Brown,Winter,2012.0,Casual,Portia Women White Flats
15377,Men,Footwear,Shoes,Casual Shoes,Navy Blue,Summer,2012.0,Casual,Fila Men Lobato Navy Blue Casual Shoes
55783,Men,Footwear,Shoes,Casual Shoes,Brown,Fall,2013.0,Casual,Converse Men Brown Casual Shoes
16071,Men,Apparel,Bottomwear,Trousers,Beige,Fall,2011.0,Casual,Highlander Men Solid Beige Trouser
59760,Women,Footwear,Shoes,Heels,White,Winter,2012.0,Casual,Rocia Women White Flats
39599,Women,Footwear,Shoes,Heels,White,Winter,2015.0,Casual,Catwalk Women White Wedges
48499,Women,Apparel,Bottomwear,Jeans,Grey,Winter,2011.0,Casual,French Connection Women Black Jeans
41355,Men,Apparel,Bottomwear,Jeans,,Fall,2016.0,Casual,Wrangler Men Blue Millard Jeans
32848,Women,Footwear,Shoes,Flats,Pink,Winter,2012.0,Casual,Grendha Women Romance Pink Flats
13421,Men,Apparel,Topwear,Tshirts,Black,Summer,2011.0,Casual,United Colors of Benetton Men Stripes Black Polo T-shirts
24993,Girls,Apparel,Bottomwear,Shorts,Navy Blue,Summer,2012.0,Casual,United Colors of Benetton Kids Girls Navy Blue Shorts
50963,Women,Apparel,Bottomwear,Jeans,Blue,Summer,2013.0,Casual,Lee Womens Blue Jeggings
27882,Women,Apparel,Topwear,Shirts,Olive,Summer,2012.0,Casual,Scullers For Her Olive Shirt
5541,Men,Footwear,Shoes,Sports Shoes,Grey,Summer,2011.0,Sports,Nike Mens Jordan Ptp'er White & Grey Shoes
40946,Girls,Apparel,Topwear,Tops,Navy Blue,Summer,2012.0,Casual,Gini and Jony Girls Nautical Blues Navy Blue Top
39496,Men,Apparel,Topwear,Jackets,Black,Summer,2012.0,Casual,Wildcraft Men Black Jacket
36481,Men,Footwear,Shoes,Casual Shoes,Black,Summer,2012.0,Casual,Spinn Men Black Elevate Shoes
9348,Men,Apparel,Bottomwear,Shorts,Navy Blue,Fall,2011.0,Casual,Puma Men Bermudas Navy Blue Shorts
22841,Men,Footwear,Shoes,Casual Shoes,Brown,Summer,2012.0,Casual,Woodland Men Brown Shoes
18720,Women,Apparel,Topwear,Tops,Cream,Fall,2011.0,Casual,Arrow Women Zebra Cream Top
15542,Women,Footwear,Shoes,Heels,Multi,Winter,2015.0,Casual,Catwalk Women Casual Multi Flats
23962,Men,Apparel,Topwear,Jackets,Grey,Fall,2011.0,Casual,Provogue Men Grey Sleeveless Jacket
33861,Women,Footwear,Shoes,Flats,White,Summer,2012.0,Casual,Puma Women Cross White Sandals
3167,Women,Footwear,Shoes,Sports Shoes,White,Summer,2011.0,Sports,Nike Women Main Draw White Blue Shoe
22370,Men,Apparel,Bottomwear,Trousers,Olive,Fall,2011.0,Casual,Highlander Men Solid Olive Trouser
18731,Women,Apparel,Topwear,Sweaters,Navy Blue,Fall,2011.0,Casual,Arrow Woman Georgina 2 Navy Blue Sweater
39226,Women,Apparel,Dress,Dresses,Black,Summer,2012.0,Casual,Femella Women Black Tiered Dress
59966,Women,Apparel,Dress,Dresses,Black,Fall,2012.0,Party,Avirate Black Polka Dot Dress
5109,Women,Apparel,Topwear,Tops,Black,Summer,2011.0,Casual,Wrangler Women Long Polka White Red Top
15189,Men,Apparel,Topwear,Tshirts,Green,Fall,2011.0,Casual,Arrow Sport Men Solid Green Polo Tshirts
34585,Women,Apparel,Dress,Dresses,Green,Summer,2012.0,Casual,Tonga Women Green Dress
12338,Women,Apparel,Bottomwear,Jeans,Blue,Fall,2011.0,Casual,Spykar Women Ep Jeans Blue Jeans
52520,Men,Apparel,Bottomwear,Shorts,Cream,Summer,2012.0,Casual,Pepe Jeans Men Cream Cargo Shorts
57067,Women,Apparel,Topwear,Jackets,Green,Summer,2012.0,Casual,Elle Women Green Retro Jacket
5831,Men,Apparel,Topwear,Tshirts,Black,Summer,2011.0,Sports,Puma Men's Cbn Logo Black T-Shirt
39384,Men,Apparel,Bottomwear,Jeans,Blue,Summer,2012.0,Casual,Peter England Men Blue Jeans
18891,Women,Apparel,Topwear,Shirts,Black,Fall,2011.0,Formal,Arrow Woman Tyra Black & White Striped Shirt
2102,Men,Apparel,Topwear,Shirts,White,Winter,2010.0,Casual,Lee Men Checks Parker Blue Shirt
57140,Women,Apparel,Bottomwear,Trousers,Brown,Summer,2012.0,Casual,Elle Women Brown Trousers
22109,Men,Footwear,Shoes,Sports Shoes,White,Fall,2011.0,Sports,Reebok Men White Acciomax II Sports Shoes
11263,Men,Apparel,Bottomwear,Trousers,Beige,Fall,2011.0,Casual,Indigo Nation Men PV Plan Beige Trousers
5890,Men,Apparel,Topwear,Tshirts,Green,Summer,2011.0,Casual,Puma Men's Graphics Story Green T-shirt
9521,Men,Apparel,Topwear,Shirts,Blue,Fall,2011.0,Formal,John Miller Men Blue Striped Shirt
5007,Women,Apparel,Dress,Dresses,Purple,Summer,2011.0,Casual,Gini and Jony Girl's Sandra Purple Kidswear
9323,Men,Footwear,Shoes,Sports Shoes,White,Summer,2011.0,Sports,FILA Men Ventaggio White Sports Shoes
20128,Women,Apparel,Topwear,Shirts,Blue,Fall,2011.0,Casual,Wrangler Women Checkerd Blue Shirt
38838,Women,Apparel,Dress,Dresses,Pink,Fall,2012.0,Casual,Latin Quarters Women Pink & Black Printed Dress
13948,Women,Apparel,Bottomwear,Jeans,Blue,Fall,2011.0,Casual,United Colors of Benetton Women Washed Blue Jeans
59028,Women,Footwear,Shoes,Heels,Pink,Winter,2012.0,Casual,Carlton London Women Plum Heels
48099,Women,Apparel,Bottomwear,Trousers,Brown,Summer,2012.0,Casual,French Connection Women Light Brown Trousers
15971,Men,Apparel,Topwear,Shirts,Green,Fall,2011.0,Casual,Turtle Check Men Green Shirt
38842,Women,Apparel,Dress,Dresses,Purple,Fall,2012.0,Casual,Latin Quarters Women Purple Dress
6071,Women,Apparel,Topwear,Tshirts,Pink,Summer,2011.0,Casual,UCB Women's Epaulettes Pink T-shirt
27902,Women,Apparel,Bottomwear,Trousers,Black,Summer,2012.0,Casual,Scullers For Her Women Black Trousers
13828,Men,Apparel,Topwear,Sweaters,Navy Blue,Fall,2011.0,Casual,Indigo Nation Men Solid Navy Blue Sweaters
13678,Women,Footwear,Shoes,Sports Shoes,Silver,Fall,2011.0,Sports,ADIDAS Women Blazer Sports Shoes
26837,Men,Apparel,Bottomwear,Trousers,Khaki,Summer,2012.0,Casual,Highlander Men Khaki Trousers
46584,Women,Footwear,Shoes,Heels,White,Summer,2012.0,Casual,Catwalk Women White Sandals
54519,Men,Footwear,Shoes,Casual Shoes,Navy Blue,Fall,2012.0,Casual,F Sports Men Navy Blue Vito Shoes
11878,Men,Footwear,Shoes,Formal Shoes,Black,Summer,2012.0,Formal,Franco Leone Men Formal Black Formal Shoes
40408,Women,Apparel,Topwear,Tops,Brown,Summer,2012.0,Casual,Tonga Women Brown & Beige Top
11244,Women,Apparel,Bottomwear,Jeans,Blue,Fall,2011.0,Casual,Flying Machine Women Lowrise Blue Jeans
44917,Men,Apparel,Bottomwear,Track Pants,Blue,Summer,2012.0,Casual,Puma Men Blue Track Pants
32847,Women,Footwear,Shoes,Heels,Beige,Winter,2012.0,Casual,Grendha Women Romance Beige Flats
31119,Girls,Apparel,Topwear,Tops,Purple,Summer,2012.0,Casual,Gini and Jony Girls Purple Top
46615,Women,Footwear,Shoes,Heels,Red,Winter,2012.0,Casual,Catwalk Women Red Flats
57304,Women,Footwear,Shoes,Heels,Brown,Winter,2012.0,Casual,Rocia Women Brown Wedges
34430,Women,Apparel,Topwear,Tshirts,Blue,Summer,2012.0,Casual,Myntra Women Face Blue T-shirt
17654,Women,Footwear,Shoes,Heels,Beige,Winter,2015.0,Casual,Catwalk Women Classic Beige Flats
42694,Women,Footwear,Shoes,Flats,Brown,Spring,2013.0,Casual,Rocia Women Brown Sandals
52548,Men,Apparel,Bottomwear,Jeans,Blue,Summer,2012.0,Casual,Pepe Jeans Men Blue Jeans
27879,Women,Apparel,Topwear,Tops,Blue,Summer,2012.0,Casual,Scullers For Her Women Blue Top
57082,Women,Apparel,Bottomwear,Skirts,Blue,Summer,2012.0,Casual,Elle Women Blue Skirt
6875,Women,Apparel,Dress,Dresses,Black,Summer,2011.0,Casual,Forever New Women's Gold Sleeveless Black Dress
34061,Girls,Apparel,Dress,Dresses,Magenta,Summer,2012.0,Casual,Gini and Jony Girls Printed White & Pink Dress
14470,Women,Footwear,Shoes,Heels,Tan,Summer,2012.0,Casual,Enroute Women Casual Tan Flats
26824,Men,Apparel,Bottomwear,Trousers,Brown,Summer,2012.0,Casual,Highlander Men Brown Trousers
20666,Men,Apparel,Topwear,Tshirts,Grey,Fall,2011.0,Casual,Classic Polo Men Striped Grey Tshirt
5865,Men,Apparel,Topwear,Tshirts,Black,Summer,2011.0,Casual,ADIDAS Men's Twelve Faster T-shirt
17945,Men,Apparel,Bottomwear,Track Pants,Black,Fall,2011.0,Sports,Puma Men No. 1 logo Black Track Pant
7202,Women,Apparel,Topwear,Tops,Blue,Fall,2011.0,Casual,Jealous 21 Women Band With Blue Top
7964,Men,Apparel,Topwear,Tshirts,Black,Fall,2011.0,Sports,Puma Men's Large Logo Graphic Black T-shirt
39222,Women,Apparel,Topwear,Tops,Black,Summer,2012.0,Casual,Femella Women Front Ruffle Black Top
15021,Men,Apparel,Topwear,Jackets,Black,Fall,2011.0,Sports,ADIDAS Men Solid Black Jackets
7156,Men,Apparel,Topwear,Shirts,Black,Fall,2011.0,Casual,Scullers Men Black Check Shirt
8494,Women,Apparel,Bottomwear,Skirts,Beige,Fall,2011.0,Casual,Forever New Women Clay Pleated Beige Skirts
5327,Men,Footwear,Shoes,Casual Shoes,Navy Blue,Summer,2011.0,Casual,Fila Men's Mountainaire Navy Shoe
30615,Men,Apparel,Topwear,Jackets,Black,Summer,2012.0,Sports,Nike Men Black Jacket
11303,Women,Apparel,Bottomwear,Jeans,Blue,Fall,2011.0,Casual,Wrangler Women Blue Sophia Jeans
55651,Women,Footwear,Shoes,Heels,Blue,Winter,2015.0,Casual,Catwalk Women Blue Flats
7243,Men,Footwear,Shoes,Formal Shoes,Brown,Fall,2011.0,Formal,Rockport Men's Alfrew Brown Shoe
4578,Men,Footwear,Shoes,Sports Shoes,Red,Summer,2011.0,Sports,Nike Men's Mercurial Gli Red Pink Shoe
45612,Men,Footwear,Shoes,Formal Shoes,Brown,Summer,2012.0,Formal,Arrow Men Brown Shoes
21121,Men,Apparel,Topwear,Shirts,Navy Blue,Fall,2011.0,Casual,s.Oliver Men Check Navy Blue Shirt
4487,Men,Footwear,Shoes,Sports Shoes,Black,Summer,2011.0,Sports,Lotto Men's Play Off Black Blue Shoe
22229,Men,Footwear,Shoes,Formal Shoes,Black,Winter,2015.0,Formal,Hush Puppies Men City Bounce Black Formal shoes
20008,Men,Apparel,Topwear,Tshirts,Orange,Fall,2011.0,Casual,United Colors of Benetton Men Printed Orange TShirt
13780,Men,Apparel,Bottomwear,Trousers,Cream,Fall,2011.0,Formal,Belmonte Men Solid Cream Trousers
47555,Women,Footwear,Shoes,Heels,White,Winter,2012.0,Casual,Portia Women White Heels
47625,Women,Footwear,Shoes,Heels,White,Winter,2012.0,Casual,Portia Women White Flats
58502,Women,Apparel,Dress,Dresses,Beige,Fall,2012.0,Casual,Tonga Brown Animal Print Dress
39902,Women,Footwear,Shoes,Flats,Sea Green,Summer,2012.0,Casual,ADIDAS Women Sea Green Sandals
50748,Men,Footwear,Shoes,Casual Shoes,Brown,Winter,2018.0,Casual,Red Chief Men Brown Shoes
2894,Women,Footwear,Shoes,Heels,Multi,Winter,2015.0,Casual,Catwalk Women Ethnic Flat Multi Color Flats
58720,Men,Apparel,Topwear,Tshirts,White,Summer,2012.0,Casual,Puma Men White T-shirt
16381,Men,Apparel,Bottomwear,Trousers,Navy Blue,Fall,2011.0,Formal,Peter England Men Stripes Navy Blue Trouser
54974,Women,Apparel,Dress,Dresses,Black,Fall,2012.0,Casual,Femella Women Black Dress
15172,Men,Apparel,Topwear,Tshirts,Brown,Fall,2011.0,Casual,Arrow Sport Men Striped Brown T-shirt
51508,Women,Apparel,Bottomwear,Jeans,Navy Blue,Summer,2012.0,Casual,Denizen Women Navy Blue Jeans
44816,Women,Apparel,Bottomwear,Jeans,Blue,Summer,2012.0,Casual,Spykar Women Blue Jeans
16000,Men,Apparel,Topwear,Sweaters,Black,Fall,2011.0,Casual,Turtle Stripes Men Black Sweaters
31574,Men,Apparel,Topwear,Tshirts,Beige,Summer,2012.0,Casual,Mark Taylor Men Printed Beige T-shirt
3135,Women,Footwear,Shoes,Heels,Gold,Winter,2015.0,Casual,Catwalk Women Heeded Golden Strap Black Heels
30918,Women,Apparel,Bottomwear,Trousers,Beige,Summer,2012.0,Ethnic,Fabindia Women Beige Harem Pants
54542,Men,Footwear,Shoes,Sports Shoes,White,Fall,2012.0,Sports,F Sports Men White Hurricane Sports Shoes
33300,Men,Apparel,Bottomwear,Trousers,White,Summer,2012.0,Casual,Arrow Sport Men White Trousers
43878,Men,Footwear,Shoes,Casual Shoes,Brown,Summer,2012.0,Casual,Puma Men Brown Terrae Mid Africa Shoes
32431,Men,Apparel,Bottomwear,Shorts,Black,Summer,2012.0,Sports,ADIDAS Men Black Shorts
43652,Women,Apparel,Dress,Dresses,Pink,Summer,2012.0,Casual,ONLY Women Pink Dress
10437,Men,Apparel,Topwear,Shirts,Green,Fall,2011.0,Casual,Flying Machine Men HS Green Shirts
40692,Men,Footwear,Shoes,Casual Shoes,Navy Blue,Summer,2012.0,Casual,Numero Uno Men Navy Blue Shoes
5864,Unisex,Footwear,Shoes,Casual Shoes,Navy Blue,Winter,2011.0,Casual,Converse Chuck Taylor All Star Unisex Navy Blue & Red Shoe
10001,Women,Apparel,Bottomwear,Skirts,Blue,Summer,2011.0,Casual,Palm Tree Kids Girls Sp Jema Skt Blue Skirts
22584,Men,Apparel,Bottomwear,Shorts,Grey,Summer,2011.0,Sports,Nike Men Solid Grey Shorts
9852,Men,Apparel,Bottomwear,Trousers,Beige,Fall,2011.0,Formal,Indian Terrain Men Jason Beige Trousers
13302,Men,Apparel,Bottomwear,Shorts,Beige,Fall,2011.0,Casual,Gini and Jony Kids Boys Solid Beige Shorts
29696,Men,Apparel,Topwear,Shirts,Purple,Summer,2012.0,Formal,John Miller Men Striped Purple Shirt
28653,Men,Footwear,Shoes,Sports Shoes,Black,Summer,2012.0,Sports,Nike Men Air Max Quarter Black Sports Shoes
33699,Men,Footwear,Shoes,Formal Shoes,Brown,Winter,2012.0,Formal,Cobblerz Men Brown Formal Shoes
55784,Men,Footwear,Shoes,Casual Shoes,Black,Spring,2014.0,Casual,Converse Men Black Casual Shoes
9715,Men,Footwear,Shoes,Formal Shoes,Black,Fall,2011.0,Formal,Scholl Men Massagio Black Formal Shoes
20275,Women,Footwear,Shoes,Heels,Multi,Winter,2015.0,Casual,Catwalk Women Casual Multi Flats
11110,Men,Apparel,Topwear,Shirts,White,Fall,2011.0,Formal,Indigo Nation Men Check White Shirts
32831,Women,Footwear,Shoes,Heels,White,Winter,2012.0,Casual,iPanema Women Kirey White Flats
13196,Men,Footwear,Shoes,Casual Shoes,Black,Fall,2011.0,Casual,Puma Men Basket Clean Black Casual Shoes
50740,Men,Footwear,Shoes,Formal Shoes,Black,Winter,2018.0,Formal,Red Chief Men Black Formal Shoes
47446,Women,Footwear,Shoes,Flats,Black,Summer,2012.0,Casual,Tiptopp Women Black Sandals
9453,Men,Apparel,Topwear,Shirts,Blue,Fall,2011.0,Formal,John Miller Men White checks Blue Shirts
15348,Men,Apparel,Topwear,Tshirts,Black,Fall,2011.0,Casual,Nike Men Special Edition 3 Star Polo Black Tshirts
4885,Women,Apparel,Topwear,Tops,Purple,Summer,2011.0,Casual,Levis Kids Girl's Darcy Purple Kidswear
13110,Men,Apparel,Bottomwear,Shorts,Navy Blue,Fall,2011.0,Sports,ADIDAS Men Rsp Ds 7in Navy Blue Shorts
15860,Unisex,Footwear,Shoes,Casual Shoes,Navy Blue,Spring,2013.0,Casual,Warner Bros Kids Unisex SD Fire Canvas Navy Blue Casual Shoes
22703,Men,Footwear,Shoes,Casual Shoes,Grey,Fall,2011.0,Casual,Nike Men Capri II Mid Grey Casual Shoes
34453,Women,Footwear,Shoes,Flats,Black,Winter,2014.0,Casual,Rocia Women Black & Brown Sandals
29262,Men,Footwear,Shoes,Sports Shoes,White,Summer,2012.0,Sports,ADIDAS Men Ambition VII Logo White Sports Shoes
10187,Men,Apparel,Topwear,Shirts,Black,Fall,2011.0,Casual,Indigo Nation Men Hot Stepper Black Blue Shirts
14490,Men,Footwear,Shoes,Casual Shoes,Grey,Fall,2011.0,Casual,Flying Machine Men Casual Grey Casual Shoes
57051,Women,Apparel,Dress,Dresses,Multi,Summer,2012.0,Casual,Elle Women Multi Coloured Dress
13522,Women,Apparel,Topwear,Tops,Green,Fall,2011.0,Casual,Jealous 21 Women Solid Green Tops
20836,Men,Footwear,Shoes,Formal Shoes,Brown,Fall,2011.0,Formal,Hush Puppies Men Formal Brown Shoes
19637,Women,Apparel,Topwear,Tops,Grey,Summer,2011.0,Casual,United Colors of Benetton Women Solid Grey Top
40043,Men,Apparel,Bottomwear,Track Pants,Black,Summer,2012.0,Casual,ADIDAS Men Black Track Pants
5392,Unisex,Footwear,Shoes,Sports Shoes,White,,2011.0,Sports,Kalenji Crossport 100 Whi/champ
4833,Men,Apparel,Bottomwear,Track Pants,Navy Blue,Spring,2013.0,Sports,ADIDAS Men's Navy Blue White Track Pant
19024,Women,Footwear,Shoes,Flats,Pink,Winter,2015.0,Casual,Catwalk Women Fashion Cut-Out Pink Flats
46905,Men,Apparel,Bottomwear,Jeans,Navy Blue,Summer,2012.0,Casual,Peter England Men Navy Blue Jeans
49435,Men,Footwear,Shoes,Casual Shoes,Blue,Fall,2012.0,Casual,Vans Men Blue Shoes
13072,Men,Footwear,Shoes,Casual Shoes,Black,Fall,2011.0,Casual,Numero Uno Men Black Casual Shoes
44693,Women,Apparel,Topwear,Tops,White,Summer,2012.0,Casual,Wills Lifestyle Women White & Blue Top
56966,Women,Footwear,Shoes,Heels,Black,Winter,2012.0,Casual,HM Women Black Flats
9946,Men,Apparel,Topwear,Sweaters,Black,Fall,2011.0,Sports,ADIDAS Men Frnt Str Black Sweaters
41349,Men,Apparel,Bottomwear,Jeans,Blue,Spring,2013.0,Casual,Wrangler Men Blue Skanders Jeans
30947,Women,Apparel,Topwear,Tops,Green,Summer,2012.0,Ethnic,Fabindia Women Green Cambric  Top
27922,Women,Apparel,Bottomwear,Trousers,Olive,Summer,2012.0,Casual,Scullers Women Olive Trousers
54520,Men,Footwear,Shoes,Casual Shoes,White,Fall,2012.0,Casual,F Sports Men White Vito Shoes
43944,Women,Footwear,Shoes,Heels,Gold,Winter,2012.0,Casual,Catwalk Women Golden Heels
10464,Men,Apparel,Topwear,Tshirts,Pink,Fall,2011.0,Casual,Flying Machine Men Mauvemist Pink Tshirts
28463,Women,Apparel,Bottomwear,Shorts,Black,Summer,2012.0,Sports,Urban Yoga Women Black Shorts
32277,Men,Footwear,Shoes,Sports Shoes,Black,Summer,2012.0,Sports,ADIDAS Men Sprint Speed Black Sports Shoes
34586,Women,Apparel,Dress,Dresses,Black,Summer,2012.0,Casual,Tonga Women Printed Black Dress
7542,Men,Apparel,Bottomwear,Shorts,White,Summer,2011.0,Sports,Nike Men's AS T90 3/4 WO White Shorts
28540,Men,Apparel,Topwear,Jackets,Red,Summer,2012.0,Sports,Nike Men Hurricane Vapor Red Jacket
11097,Women,Apparel,Topwear,Tops,Black,Fall,2011.0,Casual,Scullers Women Solid Black Tops
12247,Men,Apparel,Topwear,Shirts,Navy Blue,Fall,2011.0,Formal,Genesis Men Stripes Navy Blue Shirts
23149,Men,Apparel,Topwear,Jackets,Black,Fall,2011.0,Casual,Quechua Men Warm Fleece Black Jacket
26793,Men,Apparel,Topwear,Shirts,Lavender,Summer,2013.0,Formal,Arrow Men Lavender Shirt
52115,Women,Apparel,Topwear,Tops,Blue,Summer,2012.0,Casual,Myntra Women Blue and Yellow Printed Top
56969,Women,Footwear,Shoes,Heels,Black,Winter,2012.0,Casual,HM Women Brown Flats
7791,Men,Apparel,Topwear,Tshirts,Green,Fall,2011.0,Casual,Proline Men's Polo Solid Olive T-shirt
57531,Men,Footwear,Shoes,Casual Shoes,Mushroom Brown,Fall,2012.0,Casual,Provogue Men Mushroom Brown Casual Shoes
47648,Men,Footwear,Shoes,Formal Shoes,Brown,Winter,2012.0,Formal,Carlton London Men Brown Formal Shoes
57050,Women,Apparel,Dress,Dresses,White,Summer,2012.0,Casual,Elle Color Clash Purple Dress
12512,Men,Footwear,Shoes,Formal Shoes,Black,Winter,2018.0,Formal,Red Tape Men Formal Black Formal Shoes
38290,Girls,Apparel,Topwear,Tops,Turquoise Blue,Summer,2012.0,Casual,Kids Ville Girls Turquoise Blue Top
6014,Men,Apparel,Topwear,Shirts,Black,Summer,2011.0,Casual,Highlander Men Black & White Checked Slim Fit Shirt
20121,Women,Apparel,Topwear,Tops,Blue,Fall,2011.0,Casual,Wrangler Women Lace Blue Top
50741,Men,Footwear,Shoes,Casual Shoes,Black,Winter,2018.0,Casual,Red Chief Men Black Shoes
45420,Women,Footwear,Shoes,Flats,Bronze,Winter,2012.0,Casual,Rocia Women Bronze & Brown Sandals
28314,Men,Footwear,Shoes,Formal Shoes,Brown,Winter,2018.0,Formal,Red Tape Men Brown Shoes
22604,Men,Apparel,Bottomwear,Shorts,Black,Summer,2012.0,Sports,Nike Men Black Shorts
14937,Men,Apparel,Bottomwear,Shorts,Olive,Fall,2011.0,Casual,Status Quo Men Solid Olive Shorts
35058,Men,Footwear,Shoes,Formal Shoes,Brown,Summer,2012.0,Formal,Windsor Men Brown Formal Shoes
13049,Men,Apparel,Topwear,Sweaters,Black,Fall,2011.0,Casual,Spykar Men Stripes Black Sweaters
1619,Men,Apparel,Bottomwear,Shorts,Grey,Fall,2010.0,Sports,Reebok Men Micro Shorts Grey and White
37237,Women,Footwear,Shoes,Flats,White,Summer,2012.0,Casual,United Colors of Benetton Women White Sandals
13131,Men,Footwear,Shoes,Formal Shoes,Brown,Fall,2012.0,Formal,Provogue Men Brown Formal Shoes
5388,Men,Footwear,Shoes,Sports Shoes,Blue,Summer,2011.0,Sports,Kalenji Kapteren Tr Grey Blue 2010
7219,Men,Footwear,Shoes,Formal Shoes,Black,Fall,2011.0,Formal,Rockport Men's Mubleno Black Shoe
10277,Men,Footwear,Shoes,Formal Shoes,Black,Spring,2012.0,Smart Casual,Clarks Men Black Leather Semiformal Shoes
21382,Men,Apparel,Bottomwear,Shorts,White,Fall,2011.0,Casual,Manchester United Men Solid White Shorts
51360,Women,Apparel,Bottomwear,Jeans,Blue,Summer,2012.0,Casual,Spykar Women Blue Jeans
12358,Men,Apparel,Topwear,Shirts,Cream,Fall,2011.0,Formal,Reid & Taylor Men Solid Cream Shirts
13751,Men,Apparel,Topwear,Shirts,Blue,Fall,2011.0,Formal,Belmonte Men Stripes Blue Shirts
7603,Men,Footwear,Shoes,Sports Shoes,Navy Blue,Summer,2012.0,Sports,Nike Men Air Monarch IV Navy Shoe
5540,Men,Footwear,Shoes,Sports Shoes,Black,Summer,2011.0,Sports,Nike Men's Lunar Fly Black Blue Shoe
41730,Women,Footwear,Shoes,Heels,White,Winter,2012.0,Casual,Catwalk Women White Heels
43303,Women,Apparel,Dress,Dresses,Black,Summer,2012.0,Casual,United Colors of Benetton Women Black Dress
46351,Men,Apparel,Topwear,Shirts,White,Summer,2012.0,Casual,Locomotive Men White Shirt
38944,Girls,Apparel,Topwear,Tops,White,Summer,2012.0,Casual,Gini and Jony Girls Printed White Top
27940,Women,Apparel,Bottomwear,Jeans,Turquoise Blue,Summer,2012.0,Casual,Jealous 21 Women Turquoise Blue Magic Colour Jeans
43359,Men,Footwear,Shoes,Sports Shoes,Grey,Summer,2012.0,Sports,Reebok Men Grey Ultimate Vibe Sports Shoes
13306,Boys,Apparel,Bottomwear,Trousers,Black,Fall,2011.0,Casual,Gini and Jony Kids Solid Black Trousers
7235,Men,Footwear,Shoes,Formal Shoes,Brown,Fall,2011.0,Formal,Rockport Men's Ragosta Brown Shoe
6499,Men,Footwear,Shoes,Formal Shoes,Black,Winter,2018.0,Formal,Red Tape Men's Leather Black Formal Shoe
22599,Women,Apparel,Topwear,Tshirts,Yellow,Fall,2011.0,Sports,Nike Women Yellow T-shirt
27232,Women,Apparel,Bottomwear,Shorts,Pink,Summer,2012.0,Casual,Doodle Kids Girl Check Pink Shorts
20313,Men,Apparel,Topwear,Shirts,White,Summer,2011.0,Casual,Locomotive Men Check White Shirt
56991,Women,Footwear,Shoes,Flats,Black,Winter,2012.0,Casual,HM Women Black Sandals
4069,Men,Footwear,Shoes,Casual Shoes,Brown,Summer,2011.0,Casual,Crocs Men's Tideline Canvas Chocolate Shoe
45866,Men,Footwear,Shoes,Casual Shoes,Black,Summer,2012.0,Casual,Numero Uno Men Black Shoes
16798,Men,Apparel,Bottomwear,Trousers,Black,Fall,2011.0,Casual,Highlander Men Solid Black Trouser
14052,Men,Apparel,Topwear,Shirts,White,Fall,2011.0,Casual,Flying Machine Men Solid White Shirts
34851,Men,Footwear,Shoes,Casual Shoes,Charcoal,Summer,2012.0,Casual,Vans Men Bedford Charcoal Shoes
16171,Men,Footwear,Shoes,Formal Shoes,Black,Fall,2011.0,Formal,Enroute Men Leather Black Formal Shoes
43883,Women,Footwear,Shoes,Flats,Black,Summer,2010.0,Casual,Puma Women Black Flats
31461,Men,Apparel,Bottomwear,Shorts,White,Summer,2012.0,Sports,Nike Men Tennis White Shorts
46359,Men,Apparel,Topwear,Shirts,Blue,Summer,2012.0,Casual,Locomotive Men Blue Check Shirt
2584,Unisex,Apparel,Bottomwear,Track Pants,Black,Fall,2010.0,Sports,Kalenji Unisex Tight Black Track Pant
9076,Women,Apparel,Bottomwear,Track Pants,Blue,Fall,2011.0,Sports,ADIDAS Women Wo Basic Yo Pant Blue Trackpant
56973,Women,Footwear,Shoes,Heels,Black,Winter,2012.0,Casual,HM Women Black Heels
54127,Women,Footwear,Shoes,Heels,Black,Winter,2012.0,Casual,Rocia Women Black Heels
8453,Women,Apparel,Topwear,Tops,Black,Fall,2011.0,Casual,Jealous 21 Women Jealous Randa Black Top Black Tops
1637,Men,Footwear,Shoes,Sports Shoes,White,Fall,2010.0,Sports,Nike Men White Cricket Shoes
35424,Men,Footwear,Shoes,Sports Shoes,White,Summer,2012.0,Sports,ADIDAS Men Dunkfest White Sports Shoes
6880,Women,Apparel,Topwear,Jackets,Black,Summer,2011.0,Casual,Forever New Women Long Black Jacket
18609,Men,Apparel,Topwear,Tshirts,Red,Fall,2010.0,Casual,Puma Men Polo Red Tshirt
15323,Men,Apparel,Topwear,Jackets,Grey,Fall,2011.0,Casual,Nike Men Solid Grey Jacket
57283,Men,Apparel,Topwear,Shirts,Burgundy,Summer,2012.0,Casual,French Connection Men Burgundy Shirt
4785,Men,Apparel,Bottomwear,Shorts,Grey,Summer,2011.0,Sports,ADIDAS Men's Ess 3s Chelse Grey Black Short
3906,Women,Apparel,Bottomwear,Track Pants,Black,Summer,2011.0,Casual,Urban Yoga Women's Fitted Yoga Black Track Pant
4489,Men,Footwear,Shoes,Sports Shoes,White,Summer,2011.0,Sports,Lotto Men's Vienna White Blue Shoe
45797,Women,Footwear,Shoes,Heels,Gold,Summer,2012.0,Casual,Senorita Women Gold Flats
15511,Women,Footwear,Shoes,Heels,Pink,Fall,2011.0,Casual,Rockport Women Jeanie Thong Chain Pink Flats
13191,Men,Footwear,Shoes,Casual Shoes,Green,Fall,2011.0,Casual,Puma Men Eco ortholite Green Casual Shoes
27915,Women,Apparel,Bottomwear,Trousers,Black,Summer,2012.0,Formal,Scullers For Her Women Striped Black Trousers
32251,Women,Apparel,Bottomwear,Skirts,Purple,Summer,2012.0,Ethnic,Fabindia Women Purple Skirt
26646,Men,Footwear,Shoes,Casual Shoes,Black,Summer,2012.0,Casual,Puma Men Driving Power Black Shoes
23252,Men,Footwear,Shoes,Formal Shoes,Tan,Fall,2011.0,Formal,Arrow Men Formal Tan Shoe
23246,Men,Footwear,Shoes,Formal Shoes,Black,Fall,2011.0,Formal,Arrow Men Formal Black Shoe
33513,Women,Footwear,Shoes,Heels,Black,Summer,2016.0,Casual,Cobblerz Women Black Peep Toes
22137,Men,Footwear,Shoes,Formal Shoes,Brown,Fall,2012.0,Formal,Provogue Men Brown Formal Shoes
15520,Men,Footwear,Shoes,Casual Shoes,Black,Fall,2011.0,Casual,Rockport Men CV Wing Black Casual Shoes
17580,Men,Apparel,Bottomwear,Trousers,Navy Blue,Fall,2011.0,Casual,Mark Taylor Men Solid Navy Blue Trouser
56885,Women,Footwear,Shoes,Heels,Red,Winter,2012.0,Casual,HM Women Red Heels
21588,Men,Apparel,Topwear,Tshirts,Grey,Summer,2011.0,Casual,Inesis Men Solid Grey Tshirt
24073,Women,Footwear,Shoes,Flats,Black,Winter,2015.0,Casual,Catwalk Women Black Shoes
3643,Men,Footwear,Shoes,Casual Shoes,Navy Blue,Summer,2011.0,Casual,Fila Men's Maverick Low Navy Green Canvas Shoe
10866,Men,Apparel,Topwear,Tshirts,Red,Fall,2011.0,Casual,Wrangler Men Motor Rider Red T-Shirts
19685,Women,Apparel,Topwear,Tops,Grey,Fall,2011.0,Casual,United Colors of Benetton Women Printed Grey Top
35410,Men,Footwear,Shoes,Formal Shoes,Brown,Summer,2013.0,Formal,Enroute Men Brown Formal Shoes
3168,Men,Footwear,Shoes,Sports Shoes,White,Fall,2010.0,Sports,Nike Men's Incinerate MSL White Blue Shoe
16160,Men,Footwear,Shoes,Formal Shoes,Black,Fall,2011.0,Formal,Enroute Men Leather Black Formal Shoes
22132,Men,Footwear,Shoes,Formal Shoes,Black,Fall,2011.0,Formal,Provogue Men Black Formal Shoes
9179,Men,Apparel,Bottomwear,Jeans,Blue,Fall,2011.0,Casual,Locomotive Men Euro Blue Jeans
11438,Women,Apparel,Topwear,Tops,Black,Fall,2011.0,Casual,United Colors of Benetton Women  Winter Black Top
16303,Men,Apparel,Topwear,Shirts,Navy Blue,Fall,2011.0,Casual,Peter England Men Check Navy Blue Shirt
24267,Men,Apparel,Topwear,Shirts,Blue,Summer,2012.0,Casual,Quiksilver Men Blue Check Shirt
51409,Men,Apparel,Topwear,Shirts,Turquoise Blue,Summer,2012.0,Casual,Myntra Men Turquoise Blue Striped Shirt
12882,Men,Footwear,Shoes,Sports Shoes,White,Fall,2011.0,Sports,Fila Men Sports White Shoes
10694,Women,Apparel,Topwear,Tops,Pink,Fall,2011.0,Casual,Doodle Girl Be Born Pink Tops
11064,Men,Apparel,Topwear,Shirts,Purple,Fall,2011.0,Formal,John Miller Men Solid Purple Shirts
14352,Women,Footwear,Shoes,Flats,Blue,Winter,2015.0,Casual,Catwalk Women Blue Flats
16351,Men,Apparel,Topwear,Shirts,Cream,Fall,2011.0,Formal,Peter England Men Stripes Cream Shirt
12853,Men,Footwear,Shoes,Formal Shoes,Black,Fall,2012.0,Formal,Lee Cooper Men Formal Black Shoes
20753,Women,Footwear,Shoes,Heels,Silver,Winter,2012.0,Casual,Carlton London  Women Classy Silver Stilettos
40999,Girls,Apparel,Bottomwear,Jeans,Black,Summer,2012.0,Casual,Gini and Jony Girls Woven Black Jeans
15518,Men,Footwear,Shoes,Casual Shoes,Grey,Fall,2011.0,Casual,Rockport Men Slatkin Grey Casual Shoes
2484,Women,Apparel,Topwear,Tshirts,White,Fall,2010.0,Sports,Puma Women Spagetti White Top
30805,Men,Apparel,Topwear,Shirts,Green,Summer,2012.0,Ethnic,Fabindia Men Striped Green Shirt
46096,Women,Footwear,Shoes,Flats,Black,Summer,2012.0,Casual,ADIDAS Women Black Tessalia Sandals
31587,Men,Apparel,Topwear,Tshirts,Black,Summer,2012.0,Casual,Mark Taylor Men Printed Black T-shirt
10634,Men,Footwear,Shoes,Formal Shoes,Black,Winter,2012.0,Formal,Carlton London Men Black Oxford Wingtip Brogues
22358,Men,Apparel,Topwear,Shirts,Beige,Fall,2011.0,Casual,John Players Men Solid Beige Shirt
2901,Women,Footwear,Shoes,Heels,Black,Winter,2015.0,Formal,Catwalk Women Corporate Leather Black Heels
19573,Men,Apparel,Bottomwear,Track Pants,Blue,Summer,2011.0,Casual,United Colors of Benetton Men Solid Blue Track Pants
48088,Women,Apparel,Topwear,Tops,Black,Summer,2012.0,Casual,French Connection Women Black Top
14401,Women,Footwear,Shoes,Heels,Blue,Summer,2012.0,Casual,Enroute Women Steelblue Heels
48393,Men,Apparel,Bottomwear,Jeans,Navy Blue,Summer,2012.0,Casual,French Connection Navy Washed Skinny Stretchable Jeans
53140,Women,Footwear,Shoes,Heels,Red,Winter,2015.0,Casual,Catwalk Women Red & White Sandals
9407,Men,Footwear,Shoes,Sports Shoes,White,Fall,2011.0,Sports,Nike Men Court White Shoe
11714,Women,Apparel,Topwear,Shirts,Blue,Summer,2011.0,Casual,Lee Women Check Blue Shirts
53138,Women,Footwear,Shoes,Heels,Blue,Winter,2015.0,Casual,Catwalk Women Blue Heels
30598,Men,Apparel,Bottomwear,Shorts,Black,Summer,2012.0,Sports,Nike Men Hustle Reversible Black Shorts
23665,Men,Apparel,Bottomwear,Jeans,Blue,Fall,2011.0,Casual,Spykar Men Blue Washed Jeans
3921,Men,Apparel,Bottomwear,Track Pants,Black,Summer,2011.0,Casual,Urban Yoga Men's Bottom Black Track Pant
30925,Women,Apparel,Bottomwear,Skirts,Black,Summer,2012.0,Ethnic,Fabindia Women Printed Black Ghera Skirt
17939,Men,Apparel,Bottomwear,Shorts,White,Fall,2011.0,Sports,Puma Men Solid White  Logo 3/4 Pants
45417,Women,Footwear,Shoes,Flats,Black,Winter,2012.0,Casual,Rocia Women Black Sandals
11280,Men,Apparel,Bottomwear,Jeans,Black,Fall,2011.0,Casual,Wrangler Men Black Texas Jeans
20181,Men,Apparel,Topwear,Shirts,Grey,Fall,2011.0,Casual,Wrangler Men Colorado Grey Shirt
33849,Men,Footwear,Shoes,Casual Shoes,Blue,Summer,2012.0,Casual,Puma Men Blue Shoes
19438,Men,Apparel,Bottomwear,Shorts,Blue,Summer,2012.0,Casual,Quiksilver Men Printed Blue Shorts
7633,Men,Apparel,Bottomwear,Shorts,Black,Fall,2011.0,Sports,Puma Men's Woven Black Short
48373,Men,Apparel,Topwear,Shirts,White,Summer,2012.0,Casual,French Connection Men White & Purple Check Shirt
19240,Men,Apparel,Bottomwear,Shorts,Blue,Summer,2011.0,Casual,Puma Men Dazzle Blue Shorts
26986,Women,Apparel,Bottomwear,Shorts,Purple,Summer,2012.0,Casual,Jealous 21 Women Purple Shorts
13767,Men,Apparel,Topwear,Shirts,Green,Fall,2011.0,Casual,Belmonte Men Check Green Shirts
27154,Men,Apparel,Topwear,Shirts,Grey,Summer,2012.0,Formal,Mark Taylor Men Striped Grey Shirt
52123,Girls,Apparel,Dress,Dresses,Pink,Summer,2012.0,Casual,Doodle Girls Pink Printed Dress
7049,Men,Apparel,Topwear,Shirts,Blue,Summer,2011.0,Casual,s.Oliver Men White & Blue Check Shirt
16624,Men,Apparel,Bottomwear,Trousers,Grey,Fall,2011.0,Casual,Probase Men Check Grey Trouser
44881,Men,Apparel,Bottomwear,Track Pants,Black,Summer,2012.0,Casual,Puma Men Black Track Pants
17615,Boys,Apparel,Topwear,Tshirts,White,Fall,2011.0,Casual,Doodle Boys living Upto White Tshirt
12752,Men,Apparel,Bottomwear,Jeans,Blue,Fall,2011.0,Casual,Spykar Men Ep Jeans Blue Jeans
59981,Women,Apparel,Dress,Dresses,Black,Fall,2012.0,Party,Avirate  Black & Purple Women Dress
2626,Women,Footwear,Shoes,Flats,Red,Fall,2010.0,Casual,Carlton London Women Red Wedge Sandal
24452,Men,Footwear,Shoes,Sports Shoes,White,Summer,2012.0,Sports,Nike Men White Court Shuttle IV Sports Shoes
14700,Men,Apparel,Bottomwear,Trousers,Khaki,Fall,2011.0,Casual,Basics Men Khaki Trousers
18193,Men,Apparel,Bottomwear,Jeans,Blue,Fall,2011.0,Casual,Deni Yo Men Washed Blue Slim Fit Jeans
19537,Men,Apparel,Topwear,Sweaters,Blue,Summer,2011.0,Casual,United Colors of Benetton Men Stripes Blue Sweater
18736,Women,Apparel,Dress,Dresses,Red,Fall,2011.0,Casual,Arrow Woman Rima Red Dress
2872,Women,Footwear,Shoes,Heels,Brown,Winter,2015.0,Casual,Catwalk Women Leather Flats
7876,Men,Footwear,Shoes,Formal Shoes,Black,Summer,2011.0,Formal,Provogue Men's Formal Black Shoe
47602,Women,Footwear,Shoes,Flats,Brown,Winter,2012.0,Casual,Portia Women Yellow Flats
4745,Men,Apparel,Topwear,Tshirts,Green,Summer,2011.0,Sports,ADIDAS Men's Green Polo T-shirt
15113,Men,Apparel,Bottomwear,Trousers,Black,Fall,2011.0,Formal,Arrow Men Solid Black Trousers
43884,Men,Footwear,Shoes,Casual Shoes,Grey,Summer,2012.0,Casual,Puma Men Grey Street Jump Shoes
2109,Women,Apparel,Bottomwear,Track Pants,Black,Fall,2010.0,Sports,ADIDAS Women's Slim Fit Lycra Track Pants
26805,Men,Apparel,Bottomwear,Trousers,Black,Summer,2012.0,Formal,Arrow Men Black Flat Front Trousers
45415,Women,Footwear,Shoes,Flats,White,Winter,2012.0,Casual,Rocia Women White & Brown Sandals
35260,Women,Apparel,Topwear,Tops,Blue,Summer,2012.0,Casual,Lee Women Jennifer Blue Top
12860,Men,Footwear,Shoes,Formal Shoes,Black,Fall,2011.0,Formal,Lee Cooper Men Formal Black Shoes
5389,Unisex,Footwear,Shoes,Sports Shoes,Yellow,,2011.0,Sports,Kalenji Kapteren 200 Yellow Fw
9268,Men,Apparel,Topwear,Shirts,White,Fall,2011.0,Casual,Scullers Men White Check Shirt
51393,Men,Apparel,Bottomwear,Shorts,White,Summer,2012.0,Casual,Myntra Men Green Check Shorts
50775,Men,Footwear,Shoes,Formal Shoes,Brown,Winter,2013.0,Formal,Clarks Men Brown Leather Derbys
22987,Men,Apparel,Bottomwear,Shorts,Grey,Summer,2016.0,Sports,2go Active Gear USA Men Grey Ted Shorts
43312,Women,Apparel,Topwear,Sweaters,Blue,Summer,2012.0,Casual,United Colors of Benetton Women Blue Sweater
34450,Women,Footwear,Shoes,Flats,Gold,Winter,2012.0,Casual,Rocia Women Gold Sandals
11382,Women,Apparel,Topwear,Tshirts,Grey,Fall,2011.0,Casual,United Colors Of Benetton Women Light Winter Grey T-Shirts
41383,Women,Apparel,Topwear,Tops,Navy Blue,Summer,2012.0,Casual,Wrangler Women Blossom Navy Blue Top
58499,Women,Apparel,Dress,Dresses,White,Fall,2012.0,Casual,Tonga White Floral Design Dress
7221,Men,Footwear,Shoes,Formal Shoes,Black,Fall,2011.0,Formal,Rockport Men Schemerhorn Black Shoe
50961,Women,Apparel,Bottomwear,Jeans,Black,Summer,2013.0,Casual,Lee Women Black Jeans
19043,Women,Footwear,Shoes,Heels,Blue,Winter,2015.0,Casual,Catwalk Women Blue Flats
28455,Women,Apparel,Bottomwear,Skirts,Black,Summer,2012.0,Sports,Urban Yoga Women Black Skirt With Leggings
2705,Girls,Apparel,Dress,Dresses,Blue,Summer,2011.0,Casual,Disney Kids Girl's Blue Pooh Blouse Kidswear
47554,Women,Footwear,Shoes,Heels,Red,Winter,2012.0,Casual,Portia Women Red Heels
11529,Men,Apparel,Topwear,Sweaters,Grey,Fall,2011.0,Casual,United Colors Of Benetton Men Heavy Winter Grey Sweaters
25031,Men,Apparel,Topwear,Jackets,Black,Fall,2011.0,Sports,Nike Men Black Puffer Jacket
23254,Men,Footwear,Shoes,Formal Shoes,Brown,Fall,2011.0,Formal,Arrow Men Formal Brown Shoes
39227,Women,Apparel,Dress,Dresses,Purple,Summer,2012.0,Casual,Femella Women Purple Tiered Dress
27537,Men,Apparel,Topwear,Shirts,Green,Summer,2012.0,Casual,Scullers Men Check Green & Blue Shirt
33283,Boys,Apparel,Bottomwear,Jeans,Black,Summer,2012.0,Casual,Gini and Jony Boys Black Jeans
23071,Men,Apparel,Topwear,Sweaters,Black,Fall,2011.0,Casual,Arrow Men Black Sweater
37625,Boys,Apparel,Topwear,Tshirts,White,Summer,2012.0,Casual,Madagascar3 Boys White Printed T-Shirt
38607,Men,Apparel,Topwear,Tshirts,Yellow,Summer,2012.0,Casual,Nike Men Yellow Just Do It T-shirt
13310,Women,Apparel,Dress,Dresses,White,Fall,2011.0,Casual,Gini and Jony Kids Girls Solid White Dresses
39975,Men,Footwear,Shoes,Casual Shoes,Olive,Winter,2014.0,Casual,Gas Men Olive Swansea Shoes
8495,Women,Apparel,Bottomwear,Skirts,Blue,Fall,2011.0,Casual,Forever New Women Cornflower Blue Skirts
35433,Girls,Apparel,Dress,Dresses,Blue,Summer,2012.0,Casual,Doodle Girls Printed Blue Dress
40035,Men,Apparel,Bottomwear,Shorts,Blue,Summer,2012.0,Casual,ADIDAS Men Blue Reversible Shorts
39609,Women,Footwear,Shoes,Heels,Brown,Winter,2015.0,Casual,Catwalk Women Brown Heels
39637,Men,Footwear,Shoes,Sports Shoes,White,Summer,2012.0,Sports,Lotto Men White Sports Shoes
43644,Women,Apparel,Dress,Dresses,Black,Summer,2012.0,Party,Vero Moda Women Black Dress
42258,Men,Apparel,Bottomwear,Jeans,Blue,Summer,2012.0,Casual,John Players Men Blue Jeans
15989,Men,Apparel,Topwear,Sweaters,White,Fall,2011.0,Casual,Turtle Stripes Men White Sweaters
16507,Men,Apparel,Bottomwear,Jeans,Blue,Fall,2011.0,Casual,Locomotive Men Washed Blue Jeans
35476,Men,Footwear,Shoes,Formal Shoes,Black,Summer,2012.0,Formal,Bata Men Remo Black Formal Shoes
4512,Women,Footwear,Shoes,Sports Shoes,Grey,Summer,2011.0,Sports,Lotto Women Osaka Grey Violet Shoe
34495,Women,Apparel,Bottomwear,Skirts,Grey,Fall,2012.0,Formal,Van Heusen Woman Grey Skirt
8385,Girls,Apparel,Topwear,Tshirts,Orange,Fall,2011.0,Casual,Doodle Girl's Hippie Chic Orange Teen Kidswear
47476,Women,Footwear,Shoes,Flats,Maroon,Summer,2012.0,Casual,Tiptopp Women Maroon Flats
44815,Women,Apparel,Bottomwear,Jeans,Blue,Summer,2012.0,Casual,Spykar Women Blue Jeans
10452,Men,Apparel,Topwear,Tshirts,Grey,Fall,2011.0,Casual,Flying Machine Men HS Grey Tshirts
24749,Men,Footwear,Shoes,Sports Shoes,White,Fall,2011.0,Sports,Nike Men 2.04 SL Sports Shoes
22136,Men,Footwear,Shoes,Formal Shoes,Black,Fall,2012.0,Formal,Provouge Men Black Formal Shoes
59991,Women,Apparel,Dress,Dresses,Multi,Fall,2012.0,Casual,Avirate Multicoloured Dress
11872,Men,Footwear,Shoes,Formal Shoes,Black,Summer,2012.0,Formal,Franco Leone Men Formal Black Formal Shoes
35397,Men,Footwear,Shoes,Formal Shoes,Black,Summer,2012.0,Formal,Stens by Enroute Men Black Formal Shoes
33848,Men,Footwear,Shoes,Casual Shoes,Brown,Summer,2012.0,Casual,Puma Men Drift Cat Brown Shoes
57139,Women,Apparel,Bottomwear,Trousers,Black,Summer,2012.0,Casual,Elle Women Black Etra Slim Fit Trousers
8498,Women,Apparel,Bottomwear,Skirts,Grey,Fall,2011.0,Casual,Forever New Women Coral Check Grey Skirts
41738,Women,Footwear,Shoes,Heels,Brown,Winter,2012.0,Casual,Catwalk Women Brown Heels
18966,Men,Apparel,Topwear,Sweaters,Green,Summer,2011.0,Casual,United Colors of Benetton Men Printed Green Sweater
56993,Women,Footwear,Shoes,Flats,Brown,Winter,2012.0,Casual,HM Women Brown Shoes
48380,Men,Apparel,Bottomwear,Trousers,Black,Summer,2012.0,Casual,French Connection Men Charcoal Trousers
8858,Men,Apparel,Topwear,Shirts,White,Fall,2011.0,Casual,Mark Taylor Men White Striped Shirt
57061,Women,Apparel,Dress,Dresses,Black,Summer,2012.0,Casual,Elle Women Black Dress
39314,Girls,Apparel,Bottomwear,Skirts,Red,Summer,2012.0,Casual,Gini and Jony Girls Red Skirt
14371,Women,Footwear,Shoes,Heels,Red,Winter,2015.0,Casual,Catwalk Women Casual Red Flats
10489,Men,Apparel,Bottomwear,Jeans,Blue,Winter,2016.0,Casual,Flying Machine Men Midrise Blue Jeans
44682,Women,Apparel,Dress,Dresses,Blue,Summer,2012.0,Casual,Wills Lifestyle Women Blue Dress
19532,Men,Apparel,Topwear,Sweaters,Red,Summer,2011.0,Casual,United Colors of Benetton Men Solid Red Sweater
10149,Men,Footwear,Shoes,Formal Shoes,Brown,Fall,2011.0,Formal,Rockport Men Ed Plaintoe Brown Formal Shoes
17010,Women,Footwear,Shoes,Heels,Brown,Winter,2012.0,Formal,Rocia Women Brown Heels
36137,Women,Footwear,Shoes,Sports Shoes,Pink,Summer,2012.0,Sports,Nike Women Free Run Pink Sports Shoes
15122,Men,Apparel,Bottomwear,Trousers,Brown,Fall,2011.0,Formal,Arrow Men  Autoflex Brown Trousers
56942,Women,Footwear,Shoes,Heels,Beige,Winter,2012.0,Casual,HM Women Beige Flats
25016,Women,Footwear,Shoes,Flats,Beige,Fall,2011.0,Casual,United Colors of Benetton Women Beige Ballerinas
11516,Women,Footwear,Shoes,Heels,Black,Winter,2015.0,Casual,Catwalk Women Lifestyle Black Heels
28318,Men,Footwear,Shoes,Casual Shoes,Brown,Winter,2018.0,Casual,Red Tape Men Brown Shoes
19419,Men,Apparel,Bottomwear,Shorts,Black,Fall,2011.0,Casual,Quiksilver Men Black Printed Shorts
24929,Girls,Apparel,Dress,Dresses,Navy Blue,Summer,2012.0,Casual,United Colors of Benetton Kids Girls Navy Blue Dress
51354,Women,Apparel,Bottomwear,Jeans,Blue,Summer,2012.0,Casual,Spykar Women Light Blue Jeans
4125,Men,Apparel,Topwear,Tshirts,Orange,Summer,2011.0,Sports,Lotto Men Kochi Tuskers Authentic Orange Jersey
31946,Men,Footwear,Shoes,Casual Shoes,Grey,Summer,2012.0,Casual,Nike Men Avid Grey Shoes
4929,Women,Apparel,Bottomwear,Skirts,Blue,Summer,2011.0,Casual,Gini and Jony Girl's Vanida Blue Dungree Kidswear
15185,Men,Apparel,Topwear,Sweaters,Black,Fall,2011.0,Casual,Arrow Sport Men Solid Black Sweaters
21111,Women,Apparel,Topwear,Tops,Purple,Fall,2011.0,Casual,s.Oliver Women Check Purple Top
43042,Girls,Apparel,Topwear,Tops,Pink,Summer,2012.0,Casual,Gini and Jony Girls Pink Top
32809,Women,Footwear,Shoes,Heels,Navy Blue,Winter,2012.0,Casual,iPanema Women Ritmos Navy Blue Flats
59403,Women,Apparel,Topwear,Tshirts,White,Fall,2012.0,Casual,Tokyo Talkies Women White T-shirt
16567,Women,Apparel,Dress,Dresses,Red,Fall,2011.0,Casual,AND by Anita Dongre Women Printed Red Dresses
57044,Women,Apparel,Dress,Dresses,Black,Summer,2012.0,Party,Elle Women Black Dress
59451,Men,Apparel,Topwear,Shirts,Blue,Fall,2012.0,Casual,Arrow Sport Men Blue Slim Fit Shirt
11261,Women,Apparel,Dress,Dresses,Red,Summer,2011.0,Casual,Palm Tree Kids Girls Red Saloppette Set
11433,Women,Apparel,Topwear,Sweaters,Mauve,Fall,2011.0,Casual,United Colors of Benetton Women Light Winter Mauve Vest
13258,Girls,Apparel,Bottomwear,Shorts,Purple,Fall,2011.0,Casual,Gini and Jony Girls Purple Shorts
6274,Women,Apparel,Topwear,Tshirts,Green,Summer,2011.0,Casual,UCB Women's Crystal Benetton Green T-shirt
39319,Boys,Apparel,Bottomwear,Shorts,Beige,Summer,2012.0,Casual,Gini and Jony Boys Beige Shorts
5381,Women,Footwear,Shoes,Sports Shoes,Purple,Fall,2011.0,Sports,Quechua Arpenaz 200 L
6483,Men,Footwear,Shoes,Formal Shoes,Black,Winter,2018.0,Formal,Red Tape Men's Formal Lace Black Shoe
44924,Men,Apparel,Bottomwear,Jeans,Blue,Summer,2012.0,Casual,Jack & Jones Men Blue Jeans
45385,Women,Footwear,Shoes,Flats,Bronze,Winter,2012.0,Casual,Rocia Women Bronze Sandals
50958,Women,Apparel,Bottomwear,Jeans,Blue,Winter,2011.0,Casual,Lee Womens Blue Jeans
15963,Men,Apparel,Topwear,Jackets,Grey,Fall,2011.0,Casual,Turtle Solid Men Black Jacket
59161,Men,Footwear,Shoes,Formal Shoes,Brown,Fall,2012.0,Casual,Fortune Men Brown Shoes
57028,Women,Apparel,Topwear,Tops,Red,Summer,2012.0,Casual,Forever New Women Red Top
19342,Women,Apparel,Topwear,Jackets,Black,Fall,2011.0,Casual,United Colors of Benetton Women Solid Black Jacket
31454,Women,Apparel,Bottomwear,Skirts,Black,Summer,2012.0,Sports,Nike Women Tennis Black Skirt
52555,Women,Apparel,Bottomwear,Jeans,Blue,Summer,2012.0,Casual,Pepe Jeans Women Blue Jeans
23956,Men,Apparel,Topwear,Shirts,Grey,Fall,2011.0,Casual,Provogue Men Grey Shirt
34749,Men,Footwear,Shoes,Casual Shoes,White,Summer,2012.0,Casual,Puma Men White Benecio Shoes
36208,Boys,Apparel,Topwear,Jackets,Black,Summer,2012.0,Casual,Gini Jony Boys Black Jacket
38931,Girls,Apparel,Bottomwear,Jeans,Blue,Summer,2012.0,Casual,Gini and Jony Girls Blue Jeans
26600,Women,Footwear,Shoes,Sports Shoes,Black,Summer,2012.0,Sports,Puma Women Faas 300 Black Sports Shoes
19690,Men,Apparel,Topwear,Shirts,Grey,Fall,2011.0,Casual,United Colors of Benetton Men Solid Grey Shirt
36732,Women,Apparel,Bottomwear,Jeans,Blue,Summer,2012.0,Casual,Spykar Women Liana Blue Jeans
7353,Men,Apparel,Topwear,Tshirts,Grey,Fall,2011.0,Casual,Tantra Men's Moustaches Grey T-shirt
27034,Women,Footwear,Shoes,Heels,Bronze,Winter,2015.0,Casual,Catwalk Women Bronze Heels
7406,Men,Footwear,Shoes,Formal Shoes,Black,Winter,2018.0,Formal,Red Tape Men Black Formal Shoe
27602,Men,Apparel,Bottomwear,Trousers,Black,Summer,2012.0,Casual,Scullers Men Black Trousers
40371,Women,Apparel,Bottomwear,Jeans,Navy Blue,Summer,2012.0,Casual,Tokyo Talkies Women Navy Slim Fit Jeans
44588,Men,Apparel,Topwear,Shirts,White,Summer,2012.0,Casual,Scullers Men White & Navy Blue Check Shirt
40276,Men,Apparel,Bottomwear,Trousers,Brown,Summer,2012.0,Casual,Scullers Men Brown Trousers
13442,Women,Apparel,Topwear,Tops,White,Summer,2011.0,Casual,United Colors of Benetton Women Solid White Tops
57000,Women,Footwear,Shoes,Flats,White,Winter,2012.0,Casual,HM Women White Sandals
23847,Men,Footwear,Shoes,Sports Shoes,White,Fall,2011.0,Sports,ADIDAS Men White Duramo 3 Sports Shoes
35489,Men,Footwear,Shoes,Formal Shoes,Black,Summer,2012.0,Formal,Bata Men Remo Black Formal Shoes
5769,Women,Apparel,Topwear,Tops,White,Summer,2011.0,Casual,Jealous 21 Women Blue White Patterned Top
20225,Women,Apparel,Topwear,Sweaters,Red,Fall,2011.0,Casual,Wrangler Women Felt Red Sweater
56846,Men,Apparel,Bottomwear,Jeans,Blue,Fall,2012.0,Casual,John Players Men Blue Jeans
4809,Men,Apparel,Bottomwear,Shorts,Navy Blue,Summer,2011.0,Sports,ADIDAS Men's Prophecy Navy Blue Short
58555,Men,Footwear,Shoes,Formal Shoes,Black,Fall,2012.0,Formal,Enroute Men Black Formal Shoes
22256,Women,Footwear,Shoes,Flats,Red,Fall,2011.0,Casual,Inc. 5 Women Casual Red Sandals
27907,Women,Apparel,Bottomwear,Trousers,Olive,Summer,2012.0,Casual,Scullers For Her Olive Trousers
57130,Women,Apparel,Topwear,Tops,White,Summer,2012.0,Casual,Elle Women Printed White Top
56852,Men,Apparel,Bottomwear,Jeans,Blue,Fall,2012.0,Casual,John Players Men Blue Jeans
10097,Men,Footwear,Shoes,Sports Shoes,White,Fall,2011.0,Sports,Reebok Men Reeflex Run White Sports Shoes
39683,Men,Footwear,Shoes,Sports Shoes,White,Summer,2012.0,Sports,Lotto Men White Sports Shoe
47454,Women,Footwear,Shoes,Flats,Black,Fall,2012.0,Casual,Tiptopp Women Black Sandals
43919,Women,Apparel,Dress,Dresses,Navy Blue,Summer,2012.0,Casual,Femella Women Navy Blue Printed Dress
59033,Women,Footwear,Shoes,Heels,Black,Winter,2012.0,Casual,Carlton London Women Black Heels
16724,Men,Apparel,Topwear,Sweaters,Black,Fall,2011.0,Casual,Fila Men AbeII Black Sweater
7594,Women,Footwear,Shoes,Sports Shoes,Cream,Summer,2011.0,Sports,Nike Women's Air Max Peach Cream Shoe
35568,Men,Footwear,Shoes,Formal Shoes,Black,Summer,2012.0,Formal,Arrow Men Black Formal Shoes
41378,Women,Apparel,Topwear,Tops,Black,Summer,2012.0,Casual,Wrangler Women Maria Black Top
11770,Men,Apparel,Topwear,Tshirts,Blue,Fall,2011.0,Casual,Lee Men Printed Blue Tshirts
16819,Men,Apparel,Bottomwear,Jeans,Blue,Fall,2011.0,Casual,Locomotive Men Washed Blue Jeans
2353,Men,Footwear,Shoes,Sports Shoes,Grey,Summer,2010.0,Sports,Reebok Men Frisky Attraction Grey Shoe
12198,Men,Apparel,Topwear,Tshirts,Purple,Fall,2011.0,Casual,Basics Men Solid Purple Tshirts
11331,Men,Apparel,Bottomwear,Jeans,Blue,Fall,2011.0,Casual,United Colors of Benetton Men Washed Blue Jeans
13035,Women,Footwear,Shoes,Heels,Black,Winter,2012.0,Casual,Inc 5 Women Casual Black Heels
45561,Women,Apparel,Topwear,Tops,Pink,Winter,2012.0,Casual,Fila Women Pink Printed Top
39317,Boys,Apparel,Topwear,Tshirts,White,Summer,2012.0,Casual,Gini and Jony Boys Printed White T-shirt
7402,Men,Footwear,Shoes,Formal Shoes,Black,Winter,2018.0,Formal,Red Tape Men Black Formal Shoe
10861,Men,Apparel,Topwear,Tshirts,White,Fall,2011.0,Casual,Wrangler Men Dirt Riders White T-Shirts
49647,Women,Apparel,Dress,Dresses,Blue,Summer,2012.0,Casual,Mineral Blue & Green Printed Dress
19311,Men,Footwear,Shoes,Casual Shoes,White,Fall,2011.0,Casual,Nike Men Air Rift MTR White Casual Shoe
38992,Boys,Apparel,Topwear,Jackets,Blue,Summer,2012.0,Casual,Gini and Jony Boys Rodeo Blue Jacket
59994,Women,Apparel,Dress,Dresses,Black,Fall,2012.0,Formal,Avirate Black Formal Dress
39582,Women,Footwear,Shoes,Heels,Brown,Winter,2015.0,Casual,Catwalk Women Brown Flats
45421,Women,Footwear,Shoes,Flats,Black,Winter,2012.0,Casual,Rocia Women Black & Brown Sandals
35971,Men,Apparel,Topwear,Tshirts,Black,Summer,2012.0,Casual,Flying Machine Men Tee Black T-shirt
31172,Girls,Apparel,Topwear,Tops,Peach,Summer,2012.0,Casual,Gini and Jony Girls Peach Top
9698,Men,Footwear,Shoes,Formal Shoes,Black,Winter,2015.0,Formal,Hush Puppies Men Jungle Black Formal Shoes
57006,Women,Footwear,Shoes,Flats,Gold,Winter,2012.0,Ethnic,HM Women Golden Sandals
15339,Women,Apparel,Bottomwear,Shorts,Grey,Fall,2011.0,Sports,Nike Women Solid Grey Shorts
13784,Men,Apparel,Bottomwear,Trousers,Black,Fall,2011.0,Formal,Belmonte Men Solid Black Woven Trousers
9694,Men,Apparel,Topwear,Tshirts,White,Fall,2011.0,Casual,Classic Polo Men Vulcan White Polo Tshirts
59984,Women,Apparel,Dress,Dresses,Purple,Fall,2012.0,Party,Avirate Women Purple Dress
2886,Women,Footwear,Shoes,Flats,Brown,Winter,2015.0,Casual,Catwalk Women Leather Brown Flats
3991,Men,Apparel,Topwear,Tshirts,White,Summer,2011.0,Casual,Mr.Men Men's Wave Rider White T-shirt
20764,Women,Footwear,Shoes,Heels,Red,Winter,2012.0,Casual,Carlton London Women Red Casual Heels
16382,Men,Apparel,Bottomwear,Trousers,Charcoal,Fall,2011.0,Formal,Peter England Men Solid Grey Trouser
4639,Women,Footwear,Shoes,Sports Shoes,White,Summer,2011.0,Sports,ADIDAS Women Adi Weld Low White Green Shoe
40984,Boys,Apparel,Topwear,Tshirts,White,Summer,2012.0,Casual,Gini and Jony Boys United White T-shirt
26821,Men,Apparel,Bottomwear,Trousers,Brown,Summer,2012.0,Casual,Highlander Men Brown Trousers
18494,Men,Footwear,Shoes,Sports Shoes,White,Fall,2011.0,Sports,Puma Men Daemon White Sports Shoes
18178,Girls,Apparel,Topwear,Tops,Black,Fall,2011.0,Casual,Doodle Kids Girls Black Layer Top
51333,Men,Apparel,Topwear,Jackets,Beige,Summer,2015.0,Casual,Wildcraft Men Beige Wind Cheater Jackets
14667,Men,Apparel,Topwear,Shirts,White,Fall,2011.0,Casual,Basics Men White Slim Fit Checked Shirt
26958,Women,Apparel,Topwear,Shirts,Teal,Summer,2012.0,Casual,Jealous 21 Women Teal Shirt
8026,Men,Apparel,Bottomwear,Track Pants,Black,Fall,2011.0,Sports,Fila Men's Cont Pipping Cotton Lower Black White Track Pant
14453,Women,Footwear,Shoes,Heels,Black,Summer,2012.0,Casual,Enroute Women Casual Black Flats
18522,Men,Apparel,Topwear,Jackets,Black,Summer,2015.0,Casual,C Vox Men Solid 1349 Black Jacket
11037,Women,Apparel,Topwear,Tops,Pink,Fall,2011.0,Casual,Jealous 21 Women Solid Pink Tops
17276,Men,Apparel,Topwear,Tshirts,Mustard,Fall,2011.0,Casual,U.S. Polo Assn. Men Printed Mustard Tshirt
15977,Men,Apparel,Topwear,Shirts,Red,Fall,2011.0,Casual,Turtle Solid Men Red Shirt
14128,Women,Apparel,Bottomwear,Jeans,Blue,Fall,2011.0,Casual,Flying Machine Women Washed Blue Jeans
46895,Men,Apparel,Bottomwear,Jeans,Blue,Summer,2012.0,Casual,Locomotive Men Blue Jeans
58504,Women,Apparel,Dress,Dresses,Black,Fall,2012.0,Casual,Tonga Women Black Dress
34008,Girls,Apparel,Topwear,Tops,Pink,Summer,2012.0,Casual,Gini and Jony Girls Pink Top
24923,Women,Apparel,Topwear,Tops,Pink,Summer,2012.0,Casual,United Colors of Benetton Women Pink Top
27923,Women,Apparel,Bottomwear,Trousers,Black,Summer,2012.0,Casual,Scullers Women Black Trousers
31448,Boys,Apparel,Bottomwear,Shorts,Blue,Summer,2012.0,Sports,Nike Boys Running Blue Shorts
15183,Men,Apparel,Topwear,Sweaters,Blue,Fall,2011.0,Casual,Arrow Sport Men Check Blue Sweaters
44943,Men,Footwear,Shoes,Formal Shoes,Black,Summer,2013.0,Formal,Franco Leone Men Black Slip On Formal Shoes
17903,Women,Apparel,Bottomwear,Track Pants,Grey,Fall,2011.0,Sports,Nike Women Trainng Grey Track Pant
59176,Men,Footwear,Shoes,Casual Shoes,Olive,Fall,2012.0,Casual,Gliders Men Olive Shoes
52153,Women,Apparel,Topwear,Tops,Sea Green,Summer,2012.0,Casual,Femella Women Green Top
4375,Men,Apparel,Topwear,Tshirts,Navy Blue,Summer,2011.0,Casual,Marvel Comics Men's Comic Poses Navy T-shirt
8388,Women,Apparel,Bottomwear,Track Pants,Black,Fall,2011.0,Sports,ADIDAS Women Wo Basic Black Track Pants
7996,Men,Apparel,Topwear,Tshirts,Purple,Fall,2011.0,Sports,Fila Men's Striper Pique Polo Purple Navy T-shirt
40452,Men,Footwear,Shoes,Formal Shoes,Brown,Winter,2018.0,Formal,Red Tape Men Brown Formal Shoes
4949,Men,Apparel,Bottomwear,Shorts,Blue,Summer,2011.0,Casual,Gini and Jony Boy's Kimon Blue Bermuda Kidswear
5002,Women,Apparel,Bottomwear,Shorts,Pink,Summer,2011.0,Casual,Gini and Jony Girl's Jolene Pink Kidswear
59945,Men,Footwear,Shoes,Casual Shoes,Blue,Summer,2015.0,Casual,Vans Men Blue Casual Shoes
20784,Women,Footwear,Shoes,Flats,Black,Summer,2011.0,Casual,Carlton London Women Classy Black Sandals
39199,Women,Footwear,Shoes,Heels,White,Winter,2015.0,Casual,Catwalk Women White Sandals
35482,Men,Footwear,Shoes,Formal Shoes,Black,Summer,2012.0,Formal,Bata Men Black Formal Shoes
19831,Men,Apparel,Topwear,Shirts,Black,Fall,2011.0,Casual,U.S. Polo Assn. Men Check Black Shirt
41709,Women,Footwear,Shoes,Heels,Black,Winter,2012.0,Casual,Catwalk Women Black Heels
24614,Men,Apparel,Bottomwear,Shorts,Grey,Fall,2011.0,Sports,Proline Grey Shorts
8952,Men,Apparel,Bottomwear,Trousers,Black,Fall,2011.0,Formal,Indigo Nation Men TR Yarn Dyed Black Trousers
4952,Men,Apparel,Bottomwear,Shorts,Black,Summer,2011.0,Casual,Gini and Jony Boy's Kimon Black Bermuda Infant Kidswear
17007,Women,Footwear,Shoes,Flats,White,Winter,2012.0,Casual,Rocia Women White Flats
32576,Women,Apparel,Dress,Dresses,Orange,Summer,2012.0,Casual,ONLY Women Orange Party Dress
16996,Women,Footwear,Shoes,Flats,Brown,Winter,2012.0,Casual,Rocia Women Casual Brown Flats
26871,Women,Apparel,Topwear,Tops,White,Summer,2012.0,Casual,Jealous 21 Women Printed White Top
26992,Women,Apparel,Bottomwear,Jeans,Blue,Summer,2012.0,Casual,Jealous 21 Women Washed Light Blue Jeans
57003,Women,Footwear,Shoes,Flats,Black,Winter,2012.0,Casual,HM Women Black Sandals
33536,Women,Footwear,Shoes,Heels,Brown,Summer,2016.0,Casual,Cobblerz Women Brown & Beige Pumps
34015,Girls,Apparel,Dress,Dresses,Magenta,Summer,2012.0,Casual,Gini and Jony Girls Pink Dress
59178,Men,Footwear,Shoes,Casual Shoes,Brown,Summer,2012.0,Casual,Gliders Men Light Brown Shoes
3160,Men,Footwear,Shoes,Sports Shoes,White,Fall,2010.0,Sports,Nike Men's Dual Fusion White Shoe
9772,Men,Apparel,Bottomwear,Track Pants,Grey,Fall,2011.0,Casual,ADIDAS Men Cress 3sswptch Grey Track Pants
59996,Women,Apparel,Dress,Dresses,Purple,Summer,2014.0,Casual,Avirate Black & Purple Dress
24181,Unisex,Footwear,Shoes,Casual Shoes,Black,Summer,2012.0,Casual,Converse Unisex Black Casual Shoes
15179,Men,Apparel,Topwear,Sweaters,Red,Fall,2011.0,Casual,Arrow Sport Men Stripes Red Sweaters
2273,Men,Apparel,Topwear,Tshirts,Red,Summer,2011.0,Sports,Nike Mens Red Polo T-shirt
51475,Men,Apparel,Bottomwear,Jeans,Blue,Summer,2012.0,Casual,Denizen Men Light Blue Jeans
7906,Men,Apparel,Topwear,Tshirts,Black,Fall,2011.0,Casual,Proline Men Black & Navy Striped Polo T-shirt
24036,Men,Apparel,Topwear,Tshirts,Red,Fall,2011.0,Casual,Locomotive Men Printed Red T-shirt
21724,Women,Footwear,Shoes,Heels,Brown,Winter,2015.0,Casual,Catwalk Women Casual Brown Heels
26957,Women,Apparel,Topwear,Shirts,Purple,Summer,2012.0,Casual,Jealous 21 Women Purple Shirt
27932,Women,Apparel,Topwear,Shirts,Blue,Summer,2012.0,Casual,Jealous 21 Women Blue Shirt
59052,Women,Footwear,Shoes,Flats,Brown,Winter,2012.0,Casual,Carlton London Women Chocolate Brown and Gold Toned Flats
10661,Women,Apparel,Bottomwear,Shorts,Blue,Fall,2011.0,Casual,Doodle Girl Hot  Ice Wash Blue Shorts
17009,Women,Footwear,Shoes,Flats,Black,Winter,2012.0,Casual,Rocia Women Black Ballerinas
6507,Men,Footwear,Shoes,Formal Shoes,Black,Winter,2018.0,Formal,Red Tape Men's Black Leather Formal Shoe
44583,Men,Apparel,Bottomwear,Jeans,Blue,Summer,2017.0,Casual,Lee Men Blue Scraped Jeans
12333,Women,Apparel,Bottomwear,Jeans,Blue,Fall,2011.0,Casual,Spykar Women Ep Jeans Blue Jeans
14081,Men,Apparel,Topwear,Sweaters,Green,Fall,2011.0,Casual,Flying Machine Men Solid Green Sweaters
12472,Men,Footwear,Shoes,Formal Shoes,Black,Fall,2012.0,Formal,Clarks Men Leather Black Formal Shoes
41602,Men,Apparel,Topwear,Shirts,Navy Blue,Summer,2012.0,Casual,Basics Men Navy Shirt
14319,Men,Apparel,Bottomwear,Shorts,White,Fall,2012.0,Sports,ADIDAS Men Solid White Shorts
10654,Women,Apparel,Bottomwear,Skirts,Blue,Fall,2011.0,Casual,Doodle Girl Denim skirt with belt Blue Skirts
26530,Men,Footwear,Shoes,Casual Shoes,Purple,Spring,2013.0,Casual,Gas Men Aishley Greyish Purple Casual Shoes
16608,Women,Apparel,Topwear,Tops,Green,Fall,2011.0,Casual,Jealous 21 Women Printed Green Top
43411,Women,Footwear,Shoes,Flats,Black,Summer,2012.0,Casual,Puma Women Black Crazy Slide Flats
35493,Men,Footwear,Shoes,Formal Shoes,Black,Summer,2012.0,Formal,Bata Men Black Formal Shoes
22276,Women,Footwear,Shoes,Heels,Black,Winter,2012.0,Casual,Inc.5 Women Black Casual Heels
57055,Women,Apparel,Dress,Dresses,Brown,Summer,2012.0,Casual,Elle Women Brown Dress
7241,Men,Footwear,Shoes,Formal Shoes,Brown,Fall,2011.0,Formal,Rockport Men's Abraim Brown Shoe
2105,Men,Apparel,Bottomwear,Track Pants,Black,Fall,2010.0,Sports,ADIDAS Men's Climalite Track Pants
39731,Women,Apparel,Bottomwear,Skirts,Grey,Summer,2012.0,Formal,Arrow Woman Grey Skirt
7191,Women,Apparel,Bottomwear,Jeans,Grey,Fall,2011.0,Casual,Jealous 21 Women Jealous Grey Jegging
41570,Women,Apparel,Dress,Dresses,Pink,Summer,2012.0,Casual,AND Women Pink Dress
22162,Men,Footwear,Shoes,Casual Shoes,Black,Summer,2011.0,Casual,Timberland Men Black Casual Shoes
22127,Men,Footwear,Shoes,Formal Shoes,Brown,Fall,2011.0,Formal,Provogue Men Brown Formal Shoes
23934,Men,Footwear,Shoes,Casual Shoes,Black,Summer,2011.0,Casual,Lotto Men Black Skate Slip-On Casual Shoes
56983,Women,Footwear,Shoes,Flats,Blue,Winter,2012.0,Casual,HM Women Blue Sandals
5404,Men,Footwear,Shoes,Sports Shoes,White,Fall,2011.0,Sports,Kalenji Kiprun 1000 Whi/ Blue 2011
27848,Women,Apparel,Topwear,Tshirts,Navy Blue,Summer,2012.0,Casual,Scullers For Her Navy Blue T-shirt
9083,Women,Apparel,Bottomwear,Track Pants,Black,Fall,2011.0,Sports,ADIDAS Women Ess Cuffed Pant Black Trackpant
43223,Women,Apparel,Bottomwear,Trousers,Black,Fall,2012.0,Formal,United Colors of Benetton Women Black Trouser
31449,Men,Apparel,Bottomwear,Shorts,Black,Summer,2012.0,Sports,Nike Men Training Black Shorts
8480,Women,Apparel,Dress,Dresses,Cream,Fall,2011.0,Casual,Forever New Women Magnolia Cream Dress
15685,Men,Apparel,Bottomwear,Trousers,Khaki,Fall,2011.0,Casual,Highlander Men Classic Chinos Khaki Trousers
30603,Boys,Apparel,Bottomwear,Shorts,Maroon,Summer,2012.0,Sports,Nike Boys Basketball Red Shorts
55642,Women,Footwear,Shoes,Heels,Black,Winter,2015.0,Casual,Catwalk Women Black Peep Toes
13088,Men,Apparel,Topwear,Tshirts,Red,Fall,2011.0,Sports,ADIDAS Men NBA Bold Red T-shirts
54918,Men,Apparel,Bottomwear,Shorts,Brown,Summer,2012.0,Casual,Do u speak green Men Brown 3/4th Pant
11290,Men,Apparel,Bottomwear,Jeans,Blue,Summer,2016.0,Casual,Wrangler Men Blue Floyd Fit Jeans
11301,Women,Apparel,Bottomwear,Jeans,Blue,Fall,2011.0,Casual,Wrangler Women Blue Custom Jeans
17671,Women,Footwear,Shoes,Heels,Beige,Winter,2015.0,Casual,Catwalk Women Fancy Beige Heels
8588,Men,Apparel,Topwear,Shirts,Blue,Fall,2011.0,Casual,Scullers Men Scul Blue Shirts
26934,Women,Apparel,Dress,Dresses,Black,Summer,2012.0,Casual,Jealous 21 Women Black Dress
19974,Women,Apparel,Topwear,Tshirts,Yellow,Summer,2011.0,Casual,United Colors of Benetton Women Yellow T-shirt
34250,Men,Apparel,Bottomwear,Shorts,Charcoal,Summer,2013.0,Sports,Proline Charcoal Grey Shorts
26260,Men,Apparel,Bottomwear,Track Pants,Grey,Summer,2012.0,Sports,Proline Men Grey Track Pants
16138,Women,Apparel,Topwear,Tshirts,Grey,Fall,2011.0,Casual,Tokyo Talkies Women Printed Grey Top
23073,Men,Apparel,Bottomwear,Trousers,Grey,Winter,2014.0,Formal,Arrow Men Grey Trousers
33270,Girls,Apparel,Bottomwear,Skirts,White,Summer,2012.0,Casual,Gini & Jony Girls White Skirt
59056,Women,Footwear,Shoes,Casual Shoes,Blue,Winter,2012.0,Casual,Carlton London Women Blue & Cream Shoes
34543,Men,Footwear,Shoes,Formal Shoes,Brown,Winter,2018.0,Formal,Red Tape Men Brown Formal Shoes
34565,Women,Apparel,Dress,Dresses,Black,Summer,2012.0,Casual,Tonga Women Printed Black Dress
53252,Men,Apparel,Bottomwear,Jeans,Blue,Summer,2012.0,Casual,Locomotive Men Blue Jeans
18718,Women,Apparel,Topwear,Tops,Purple,Fall,2011.0,Casual,Arrow Woman Victoria Purple Top
33267,Girls,Apparel,Bottomwear,Shorts,Blue,Summer,2012.0,Casual,Gini and Jony Girls Blue Shorts
8839,Men,Apparel,Bottomwear,Trousers,Grey,Summer,2011.0,Casual,Scullers Men Scul Grey Trousers
2623,Women,Footwear,Shoes,Flats,Black,Fall,2010.0,Casual,Carlton London Women Black Sandal
46582,Women,Footwear,Shoes,Heels,Bronze,Summer,2012.0,Casual,Catwalk Women Bronze Sandals
13957,Women,Apparel,Topwear,Tops,Purple,Summer,2011.0,Casual,United Colors of Benetton Women Solid Purple Tops
10295,Men,Footwear,Shoes,Casual Shoes,Brown,Summer,2016.0,Casual,Clarks Men Brown Leather Casual Shoes
2625,Women,Footwear,Shoes,Flats,Gold,Fall,2009.0,Casual,Carlton London Women Wedge Gold Sandal
13682,Women,Footwear,Shoes,Sports Shoes,Silver,Fall,2011.0,Sports,ADIDAS Women Duramo 3 Sports Shoes
33745,Women,Apparel,Topwear,Tops,Blue,Summer,2012.0,Casual,Vero Moda Women Blue Top
58506,Women,Apparel,Dress,Dresses,Blue,Fall,2012.0,Casual,Tonga Women Printed Blue Dress
14690,Men,Apparel,Bottomwear,Trousers,Grey,Fall,2011.0,Casual,Basics Men Grey Trousers
33248,Men,Apparel,Topwear,Shirts,White,Summer,2012.0,Formal,Arrow Men White Striped Shirt
15110,Men,Apparel,Bottomwear,Trousers,Black,Fall,2011.0,Formal,Arrow Men TR Finish Black Trousers
3134,Women,Footwear,Shoes,Heels,Silver,Winter,2015.0,Casual,Catwalk Women Flat Studded Crystal Silver Flats
5600,Men,Footwear,Shoes,Sports Shoes,Blue,Summer,2011.0,Sports,Reebok Men's Trail Mud Slinger Black Blue Shoe
27181,Men,Apparel,Bottomwear,Trousers,Blue,Summer,2012.0,Formal,Mark Taylor Men Striped Blue Trousers
18665,Men,Footwear,Shoes,Casual Shoes,White,Summer,2013.0,Casual,Fila Men Syncro White Shoes
10859,Men,Apparel,Topwear,Tshirts,Navy Blue,Fall,2011.0,Casual,Wrangler Men Furious Rides Navy Blue T-Shirts
6150,Unisex,Footwear,Shoes,Sports Shoes,Silver,Summer,2011.0,Sports,Puma Unisex Tornado Silver Navy Shoes
49607,Women,Footwear,Shoes,Heels,Brown,Winter,2015.0,Casual,Catwalk Women Brown Heeled Shoes
57014,Women,Footwear,Shoes,Flats,Multi,Winter,2012.0,Casual,HM Women Multicoloured Heels
41741,Women,Footwear,Shoes,Flats,Brown,Winter,2015.0,Casual,Catwalk Women Brown Flats
8835,Men,Apparel,Bottomwear,Trousers,Green,Summer,2011.0,Formal,Scullers Men Scul Green Trousers
34149,Girls,Apparel,Bottomwear,Skirts,Blue,Summer,2012.0,Casual,Gini and Jony Girls Washed Blue Skirt
41692,Women,Footwear,Shoes,Heels,Gold,Winter,2012.0,Casual,Catwalk Women Gold Heels
44918,Men,Apparel,Bottomwear,Shorts,White,Summer,2012.0,Casual,Puma Men White Shorts
48495,Women,Apparel,Bottomwear,Trousers,Olive,Winter,2011.0,Casual,French Connection Women Olive Trousers
38663,Men,Footwear,Shoes,Sports Shoes,Black,Summer,2012.0,Sports,Nike Men Downshifter Black Sports Shoes
32519,Men,Footwear,Shoes,Formal Shoes,Brown,Summer,2013.0,Formal,Franco Leone Men Boot Brown Formal Shoes
14701,Men,Apparel,Bottomwear,Trousers,Olive,Fall,2011.0,Casual,Basics Men Olive Cargos
19394,Men,Apparel,Topwear,Jackets,Blue,Summer,2011.0,Casual,ADIDAS Men Solid Blue Jacket
13247,Men,Apparel,Bottomwear,Jeans,Blue,Fall,2011.0,Casual,Palm Tree Kids Boy Washed Blue Jeans
3840,Women,Footwear,Shoes,Flats,Black,Summer,2011.0,Casual,Crocs Women Lady Black Sandal
44429,Men,Footwear,Shoes,Formal Shoes,Black,Summer,2013.0,Formal,Gliders Men Black Formal Shoes
34833,Women,Footwear,Shoes,Flats,Green,Summer,2012.0,Casual,ADIDAS Women Sweep Green Sandals
29240,Men,Footwear,Shoes,Sports Shoes,White,Summer,2012.0,Sports,ADIDAS Men White Elite Speed Sports Shoes
12703,Women,Footwear,Shoes,Sports Shoes,White,Fall,2011.0,Sports,Nike Women Downshifter White Sports Shoes
59212,Women,Footwear,Shoes,Heels,Beige,Fall,2012.0,Casual,Senorita Women Beige Flats
13426,Men,Apparel,Topwear,Tshirts,Red,Summer,2011.0,Casual,United Colors of Benetton Men Stripes Red  Polo T-shirts
13835,Men,Apparel,Topwear,Jackets,Black,Summer,2012.0,Sports,Nike Men Solid Black Jackets
32808,Women,Footwear,Shoes,Heels,Pink,Winter,2012.0,Casual,iPanema Women Ritmos Pink Flats
57530,Men,Footwear,Shoes,Casual Shoes,Black,Fall,2012.0,Casual,Provogue Men Black Casual Shoes
16001,Men,Apparel,Topwear,Sweaters,Blue,Fall,2011.0,Casual,Turtle Solid Men Blue Sweaters
4896,Women,Apparel,Topwear,Tops,Yellow,Summer,2011.0,Casual,Levis Kids Girl's Diane Yellow Teens Kidswear
15740,Women,Footwear,Shoes,Sports Shoes,Grey,Fall,2011.0,Sports,Nike Women Air Relentless Grey Sports Shoes
2616,Women,Footwear,Shoes,Flats,Gold,Fall,2010.0,Sports,Carlton London Women Gold Wedge Sandal
9673,Men,Apparel,Bottomwear,Shorts,Navy Blue,Fall,2011.0,Casual,ADIDAS Men Ess 3s Hsj Navy Blue Shorts
39804,Men,Apparel,Bottomwear,Trousers,Olive,Spring,2013.0,Formal,Peter England Men Dark Olive Green Trousers
40258,Men,Apparel,Topwear,Shirts,White,Summer,2012.0,Casual,Scullers Men White & Navy Blue Shirt
10309,Women,Footwear,Shoes,Flats,White,Winter,2013.0,Casual,Clarks Women White Leather Flats
10455,Men,Apparel,Topwear,Tshirts,Pink,Fall,2011.0,Casual,Flying Machine Men Mauvemist Purple Tshirts
10263,Men,Footwear,Shoes,Formal Shoes,Black,Summer,2013.0,Formal,Clarks Men Energise Me Leather Black Formal Shoes
39570,Women,Footwear,Shoes,Heels,Black,Winter,2015.0,Casual,Catwalk Women Black Heels
26254,Men,Apparel,Bottomwear,Track Pants,Charcoal,Summer,2012.0,Sports,Proline Men Charcoal Grey Track Pants
7046,Men,Footwear,Shoes,Casual Shoes,Beige,Summer,2011.0,Casual,Numero Uno Men's Beige Shoe
39578,Women,Footwear,Shoes,Heels,Bronze,Winter,2015.0,Casual,Catwalk Women Bronze Heels
22135,Men,Footwear,Shoes,Formal Shoes,Black,Fall,2011.0,Formal,Provogue Men Black Formal Shoes
55612,Men,Footwear,Shoes,Formal Shoes,Black,Summer,2012.0,Casual,Numero Uno Men Black Shoes
33695,Men,Footwear,Shoes,Formal Shoes,Black,Winter,2012.0,Smart Casual,Cobblerz Men Black Leather Semi-Formal Shoes
6953,Women,Apparel,Topwear,Tops,Blue,Summer,2011.0,Casual,s.Oliver Women's Striped Light Blue Top
56905,Women,Footwear,Shoes,Heels,Black,Winter,2012.0,Casual,HM Women Black Flats
44304,Men,Apparel,Bottomwear,Shorts,Grey,Summer,2012.0,Casual,Indian Terrain Men Grey Shorts
5768,Women,Apparel,Bottomwear,Jeans,Blue,Summer,2011.0,Casual,Jealous 21 Women Dark Blue Jeggning
18742,Women,Apparel,Topwear,Tops,Brown,Fall,2011.0,Casual,Arrow Woman Boho Brown Top
53248,Men,Apparel,Bottomwear,Trousers,Charcoal,Summer,2012.0,Formal,Mark Taylor Men Charcoal Black Striped Trousers
17001,Women,Footwear,Shoes,Flats,Purple,Winter,2012.0,Casual,Rocia Women Purple Heels
20762,Women,Footwear,Shoes,Heels,Red,Winter,2012.0,Casual,Carlton London  Women Casual Red Sandals
18855,Men,Apparel,Topwear,Tshirts,Blue,Fall,2011.0,Casual,Puma Men Athletic Stellar Blue Polo Tshirt
35694,Men,Footwear,Shoes,Casual Shoes,Blue,Summer,2012.0,Casual,Nike Men Dunk Low Blue Shoes
12019,Men,Apparel,Topwear,Shirts,White,Fall,2011.0,Formal,Mark Taylor Men White Green Striped Shirts
13830,Men,Apparel,Topwear,Sweaters,Grey,Fall,2011.0,Casual,Indigo Nation Men Stripes Grey Sweaters
30608,Men,Apparel,Bottomwear,Track Pants,Navy Blue,Summer,2012.0,Casual,Nike Men Navy Blue Track Pants
33130,Women,Footwear,Shoes,Heels,Brown,Winter,2015.0,Casual,Catwalk Women Brown Stilettos
42137,Men,Footwear,Shoes,Sports Shoes,White,Summer,2012.0,Sports,Nike Men White Air Courtballistec White Sports Shoes
2116,Men,Apparel,Bottomwear,Track Pants,Black,Fall,2010.0,Sports,ADIDAS Men Smooth Striped Track Pants
8500,Women,Apparel,Dress,Dresses,Multi,Fall,2011.0,Casual,Forever New Women GeoPrint Multi Coloured Dress
16350,Men,Apparel,Topwear,Shirts,Cream,Fall,2011.0,Formal,Peter England Men Stripes Cream Shirt
46599,Women,Footwear,Shoes,Heels,Tan,Summer,2012.0,Casual,Catwalk Women Tan Heels
51406,Men,Apparel,Topwear,Shirts,Yellow,Summer,2012.0,Casual,Myntra Men Yellow Striped Shirt
11324,Men,Apparel,Bottomwear,Trousers,Black,Fall,2011.0,Smart Casual,United Colors of Benetton Men Black and Brown Checked Trousers
44309,Men,Apparel,Bottomwear,Shorts,Brown,Summer,2012.0,Casual,Indian Terrain Men Brown Shorts
15037,Women,Apparel,Topwear,Sweaters,Black,Fall,2011.0,Casual,ADIDAS Women Check Black Sweaters
31174,Girls,Apparel,Topwear,Tops,Red,Summer,2012.0,Casual,Gini and Jony Girls Red Top
7708,Women,Apparel,Bottomwear,Jeans,Blue,Fall,2011.0,Casual,Jealous 21 Women Aliah Blue Jegging
47536,Women,Footwear,Shoes,Flats,Black,Winter,2012.0,Casual,Portia Women Black Flats
13474,Women,Footwear,Shoes,Flats,Gold,Fall,2011.0,Casual,Rocia Women Gold Toned Flats
59175,Men,Footwear,Shoes,Formal Shoes,Brown,Fall,2012.0,Formal,Fortune Men Brown Formal Shoes
7236,Men,Footwear,Shoes,Formal Shoes,Black,Fall,2011.0,Formal,Rockport Men's Ragosta Black Shoe
34633,Men,Footwear,Shoes,Sports Shoes,Black,Summer,2012.0,Sports,Lotto Men Dolce Vita II Black Sports Shoes
16216,Men,Apparel,Bottomwear,Track Pants,Grey,Fall,2011.0,Casual,Puma Men Lifestyle  Grey Track Pant
43364,Women,Footwear,Shoes,Flats,Silver,Summer,2013.0,Casual,Reebok Women Silver Coloured Casual Shoes
58011,Women,Apparel,Topwear,Tops,Blue,Fall,2012.0,Casual,Latin Quarters Women Blue Top
15260,Women,Footwear,Shoes,Casual Shoes,Black,Fall,2011.0,Casual,ADIDAS Originals Women Rekapi Black Casual Shoes
14441,Women,Footwear,Shoes,Heels,White,Summer,2012.0,Casual,Enroute Women Casual White Flats
57898,Women,Apparel,Topwear,Tops,Orange,Fall,2012.0,Casual,Femella Women Multi Coloured Top
14476,Women,Footwear,Shoes,Heels,Blue,Summer,2012.0,Casual,Enroute Women Steelblue Heels
36417,Women,Footwear,Shoes,Sports Shoes,Black,Spring,2013.0,Sports,Spinn Women Alliance Black Sports Shoes
53768,Men,Apparel,Topwear,Tshirts,Blue,Summer,2012.0,Casual,Puma Men Blue T-shirt
59037,Women,Footwear,Shoes,Flats,Green,Winter,2012.0,Casual,Carlton London Women Green Flats
40668,Women,Apparel,Topwear,Shirts,Grey,Summer,2012.0,Casual,Lee Women Grey Glorious Shirt
58439,Women,Apparel,Dress,Dresses,Black,Summer,2012.0,Casual,AND by Anita Dongre Women Black Dress
42723,Women,Footwear,Shoes,Flats,Black,Winter,2012.0,Casual,Rocia Women Black & Brown Sandals
9037,Men,Footwear,Shoes,Formal Shoes,Black,Winter,2011.0,Formal,Buckaroo Men Medina Black Formal Shoes
6588,Women,Apparel,Bottomwear,Track Pants,Grey,Summer,2011.0,Sports,Nike Women's Bold Nylon Grey Track Pant
45416,Women,Footwear,Shoes,Flats,Brown,Winter,2012.0,Casual,Rocia Women Brown & White Sandals
57299,Women,Footwear,Shoes,Heels,Black,Winter,2012.0,Casual,Rocia Women Black Flats
37961,Women,Footwear,Shoes,Heels,White,Fall,2012.0,Casual,Clarks Women Un Spire White Sandals
8892,Men,Apparel,Bottomwear,Trousers,Navy Blue,Fall,2011.0,Formal,Scullers Men Navy Blue Trousers
9127,Women,Footwear,Shoes,Sports Shoes,White,Fall,2011.0,Sports,Puma Women Cell Varex SL White Sports Shoes
14477,Women,Footwear,Shoes,Heels,Blue,Summer,2012.0,Casual,Enroute Women Casual Blue Flats
53459,Women,Footwear,Shoes,Heels,Silver,Winter,2015.0,Casual,Catwalk Women Silver Heels
3919,Men,Apparel,Bottomwear,Track Pants,Black,Summer,2011.0,Casual,Urban Yoga Men's Yoga Black Track Pant
33278,Boys,Apparel,Bottomwear,Jeans,Blue,Summer,2012.0,Casual,Gini and Jony Boys Washed Blue Jeans
1787,Men,Footwear,Shoes,Sports Shoes,White,Fall,2010.0,Sports,Lotto Men Court Logo White-Silver Shoe
46342,Men,Apparel,Bottomwear,Jeans,Blue,Summer,2012.0,Casual,Locomotive Men Blue Jeans
14126,Women,Apparel,Bottomwear,Jeans,Blue,Fall,2011.0,Casual,Flying Machine Women Washed Blue Jeans
39215,Women,Apparel,Topwear,Tops,Black,Summer,2012.0,Casual,Femella Women Black One Pocket Tank Top
25025,Women,Apparel,Topwear,Jackets,Purple,Fall,2011.0,Sports,Nike Women Vapor Purple Jacket
23668,Men,Apparel,Topwear,Sweaters,Black,Fall,2011.0,Casual,Spykar Men Black Sweaters
13183,Men,Footwear,Shoes,Sports Shoes,White,Fall,2011.0,Sports,Fila Men Dls 96 White Sports Shoes
4655,Women,Footwear,Shoes,Sports Shoes,White,Summer,2011.0,Sports,ADIDAS Women Desma Low White Pink Shoe
13113,Men,Apparel,Bottomwear,Shorts,Khaki,Fall,2011.0,Casual,ADIDAS Men HT Khakhi Short
36230,Men,Footwear,Shoes,Sports Shoes,White,Summer,2012.0,Sports,Nike Men Air Courtballistec 4.1 White Sports Shoes
16920,Men,Apparel,Bottomwear,Jeans,Navy Blue,Fall,2011.0,Casual,Spykar Men Washed Navy Blue Jeans
31127,Girls,Apparel,Dress,Dresses,Black,Summer,2012.0,Casual,Gini and Jony Girls Black Dress
3551,Men,Footwear,Shoes,Casual Shoes,Brown,Winter,2015.0,Casual,Skechers Men's Charcoal Lifestyle Shoe
12993,Unisex,Footwear,Shoes,Sports Shoes,Black,Fall,2011.0,Sports,ADIDAS Kids Adispeed Black Sports Shoes
27020,Women,Apparel,Bottomwear,Jeans,Navy Blue,Summer,2012.0,Casual,Jealous 21 Women Navy Blue Jeans
29711,Men,Apparel,Topwear,Shirts,Blue,Summer,2012.0,Formal,John Miller Men Check Blue Shirt
25922,Women,Apparel,Topwear,Tshirts,Navy Blue,Summer,2012.0,Casual,Femella Women Navy Blue T-shirt
59759,Women,Footwear,Shoes,Heels,Black,Winter,2012.0,Casual,Rocia Women Black Flats
5980,Men,Apparel,Topwear,Shirts,Grey,Summer,2011.0,Casual,Locomotive Men Charcoal Stripe Shirt
45378,Women,Footwear,Shoes,Flats,Black,Summer,2012.0,Casual,Rocia Women Black Sandals
35819,Women,Footwear,Shoes,Heels,Grey,Summer,2012.0,Casual,Enroute Women Bluish Grey Flats
5231,Men,Apparel,Topwear,Tshirts,Navy Blue,Summer,2011.0,Casual,Classic Polo Men's Cari Navy Polo T-shirt
8904,Men,Apparel,Bottomwear,Trousers,White,Fall,2011.0,Formal,Indigo Nation Men ID Solid White Trousers
22536,Men,Footwear,Shoes,Casual Shoes,Green,Spring,2013.0,Casual,Gas Men Skate Green Casual Shoes
15620,Men,Apparel,Topwear,Jackets,Grey,Fall,2011.0,Sports,Nike Men AS Thermal Grey Jackets
22847,Men,Footwear,Shoes,Casual Shoes,Brown,Summer,2016.0,Casual,Woodland Men Camel Casual Shoes
19340,Men,Apparel,Topwear,Jackets,Black,Fall,2011.0,Casual,United Colors of Benetton Men Solid Black Jacket
59122,Men,Apparel,Topwear,Jackets,Grey,Summer,2012.0,Casual,Just Natural Men Grey Jacket
26256,Men,Apparel,Bottomwear,Track Pants,Grey,Summer,2012.0,Sports,Proline Men Grey Track Pants
49599,Women,Footwear,Shoes,Heels,Black,Winter,2015.0,Casual,Catwalk Women Black Heels
48459,Men,Apparel,Bottomwear,Shorts,Blue,Summer,2012.0,Casual,French Connection Men Blue Striped Shorts
11345,Men,Apparel,Bottomwear,Jeans,Black,Fall,2011.0,Casual,Lee Men Elvira Rinse Black Jeans
18569,Men,Apparel,Topwear,Sweaters,Red,Fall,2011.0,Casual,Puma Men Solid Red Sweater
30259,Men,Footwear,Shoes,Casual Shoes,Navy Blue,Winter,2018.0,Casual,Red Tape Men Navy Blue Shoes
59174,Men,Footwear,Shoes,Formal Shoes,Brown,Fall,2012.0,Formal,Fortune Men Brown Formal Shoes
5726,Men,Footwear,Shoes,Sports Shoes,Black,Summer,2011.0,Sports,Reebok Men's Zigfuel Black Yellow Shoe
32768,Men,Apparel,Topwear,Tshirts,Grey,Spring,2013.0,Casual,Music Men Printed Grey T-shirt
13251,Men,Apparel,Bottomwear,Trousers,Beige,Fall,2011.0,Casual,Palm Tree Kids Boy Solid Beige Trousers
2880,Women,Footwear,Shoes,Heels,Grey,Summer,2016.0,Formal,Catwalk Women Leather Formal Grey Heels
35416,Men,Footwear,Shoes,Formal Shoes,Black,Summer,2012.0,Formal,Enroute Men Black Formal Shoes
16054,Men,Apparel,Bottomwear,Trousers,Grey,Fall,2011.0,Casual,Highlander Men Solid Grey Trouser
29343,Men,Apparel,Topwear,Tshirts,White,Summer,2012.0,Casual,Probase Men Printed White T-shirt
59982,Women,Apparel,Dress,Dresses,Black,Fall,2012.0,Casual,Avirate Black & Cream Dress
14098,Men,Apparel,Topwear,Tshirts,Blue,Fall,2011.0,Casual,Flying Machine Men Printed Blue Tshirts
39388,Men,Apparel,Bottomwear,Jeans,Black,Summer,2012.0,Casual,Peter England Men Black Jeans
22905,Men,Apparel,Bottomwear,Trousers,Charcoal,Summer,2011.0,Formal,Mark Taylor Men Black Striped Trousers
20895,Men,Footwear,Shoes,Casual Shoes,Orange,Fall,2011.0,Casual,Basics Men Orange Casual Shoes
18402,Men,Footwear,Shoes,Casual Shoes,Black,Fall,2011.0,Casual,Skechers Men USA Black Shoe
30919,Women,Apparel,Bottomwear,Trousers,Pink,Summer,2012.0,Ethnic,Fabindia Women Pink Harem Pants
2114,Women,Apparel,Bottomwear,Track Pants,Black,Fall,2010.0,Sports,ADIDAS Women Essential Black Candy Pants
18957,Women,Apparel,Topwear,Jackets,Grey,Fall,2011.0,Casual,United Colors of Benetton Women Solid Grey Knitted Jacket
47537,Women,Footwear,Shoes,Flats,Brown,Winter,2012.0,Casual,Portia Women Brown Flats
51366,Women,Apparel,Bottomwear,Jeans,Blue,Summer,2012.0,Casual,Spykar Women Blue Jeans
22607,Men,Apparel,Bottomwear,Shorts,Navy Blue,Fall,2011.0,Sports,Nike Men Navy Blue Shorts
38343,Girls,Apparel,Topwear,Tops,White,Summer,2012.0,Casual,Mr. Men Little Miss Girls White Tops
59813,Men,Apparel,Bottomwear,Trousers,Beige,Fall,2012.0,Casual,United Colors of Benetton Men Beige Trousers
9674,Men,Apparel,Bottomwear,Shorts,Black,Fall,2011.0,Casual,ADIDAS Men Pre FM trg Black Shorts
28606,Men,Footwear,Shoes,Sports Shoes,Black,Summer,2012.0,Casual,Nike Men Air Twilight Black Shoes
13357,Men,Footwear,Shoes,Casual Shoes,Black,Fall,2011.0,Casual,Timberland Men Jeunes Black Casual Shoes
33497,Men,Apparel,Bottomwear,Shorts,Beige,Summer,2012.0,Casual,Doodle Kids Boy  Beige Shorts
31459,Men,Apparel,Bottomwear,Shorts,Black,Summer,2012.0,Sports,Nike Men Football Black Shorts
56997,Women,Footwear,Shoes,Flats,Black,Winter,2012.0,Casual,HM Women Black Sandals
33350,Men,Footwear,Shoes,Formal Shoes,Black,Summer,2012.0,Formal,Homme Men Black Formal Shoes
8085,Women,Footwear,Shoes,Sports Shoes,Silver,Fall,2011.0,Sports,ADIDAS Women Vanquish5 Silver Sports Shoes
10268,Men,Footwear,Shoes,Formal Shoes,Black,Fall,2012.0,Formal,Clarks Men Hang Work Leather Black Formal Shoes
33145,Boys,Apparel,Bottomwear,Shorts,Blue,Summer,2012.0,Casual,Gini and Jony Boys Blue Shorts
45400,Women,Footwear,Shoes,Flats,Maroon,Winter,2012.0,Casual,Rocia Women Maroon Sandals
56935,Women,Footwear,Shoes,Heels,Blue,Winter,2012.0,Casual,HM Women Blue Flats
15054,Men,Footwear,Shoes,Formal Shoes,Black,Summer,2013.0,Formal,Franco Leone Men Black Formal Shoe
33539,Women,Apparel,Topwear,Tops,Black,Summer,2012.0,Casual,Wrangler Women Maddy Black Top
45423,Women,Footwear,Shoes,Flats,Black,Winter,2012.0,Casual,Rocia Women Black Sandals
14516,Men,Apparel,Topwear,Shirts,White,Fall,2011.0,Formal,Mark Taylor Men White & Green Striped Shirt
24329,Women,Apparel,Bottomwear,Track Pants,Blue,Fall,2011.0,Sports,ADIDAS Women Blue Track Pants
27429,Women,Apparel,Topwear,Tshirts,Pink,Winter,2015.0,Casual,Jockey Women Pink T-shirt
14122,Women,Apparel,Bottomwear,Jeans,Blue,Fall,2011.0,Casual,Flying Machine Women Washed Blue Jeans
31440,Men,Apparel,Bottomwear,Trousers,Grey,Summer,2012.0,Casual,HIghlander Men Grey Trousers
8844,Men,Apparel,Bottomwear,Trousers,Brown,Summer,2011.0,Casual,Scullers Men Scul Brown Trousers
35821,Women,Footwear,Shoes,Heels,Black,Summer,2012.0,Casual,Enroute Women Black Heels
7550,Men,Apparel,Topwear,Tshirts,Blue,Summer,2011.0,Sports,Nike Men's Teal Blue Polo T-shirt
6245,Men,Apparel,Topwear,Tshirts,Grey,Summer,2011.0,Casual,UCB Men's Contrast Logo Grey T-shirt
13260,Women,Apparel,Bottomwear,Jeans,Black,Fall,2011.0,Casual,Palm Tree Kids Girl Washed Black Jeans
2680,Men,Apparel,Topwear,Tshirts,Blue,Summer,2011.0,Casual,Inkfruit Men's Indian Rule Blue T-shirt
20303,Women,Apparel,Topwear,Sweaters,Purple,Fall,2011.0,Casual,Jealous 21 Women Solid Purple Sweater
33354,Men,Footwear,Shoes,Formal Shoes,Black,Summer,2012.0,Formal,Homme Men Black Formal Shoes
33285,Men,Apparel,Topwear,Tshirts,Blue,Summer,2012.0,Casual,Arrow Sport Men Striped Blue Polo T-shirt
41384,Women,Apparel,Topwear,Shirts,Pink,Summer,2012.0,Casual,Wrangler Women Pink Shirt
38997,Girls,Apparel,Dress,Dresses,Blue,Summer,2012.0,Casual,Gini and Jony Girls Digital Blue Dress
4570,Women,Footwear,Shoes,Sports Shoes,Black,Summer,2011.0,Sports,Nike Women Iza Black Shoe
52556,Women,Apparel,Bottomwear,Jeans,Blue,Summer,2012.0,Casual,Pepe Jeans Women Blue Jeans
48110,Women,Apparel,Bottomwear,Shorts,Red,Summer,2012.0,Casual,French Connection Women Red Shorts
11077,Men,Apparel,Topwear,Sweaters,Purple,Fall,2011.0,Casual,Scullers Men Stripes Purple Sweaters
15174,Men,Apparel,Topwear,Tshirts,Yellow,Fall,2013.0,Casual,Arrow Men Yellow Polo T-shirt
9175,Men,Apparel,Bottomwear,Jeans,Blue,Fall,2011.0,Casual,Locomotive Men Banks Blue Jeans
6343,Women,Footwear,Shoes,Flats,Black,Winter,2015.0,Casual,Catwalk Women Black Peep Toes
8463,Women,Apparel,Topwear,Tops,Pink,Fall,2011.0,Casual,Jealous 21 Women Jealous Paiva Pink Tops
14390,Women,Footwear,Shoes,Heels,Brown,Winter,2015.0,Casual,Catwalk Women Casual Brown Heels
15119,Men,Apparel,Bottomwear,Trousers,Grey,Fall,2012.0,Formal,Arrow Men Stripes Grey Trousers
20856,Men,Footwear,Shoes,Casual Shoes,Black,Fall,2011.0,Casual,United Colors of Benetton Men Casual Black Shoes
12044,Men,Apparel,Bottomwear,Jeans,Blue,Fall,2011.0,Casual,Spykar Men Washed Blue Jeans
56989,Women,Footwear,Shoes,Heels,Brown,Winter,2012.0,Casual,HM Women Brown Flats
52161,Women,Apparel,Dress,Dresses,Black,Summer,2012.0,Casual,Femella Women Black Pleated Dress
35787,Women,Footwear,Shoes,Flats,Grey,Summer,2012.0,Casual,Enroute Women Grey Shoes
56679,Women,Footwear,Shoes,Heels,Brown,Winter,2012.0,Casual,Portia Women Brown Sandals
6876,Women,Apparel,Topwear,Jackets,Peach,Summer,2011.0,Casual,Forever New Women Peach Jacket
26418,Men,Apparel,Topwear,Shirts,Purple,Summer,2012.0,Casual,Turtle Men Check Purple Shirt
9173,Men,Apparel,Bottomwear,Jeans,Blue,Fall,2011.0,Casual,Locomotive Men Bao Blue Jeans
55648,Women,Footwear,Shoes,Flats,Blue,Winter,2015.0,Casual,Catwalk Women Blue Flats
3481,Men,Apparel,Bottomwear,Track Pants,Black,Fall,2010.0,Sports,ADIDAS Men's Black White Track Pant
41475,Men,Footwear,Shoes,Formal Shoes,Black,Winter,2012.0,Formal,Carlton London Men Black Formal Shoes
43657,Women,Apparel,Bottomwear,Shorts,Purple,Summer,2012.0,Casual,ONLY Women Purple Shorts
17993,Women,Apparel,Bottomwear,Track Pants,Grey,Fall,2009.0,Sports,Puma Women Essential Skinny Grey Track Pant
13075,Men,Footwear,Shoes,Casual Shoes,Black,Summer,2013.0,Casual,Numero Uno Men Black Shoes
13264,Women,Apparel,Bottomwear,Skirts,Pink,Fall,2011.0,Casual,Palm Tree Kids Girls Solid Pink Skirts
50156,Women,Footwear,Shoes,Heels,Gold,Winter,2012.0,Casual,Rocia Women Gold Toned Heels
4637,Women,Footwear,Shoes,Sports Shoes,White,Summer,2011.0,Sports,ADIDAS Women Phantom Low White Red Grey Shoe
9605,Men,Apparel,Topwear,Shirts,Green,Fall,2011.0,Casual,Scullers Men Scul Green White Shirts
26159,Men,Apparel,Bottomwear,Trousers,Navy Blue,Summer,2012.0,Formal,John Miller Men Striped Navy Blue Trousers
2390,Men,Footwear,Shoes,Casual Shoes,Black,Winter,2018.0,Casual,Red Tape Men's Semi Black Casual Shoe
39253,Men,Footwear,Shoes,Casual Shoes,Rust,Winter,2018.0,Casual,Red Chief Men Rust Casual  Shoes
1883,Men,Apparel,Bottomwear,Track Pants,Grey,Winter,2010.0,Casual,FIFA Mens Heritage Collection Grey Track Pants
26641,Men,Footwear,Shoes,Casual Shoes,White,Summer,2012.0,Casual,Puma Men Drift White Casual Shoes
56867,Women,Footwear,Shoes,Flats,Black,Winter,2012.0,Casual,HM Women Black Shoes
47590,Women,Footwear,Shoes,Heels,Green,Winter,2012.0,Casual,Portia Women Green Sandals
43933,Women,Footwear,Shoes,Heels,Black,Winter,2012.0,Casual,Catwalk Women Black Heels
47623,Women,Footwear,Shoes,Heels,Black,Fall,2014.0,Casual,Portia Women Black Flats
1571,Men,Footwear,Shoes,Sports Shoes,White,Fall,2010.0,Sports,Kalenji Men's Super Soft Sports Shoes
57277,Men,Apparel,Topwear,Shirts,Red,Summer,2012.0,Casual,French Connection Men Red Check Shirt
54925,Men,Apparel,Bottomwear,Shorts,Cream,Summer,2012.0,Casual,Do U Speak Green Men Cream Shorts
3660,Men,Footwear,Shoes,Sports Shoes,White,Summer,2011.0,Sports,Fila Men's Racer White Roy Shoe
4043,Men,Footwear,Shoes,Sports Shoes,Black,Summer,2011.0,Sports,ADIDAS Men's Tipoff Black Shoe
31121,Girls,Apparel,Topwear,Tops,Black,Summer,2012.0,Casual,Gini and Jony Girls Black Top
47614,Women,Footwear,Shoes,Heels,Red,Winter,2012.0,Casual,Portia Women Red Heels
43636,Women,Apparel,Topwear,Tops,Yellow,Summer,2012.0,Casual,Vero Moda Women Yellow Top
2710,Girls,Apparel,Dress,Dresses,White,Summer,2011.0,Casual,Disney Kids Girl's White Daisy Kidswear
48466,Women,Apparel,Dress,Dresses,Black,Winter,2011.0,Party,French Connection Women Black Dress
12848,Women,Apparel,Bottomwear,Skirts,Blue,Fall,2011.0,Casual,Ant Kids Check Blue Skirts
43637,Women,Apparel,Dress,Dresses,Pink,Summer,2012.0,Casual,Vero Moda Women Pink Dress
56845,Men,Apparel,Bottomwear,Jeans,Blue,Fall,2012.0,Casual,John Players Men Blue Regular Fit Jeans
47448,Women,Footwear,Shoes,Flats,Brown,Summer,2012.0,Casual,Tiptopp Women Brown Sandals
4317,Unisex,Apparel,Topwear,Tshirts,Red,Summer,2011.0,Casual,Tantra Kid's Unisex Kya Boss Red Kidswear
49654,Women,Apparel,Bottomwear,Skirts,Grey,Summer,2012.0,Casual,Mineral Women Grey Skirt
48465,Women,Apparel,Dress,Dresses,Blue,Summer,2012.0,Casual,French Connection Women Blue Dress
19185,Men,Apparel,Topwear,Shirts,Blue,Fall,2011.0,Casual,United Colors of Benetton Men Check Blue Shirt
27622,Men,Apparel,Bottomwear,Trousers,Grey,Summer,2012.0,Casual,Scullers Men Grey Trousers
11526,Women,Apparel,Topwear,Tops,Black,Fall,2011.0,Casual,United Colors of Benetton Women Light Winter Black Tops
42261,Men,Apparel,Bottomwear,Jeans,Blue,Summer,2012.0,Casual,John Players Men Blue Jeans
7306,Women,Apparel,Dress,Dresses,White,Summer,2011.0,Casual,UCB Women's Sleeveless Off White Dress
47661,Women,Apparel,Dress,Dresses,White,Summer,2012.0,Casual,Femella Women White Heart Print Dress
7218,Men,Footwear,Shoes,Formal Shoes,Brown,Fall,2011.0,Formal,Rockport Men's Carnforth Soft Brown Shoe
28794,Men,Apparel,Bottomwear,Jeans,Blue,Summer,2012.0,Casual,Denizen Men Blue Jeans
11063,Men,Apparel,Topwear,Shirts,Purple,Fall,2011.0,Formal,John Miller Men Solid Purple Shirts
51607,Women,Apparel,Bottomwear,Trousers,Black,Fall,2012.0,Casual,Kraus Jeans Women Black Trousers
14691,Men,Apparel,Bottomwear,Trousers,Tan,Fall,2011.0,Casual,Basics Men Tan Trousers
14990,Men,Apparel,Topwear,Sweaters,Black,Fall,2011.0,Casual,ADIDAS Men Solid Black Sweaters
17628,Men,Apparel,Topwear,Jackets,Charcoal,Fall,2011.0,Casual,ADIDAS Men Solid Grey Jacket
34166,Girls,Apparel,Topwear,Tops,Magenta,Summer,2012.0,Casual,Gini and Jony Girls Purple Top
17020,Women,Footwear,Shoes,Flats,Tan,Winter,2012.0,Casual,Rocia Women Casual Tan Sandal
27195,Women,Apparel,Dress,Dresses,Off White,Summer,2012.0,Casual,Doodle Kids Girl Printed Off White Dress
23068,Men,Apparel,Topwear,Sweaters,Blue,Fall,2011.0,Casual,Arrow Men Blue Check Sweater
3693,Men,Footwear,Shoes,Sports Shoes,White,Summer,2011.0,Sports,Lotto Men's Jumper White Black Shoe
45390,Women,Footwear,Shoes,Flats,White,Winter,2012.0,Casual,Rocia Women White Flats
35266,Women,Apparel,Topwear,Tops,Navy Blue,Summer,2012.0,Casual,Lee Women Kylie Navy Blue Top
59990,Women,Apparel,Dress,Dresses,Pink,Fall,2012.0,Casual,Avirate Pink Dress
22644,Men,Apparel,Bottomwear,Shorts,Navy Blue,Fall,2011.0,Sports,Nike Men Solid Navy Blue Shorts
31116,Boys,Apparel,Bottomwear,Shorts,Grey,Summer,2012.0,Casual,Gini and Jony Boys Grey Shorts
59943,Men,Footwear,Shoes,Casual Shoes,Black,Fall,2012.0,Casual,Vans Men Black & Red Casual Shoes
4944,Men,Apparel,Topwear,Shirts,White,Summer,2011.0,Casual,Gini and Jony Boy's Kaleb White Brown Infant Kidswear
33515,Women,Footwear,Shoes,Heels,Tan,Summer,2016.0,Casual,Cobblerz Women Tan Brown Pumps
15035,Women,Apparel,Topwear,Sweaters,Purple,Fall,2011.0,Casual,ADIDAS Women Stripes Purple Sweaters
26149,Men,Apparel,Bottomwear,Trousers,Charcoal,Summer,2012.0,Formal,John Miller Men Charcoal Trousers
53147,Women,Footwear,Shoes,Heels,Bronze,Winter,2015.0,Casual,Catwalk Women Brown Wedges
30928,Women,Apparel,Bottomwear,Skirts,Blue,Summer,2012.0,Ethnic,Fabindia Women Printed Blue Skirt
49624,Women,Footwear,Shoes,Heels,Blue,Winter,2015.0,Casual,Catwalk Women Blue Flats
27016,Women,Apparel,Bottomwear,Jeans,Blue,Summer,2012.0,Casual,Jealous 21 Women Washed Blue Jeans
3790,Men,Footwear,Shoes,Casual Shoes,Black,Summer,2014.0,Casual,Converse Men's AS Canvas HI Black Shoe
2113,Women,Apparel,Bottomwear,Track Pants,Grey,Fall,2010.0,Sports,ADIDAS Women's Essential Cinder Grey Capris
18717,Women,Apparel,Topwear,Tops,Black,Fall,2011.0,Casual,Arrow Woman Victoria Black Top
11407,Women,Apparel,Topwear,Shirts,Purple,Fall,2011.0,Casual,United Colors of Benetton Women  Winter Purple Shirt
18523,Men,Apparel,Topwear,Jackets,Black,Fall,2011.0,Casual,C Vox Men Control Freak Black Jacket
47202,Men,Footwear,Shoes,Formal Shoes,Black,Summer,2012.0,Formal,Franco Leone Men Black Formal Shoes
39989,Men,Footwear,Shoes,Casual Shoes,Blue,Summer,2013.0,Casual,Gas Men Skate Blue Shoes
44290,Men,Apparel,Bottomwear,Trousers,Navy Blue,Summer,2012.0,Formal,Indian Terrain Men Navy Blue Trousers
45325,Women,Footwear,Shoes,Heels,Blue,Summer,2016.0,Casual,Cobblerz Blue Womens Wedges
24976,Women,Apparel,Topwear,Tops,Peach,Summer,2012.0,Casual,United Colors of Benetton Women Peach Top
7190,Women,Apparel,Bottomwear,Jeans,Black,Fall,2011.0,Casual,Jealous 21 Women Rinse Wash Black Jegging
7180,Women,Apparel,Bottomwear,Jeans,Blue,Fall,2011.0,Casual,Jealous 21 Women Zipped Ankle Shimmer Blue Jeans
15913,Men,Apparel,Topwear,Shirts,White,Fall,2011.0,Formal,Black Coffee Men Stripes White Shirt
51470,Men,Apparel,Bottomwear,Jeans,Black,Summer,2012.0,Casual,Denizen Men Black Jeans
44782,Men,Footwear,Shoes,Sports Shoes,White,Summer,2010.0,Sports,Lotto Men White Los Angeles II Sports Shoes
4987,Women,Apparel,Dress,Dresses,White,Summer,2011.0,Casual,Gini and Jony Girl's Viveca White Floral Kidswear
14527,Men,Apparel,Topwear,Shirts,Brown,Fall,2011.0,Formal,Mark Taylor Men Light Brown & White Striped Shirt
31580,Men,Apparel,Topwear,Tshirts,Navy Blue,Summer,2012.0,Casual,Mark Taylor Men Printed Navy Blue T-shirt
9257,Men,Apparel,Topwear,Shirts,Blue,Fall,2011.0,Formal,Mark Taylor Men Blue Striped Shirt
30261,Men,Footwear,Shoes,Formal Shoes,Brown,Winter,2018.0,Formal,Red Tape Men Brown Formal Shoes
49652,Women,Apparel,Topwear,Tops,Blue,Summer,2012.0,Casual,Mineral Women Blue Top
50949,Women,Apparel,Bottomwear,Jeans,Navy Blue,Summer,2013.0,Casual,Lee Women Navy Blue Roxy Fit Jeans
8323,Boys,Apparel,Topwear,Tshirts,White,Fall,2011.0,Casual,Doodle Boy's Athletic 77 Dept White Kidswear
42044,Men,Footwear,Shoes,Casual Shoes,Grey,Summer,2012.0,Casual,Nike Men Wardour Chukka White Casual Shoes
15486,Women,Footwear,Shoes,Flats,Black,Winter,2012.0,Casual,Carlton London Women Black Boots
46822,Women,Footwear,Shoes,Heels,Multi,Winter,2015.0,Casual,Catwalk Women Multicoloured Heels
17043,Men,Footwear,Shoes,Casual Shoes,Black,Summer,2013.0,Casual,Gas Men Skate 003 Casual Shoe
17003,Women,Footwear,Shoes,Flats,Blue,Winter,2012.0,Casual,Rocia Women Blue Heels
22124,Men,Footwear,Shoes,Formal Shoes,Brown,Summer,2011.0,Formal,Provogue Men Brown Formal Shoes
16195,Men,Apparel,Topwear,Sweaters,Yellow,Fall,2011.0,Casual,Puma Men Stripped SL Yellow Sweater
43912,Women,Apparel,Bottomwear,Trousers,Black,Summer,2012.0,Casual,Femella Women Black Trousers
3953,Women,Apparel,Topwear,Tshirts,Red,Summer,2011.0,Casual,Jealous 21 Women's Red Peace T-shirt
43681,Women,Apparel,Dress,Dresses,Blue,Summer,2012.0,Casual,French Connection Women Printed Blue Dress
53435,Men,Apparel,Topwear,Jackets,Black,Summer,2012.0,Sports,ADIDAS Men Black Jacket
7231,Men,Footwear,Shoes,Formal Shoes,Black,Fall,2011.0,Formal,Rockport Men's Bvallee Black Shoe
10172,Men,Footwear,Shoes,Casual Shoes,Grey,Fall,2011.0,Casual,United Colors of Benetton Men Iceland Grey Casual Shoes
41674,Women,Footwear,Shoes,Heels,Bronze,Summer,2016.0,Casual,Catwalk Women Bronze Flats
57035,Women,Apparel,Dress,Dresses,Multi,Summer,2012.0,Casual,Forever New Women Multi Coloured Dress
24188,Unisex,Footwear,Shoes,Casual Shoes,Red,Summer,2012.0,Casual,Converse Unisex Chuck Taylor All Stars Red Casual Shoes
6242,Women,Apparel,Topwear,Tshirts,Purple,Summer,2011.0,Casual,Lee Women's Rihana Purple T-shirt
9762,Men,Footwear,Shoes,Formal Shoes,Black,Fall,2011.0,Formal,Hush Puppies Men Lace-up Oxfords Black Formal Shoes
52154,Women,Apparel,Topwear,Tops,Cream,Summer,2012.0,Casual,Femella Women Cream Top
26176,Women,Footwear,Shoes,Flats,Gold,Winter,2012.0,Casual,Rocia Women Gold Casual Sandals
26158,Men,Apparel,Bottomwear,Trousers,Grey,Summer,2012.0,Formal,John Miller Men Striped Grey Trousers
39721,Women,Apparel,Topwear,Tops,Grey,Summer,2012.0,Casual,Arrow Woman Grey Printed Top
32621,Men,Apparel,Bottomwear,Shorts,Blue,Summer,2012.0,Sports,Nike Men Woven Reflective Blue Shorts
12958,Men,Footwear,Shoes,Sports Shoes,Black,Fall,2011.0,Sports,ADIDAS Men Sports Black Sports Shoes
58222,Women,Apparel,Bottomwear,Jeans,Blue,Summer,2012.0,Casual,Vero Moda Women Blue Denim Jeans
18638,Men,Apparel,Topwear,Tshirts,Black,Fall,2011.0,Sports,Puma Men V.11 Speed Black Tshirts
35478,Men,Footwear,Shoes,Formal Shoes,Brown,Summer,2012.0,Formal,Bata Men Brown Formal Shoes
33508,Women,Apparel,Bottomwear,Skirts,Blue,Summer,2012.0,Casual,Doodle Kids Girl Washed Blue Skirt
33494,Men,Apparel,Bottomwear,Shorts,Brown,Summer,2012.0,Casual,Doodle Kids Boy  Brown Shorts
15124,Men,Apparel,Bottomwear,Trousers,Grey,Fall,2011.0,Formal,Arrow Men TR Finish Grey Trousers
54544,Men,Footwear,Shoes,Sports Shoes,Black,Fall,2012.0,Sports,F Sports Men Black Pace Sports Shoes
38608,Men,Apparel,Topwear,Tshirts,Grey,Summer,2012.0,Casual,Nike Men Grey T-shirt
3150,Men,Footwear,Shoes,Sports Shoes,Black,Fall,2010.0,Sports,Nike Men's Lunarswift Black Shoe
4183,Men,Footwear,Shoes,Casual Shoes,Brown,Summer,2011.0,Casual,Rockport Men Brown Leather Casual Shoes
37812,Men,Apparel,Topwear,Shirts,Navy Blue,Summer,2012.0,Formal,John Players Men Navy Blue Shirt
9777,Men,Apparel,Bottomwear,Track Pants,Black,Fall,2011.0,Casual,ADIDAS Men Cress 3spespt Black Track Pants
2701,Girls,Apparel,Topwear,Tops,Yellow,Summer,2011.0,Casual,Disney Kids Girl's Yellow Daisy Kidswear
58744,Men,Apparel,Topwear,Tshirts,Burgundy,Summer,2012.0,Casual,Puma Men Burgundy T-shirt
47191,Men,Footwear,Shoes,Formal Shoes,Black,Summer,2012.0,Formal,Franco Leone Men Black Formal Shoes
43331,Women,Apparel,Topwear,Dresses,Pink,Summer,2012.0,Casual,United Colors of Benetton Women Pink Sheath Dress
10096,Women,Footwear,Shoes,Sports Shoes,Blue,Fall,2011.0,Sports,Reebok Women Reeflex Run Blue Sports Shoes
26630,Women,Footwear,Shoes,Flats,White,Summer,2012.0,Casual,Puma Women Winning Diva Ballerinas
45363,Women,Footwear,Shoes,Heels,Beige,Summer,2016.0,Casual,Cobblerz Women Beige Sandals
57994,Women,Apparel,Dress,Dresses,Brown,Fall,2012.0,Casual,Latin Quarters Women Brown Printed Dress
11265,Men,Apparel,Bottomwear,Trousers,Black,Fall,2011.0,Casual,Indigo Nation Men TR Yarn Dyed Black Trousers
7226,Men,Footwear,Shoes,Formal Shoes,Brown,Fall,2011.0,Formal,Rockport Men's Trinchero Drak Brown Shoe
7128,Women,Apparel,Bottomwear,Track Pants,Black,Fall,2011.0,Casual,Urban Yoga Women Bottom Black Track Pant
23848,Men,Footwear,Shoes,Sports Shoes,White,Fall,2011.0,Sports,ADIDAS Men White Razor Sports Shoes
28854,Men,Apparel,Topwear,Tshirts,Lavender,Summer,2012.0,Casual,Proline Men Mauve T-shirt
33488,Men,Apparel,Topwear,Shirts,Purple,Summer,2012.0,Casual,Doodle Kids Boy Check Purple Shirt
45324,Women,Footwear,Shoes,Heels,Pink,Summer,2016.0,Casual,Cobblerz Women Pink & White Wedges
50746,Men,Footwear,Shoes,Formal Shoes,Black,Winter,2018.0,Formal,Red Chief Men Black Formal Shoes
9144,Women,Apparel,Bottomwear,Jeans,Blue,Summer,2013.0,Casual,Lee Women Scraped Blue Roxy Fit Jeans
41669,Women,Footwear,Shoes,Heels,Silver,Winter,2012.0,Casual,Catwalk Women Silver Heels
24269,Men,Apparel,Topwear,Tshirts,Grey,Fall,2011.0,Casual,Quiksilver Men Grey Printed T-shirt
14384,Women,Footwear,Shoes,Heels,Blue,Winter,2015.0,Casual,Catwalk Women Casual Blue Flats
15111,Men,Apparel,Bottomwear,Trousers,Coffee Brown,Fall,2011.0,Formal,Arrow Men Stripes Coffee Brown Trousers
35660,Men,Footwear,Shoes,Casual Shoes,Black,Summer,2012.0,Casual,U.S. Polo Assn. Men Black Shoes
2117,Men,Apparel,Bottomwear,Shorts,Grey,Fall,2010.0,Sports,ADIDAS Men Grey  Capris
31658,Men,Apparel,Topwear,Shirts,White,Summer,2012.0,Casual,Indigo Nation Men Printed White Shirt
9900,Men,Apparel,Bottomwear,Jeans,Blue,Fall,2011.0,Casual,Spykar Men Actif Fit Low Waist Blue Jeans
59758,Women,Footwear,Shoes,Heels,White,Winter,2012.0,Casual,Rocia Women White Flats
35657,Men,Footwear,Shoes,Formal Shoes,Brown,Summer,2013.0,Casual,U.S. Polo Assn. Men Brown Shoes
12494,Women,Apparel,Topwear,Tops,Grey,Fall,2011.0,Casual,United Colors of Benetton Women Short Grey Tops
7158,Men,Apparel,Topwear,Shirts,Green,Fall,2011.0,Casual,Scullers Men  Green Check Shirt
45323,Women,Footwear,Shoes,Heels,Brown,Summer,2016.0,Casual,Cobblerz Women Teal Blue & Brown Wedges
47211,Men,Footwear,Shoes,Formal Shoes,Black,Summer,2012.0,Formal,Franco Leone Men Black Formal Shoes
57045,Women,Apparel,Dress,Dresses,Black,Summer,2012.0,Casual,Elle Women Black Dress
6085,Women,Apparel,Topwear,Tshirts,White,Summer,2011.0,Casual,UCB Women's Halftone Print White T-shirt
47598,Women,Footwear,Shoes,Heels,Black,Winter,2012.0,Casual,Portia Women Black Wedges
35470,Women,Footwear,Shoes,Heels,Blue,Winter,2015.0,Casual,Catwalk Women Ruffles Blue Wedges
16333,Men,Apparel,Topwear,Shirts,Black,Fall,2011.0,Formal,Peter England Men Stripes Black Shirt
3323,Men,Apparel,Topwear,Jackets,Blue,Summer,2011.0,Sports,KKR Mens Fangear Tee
14378,Women,Footwear,Shoes,Heels,White,Winter,2015.0,Casual,Catwalk Women Casual White Flats
47576,Women,Footwear,Shoes,Heels,Black,Winter,2012.0,Casual,Portia Women Black Wedges
57819,Women,Apparel,Dress,Dresses,Green,Fall,2012.0,Casual,United Colors of Benetton Women Green Dress
6070,Women,Apparel,Topwear,Tshirts,Blue,Summer,2011.0,Casual,UCB Women's Young Pigment Blue T-shirt
13347,Women,Apparel,Bottomwear,Jeans,Blue,Fall,2011.0,Casual,Spykar Women Washed Blue Jeans
34201,Men,Apparel,Bottomwear,Track Pants,Grey Melange,Summer,2012.0,Sports,Proline Men Grey Melange Track Pants
27909,Women,Apparel,Bottomwear,Trousers,White,Summer,2012.0,Casual,Scullers For Her Women White Trousers
23451,Men,Apparel,Bottomwear,Jeans,Black,Summer,2012.0,Casual,Deni Yo Men Black Washed Slim Fit Jeans
4930,Women,Apparel,Bottomwear,Skirts,Blue,Summer,2011.0,Casual,Gini and Jony Girl's Vanida Blue Dungree Infant Kidswear
45602,Men,Footwear,Shoes,Formal Shoes,Brown,Summer,2012.0,Formal,Arrow Men Brown Formal Shoes
7383,Men,Footwear,Shoes,Formal Shoes,Black,Winter,2018.0,Formal,Red Tape Men's Formal Slip-On Black Shoe
13995,Women,Apparel,Topwear,Jackets,Blue,Fall,2011.0,Sports,Nike Women Solid Blue Jackets
39684,Men,Footwear,Shoes,Sports Shoes,White,Summer,2012.0,Sports,Lotto Men White Sports Shoes
9235,Men,Apparel,Topwear,Shirts,Blue,Fall,2011.0,Formal,Mark Taylor Men Plain Blue Shirts
26562,Men,Footwear,Shoes,Casual Shoes,Brown,Fall,2012.0,Casual,Lee Cooper Men Brown Shoes
14440,Women,Footwear,Shoes,Heels,White,Summer,2012.0,Casual,Enroute Women Casual White Flats
29808,Men,Apparel,Topwear,Shirts,Blue,Summer,2012.0,Casual,Basics Men Blue Checked Slim Fit Shirt
24136,Men,Apparel,Topwear,Jackets,Navy Blue,Fall,2011.0,Casual,ADIDAS Men Navy Blue Jacket
57007,Women,Footwear,Shoes,Flats,Silver,Winter,2012.0,Ethnic,HM Women Silver Sandals
9995,Women,Apparel,Bottomwear,Skirts,Pink,Summer,2011.0,Casual,Gini And Jony Girls Su Scotia Sko Pink Skirts
40971,Men,Footwear,Shoes,Casual Shoes,Brown,Winter,2012.0,Casual,Buckaroo Men Brown Casual Shoes
9532,Men,Apparel,Topwear,Jackets,Orange,Fall,2011.0,Sports,Nike Men Summerized Wind Runner Orange Jackets
19114,Men,Apparel,Topwear,Tshirts,White,Summer,2016.0,Casual,Campbell Men Pack of 3 T-Shirts
33309,Boys,Apparel,Bottomwear,Jeans,Black,Summer,2012.0,Casual,Palm Tree Boys Solid Black Jeans
27025,Women,Apparel,Bottomwear,Jeans,Pink,Summer,2012.0,Casual,Jealous 21 Women Pink Jeans
13677,Men,Footwear,Shoes,Sports Shoes,White,Fall,2011.0,Sports,ADIDAS Men Running White Sports Shoes
23256,Men,Footwear,Shoes,Formal Shoes,Tan,Fall,2011.0,Formal,Arrow Men Formal Tan Shoe
17554,Men,Apparel,Topwear,Shirts,Blue,Fall,2011.0,Formal,Mark Taylor Men Blue & White Striped Shirt
41234,Boys,Apparel,Bottomwear,Shorts,Black,Summer,2012.0,Casual,Gini and Jony Boys Black Shorts
7187,Women,Apparel,Bottomwear,Jeans,Black,Fall,2011.0,Casual,Jealous 21 Women Supper Zipped Ankle Black Jeans
15331,Men,Apparel,Bottomwear,Shorts,White,Summer,2012.0,Sports,Nike Men Solid White Shorts
19570,Men,Apparel,Topwear,Tshirts,Blue,Fall,2011.0,Casual,United Colors of Benetton Men Printed Blue TShirt
40447,Men,Footwear,Shoes,Formal Shoes,Brown,Winter,2018.0,Formal,Red Tape Men Brown Shoes
13249,Men,Apparel,Bottomwear,Trousers,Brown,Fall,2011.0,Casual,Palm Tree Kids Boy Solid Brown Trousers
3842,Women,Footwear,Shoes,Flats,Pink,Summer,2011.0,Casual,Crocs Women Lady Bubblegum Pink Sandal
10856,Men,Apparel,Topwear,Tshirts,Black,Fall,2011.0,Casual,Wrangler Men Black Polo Tshirts
21422,Women,Apparel,Topwear,Tops,Green,Winter,2012.0,Casual,Roxy Women Green Top
26072,Men,Apparel,Topwear,Shirts,Blue,Summer,2012.0,Formal,John Miller Men Striped Blue Shirt
5239,Men,Footwear,Shoes,Sports Shoes,White,Summer,2011.0,Sports,Reebok Men's Zigfuel White Shoe
7237,Men,Footwear,Shoes,Formal Shoes,Beige,Fall,2011.0,Formal,Rockport Men's Slate Taupe Fabric Shoe
32846,Women,Footwear,Shoes,Heels,Brown,Winter,2012.0,Casual,Grendha Women Jola Cigana Brown Flats
14430,Women,Footwear,Shoes,Casual Shoes,Black,Summer,2012.0,Casual,Enroute Women Casual Black Casual Shoes
56898,Women,Footwear,Shoes,Heels,Gold,Winter,2012.0,Casual,HM Women Golden Heels
42122,Men,Apparel,Bottomwear,Shorts,Navy Blue,Summer,2012.0,Casual,ADIDAS Men Navy Blue Shorts
17150,Men,Apparel,Topwear,Jackets,Red,Winter,2016.0,Casual,U.S. Polo Assn. Men Solid Red Jacket
33495,Men,Apparel,Bottomwear,Shorts,Blue,Summer,2012.0,Casual,Doodle Kids Boy Striped Blue Shorts
39209,Men,Footwear,Shoes,Formal Shoes,Black,Summer,2013.0,Formal,Franco Leone Men Black Formal Shoes
42733,Women,Footwear,Shoes,Flats,Brown,Summer,2012.0,Casual,Rocia Women Brown Sandals
13351,Women,Apparel,Bottomwear,Jeans,Black,Fall,2011.0,Casual,Spykar Women Washed Black Jeans
5804,Women,Apparel,Bottomwear,Jeans,Blue,Summer,2011.0,Casual,Jealous 21 Women's Blue Jegging
52536,Women,Apparel,Bottomwear,Jeans,Grey,Summer,2012.0,Casual,Pepe Jeans Women Grey Jeans
29320,Men,Apparel,Topwear,Tshirts,Green,Summer,2012.0,Sports,ADIDAS Men Green Jersey
39579,Women,Footwear,Shoes,Heels,Multi,Winter,2015.0,Casual,Catwalk Women Multi Colour Flats
16793,Men,Apparel,Topwear,Shirts,Blue,Fall,2011.0,Casual,Highlander Men Check Blue Shirt
13548,Women,Footwear,Shoes,Heels,Green,Spring,2013.0,Casual,Carlton London Women Casual Green Flats
8172,Women,Footwear,Shoes,Heels,Blue,Winter,2015.0,Casual,Catwalk Women Slim Casual Beige Wedges
5366,Men,Footwear,Shoes,Sports Shoes,Blue,Fall,2011.0,Sports,Kalenji Ekiden Junior Boy  2010
18969,Men,Apparel,Topwear,Sweaters,Blue,Fall,2011.0,Casual,United Colors of Benetton Men Solid Blue Sweater
58807,Men,Apparel,Topwear,Shirts,Navy Blue,Fall,2012.0,Smart Casual,Highlander Men Navy Blue Striped Shirt
7137,Men,Apparel,Bottomwear,Track Pants,Black,Fall,2011.0,Casual,Urban Yoga Men Bottoms Black Yoga Pants
23150,Women,Apparel,Topwear,Jackets,Purple,Fall,2011.0,Casual,Quechua Women  Fleece Purple Jacket
31588,Men,Apparel,Topwear,Tshirts,Maroon,Summer,2012.0,Casual,Mark Taylor Men Printed Maroon T-shirt
9802,Women,Apparel,Topwear,Tops,Navy Blue,Fall,2011.0,Casual,Scullers For Her Women Scullers Top Navy Blue Tops
19048,Women,Footwear,Shoes,Flats,Brown,Winter,2015.0,Casual,Catwalk Women Closed Brown Sandals
7860,Men,Footwear,Shoes,Formal Shoes,Black,Summer,2011.0,Formal,Provogue Men's Formal Black Shoe
7224,Men,Footwear,Shoes,Formal Shoes,Black,Fall,2011.0,Formal,Rockport Men's Trinchero Black Shoe
21592,Men,Apparel,Bottomwear,Shorts,Grey,Fall,2011.0,Sports,Artengo Men Solid Grey Short
13646,Men,Footwear,Shoes,Casual Shoes,Beige,Fall,2011.0,Casual,Carlton London Men Casual Beige Casual Shoes
39786,Men,Apparel,Topwear,Shirts,Blue,Summer,2012.0,Formal,Peter England Men Blue Formal Shirt
7070,Men,Apparel,Bottomwear,Track Pants,Cream,Summer,2011.0,Casual,Timberland Men's Cycling Pod Chino Khaki Pant
13480,Women,Footwear,Shoes,Flats,Black,Spring,2013.0,Casual,Rocia Women Black Flats
58003,Women,Apparel,Dress,Dresses,Blue,Fall,2012.0,Casual,Latin Quarters Women Blue Dress
21123,Men,Apparel,Topwear,Sweaters,Purple,Fall,2011.0,Casual,s.Oliver Men Check Purple Sweater
20793,Men,Apparel,Topwear,Jackets,Beige,Fall,2011.0,Casual,Basics Men Beige Jacket
49653,Women,Apparel,Topwear,Tops,Green,Summer,2012.0,Casual,Mineral Women Green Top
41625,Men,Apparel,Bottomwear,Trousers,Black,Summer,2012.0,Formal,Mark Taylor Men Black Trousers
13123,Men,Footwear,Shoes,Formal Shoes,Brown,Fall,2012.0,Formal,Lee Cooper Men Brown Formal Shoes
10693,Women,Apparel,Topwear,Tops,Purple,Fall,2011.0,Casual,Doodle Girl Cute Purple Tops
34578,Women,Apparel,Dress,Dresses,Red,Summer,2012.0,Casual,Tonga Women Printed Red Dress
26383,Men,Apparel,Bottomwear,Trousers,Black,Summer,2012.0,Formal,Turtle Men Check Black Trousers
23199,Men,Apparel,Topwear,Shirts,Green,Fall,2011.0,Casual,Highlander Men Green Check Shirt
6825,Women,Footwear,Shoes,Flats,Grey,Fall,2012.0,Casual,Timberland Women Nekkol Grey Sports Sandals
4933,Women,Apparel,Dress,Dresses,Peach,Summer,2011.0,Casual,Gini and Jony Girl's Valerie Peach White Kidswear
42263,Men,Apparel,Bottomwear,Jeans,Blue,Summer,2012.0,Casual,John Players Men Blue Jeans
7233,Men,Footwear,Shoes,Formal Shoes,Brown,Fall,2011.0,Formal,Rockport Men's Bvallee Brown Shoe
46815,Girls,Apparel,Topwear,Tops,Yellow,Summer,2012.0,Casual,Gini and Jony Girls Yellow Top
40129,Boys,Apparel,Topwear,Shirts,Navy Blue,Summer,2012.0,Casual,Gini and Jony BoysCore Navy Blue Shirt
12223,Men,Apparel,Bottomwear,Trousers,Grey,Summer,2013.0,Formal,Basics Men Solid Grey Trousers
26808,Men,Apparel,Bottomwear,Trousers,Grey,Summer,2013.0,Formal,Arrow Men Grey Striped Trousers
23500,Men,Footwear,Shoes,Sports Shoes,White,Summer,2011.0,Sports,FILA Men Hostile White Sports Shoes
13093,Men,Apparel,Topwear,Sweaters,Black,Fall,2011.0,Casual,ADIDAS Men Badge P/O Black Sweaters
17042,Men,Footwear,Shoes,Sports Shoes,Grey,Summer,2013.0,Sports,GAS Men Grey Skate 002 Shoes
9186,Men,Apparel,Bottomwear,Jeans,Blue,Fall,2011.0,Casual,Spykar Men Free Wheeler Spirit Denim Blue Jeans
22368,Men,Apparel,Topwear,Tshirts,Peach,Fall,2011.0,Casual,Ed Hardy Men Diving Dragon Peach T-Shirt
6509,Men,Footwear,Shoes,Formal Shoes,Black,Winter,2018.0,Formal,Red Tape Men Black Shoes
22263,Women,Footwear,Shoes,Heels,Bronze,Winter,2012.0,Casual,Inc. 5 Women Casual Bronze Flats
41996,Girls,Apparel,Dress,Dresses,Black,Summer,2012.0,Casual,Gini and Jony Girls Roseatte Black Dress
15611,Men,Apparel,Bottomwear,Track Pants,Navy Blue,Fall,2011.0,Casual,Nike Men Casual Navy Blue Track Pants
44872,Men,Apparel,Bottomwear,Shorts,White,Summer,2012.0,Casual,Puma Men White Jamaica Jam Shorts
15134,Men,Apparel,Bottomwear,Trousers,Brown,Fall,2011.0,Casual,Arrow Sport Men Solid Brown Trousers
2579,Women,Apparel,Bottomwear,Shorts,Blue,Summer,2011.0,Sports,Domyos Women's Blue Short
57068,Women,Apparel,Topwear,Jackets,Blue,Summer,2012.0,Casual,Elle Women Navy Blue Jacket
42029,Women,Footwear,Shoes,Sports Shoes,Purple,Summer,2012.0,Sports,ADIDAS Women Purple Chill Sports Shoes
16069,Men,Apparel,Bottomwear,Trousers,Navy Blue,Fall,2011.0,Casual,Highlander Men Solid Navy Blue Trouser
2244,Women,Apparel,Topwear,Tshirts,Black,Fall,2010.0,Casual,ADIDAS Women's Black T-shirt
7234,Men,Footwear,Shoes,Formal Shoes,Brown,Fall,2011.0,Formal,Rockport Men's Abraim Cordovan Shoe
25970,Women,Apparel,Topwear,Tops,White,Summer,2012.0,Casual,Femella Women White Top
26134,Men,Apparel,Bottomwear,Trousers,Black,Summer,2012.0,Formal,John Miller Men Black Trousers
43658,Women,Apparel,Dress,Dresses,Black,Summer,2012.0,Casual,ONLY Women Black Dress
1608,Men,Apparel,Bottomwear,Track Pants,Blue,Fall,2010.0,Sports,Reebok Track Pants Jet Black
26145,Men,Apparel,Bottomwear,Trousers,Navy Blue,Summer,2012.0,Formal,John Miller Men Striped Navy Blue Trousers
2110,Women,Apparel,Bottomwear,Track Pants,Tan,Fall,2010.0,Sports,ADIDAS Women Very Berry Lycra Track Pants
17000,Women,Footwear,Shoes,Flats,White,Winter,2012.0,Casual,Rocia Women White Heels
38494,Boys,Apparel,Topwear,Tshirts,Green,Summer,2012.0,Casual,Gini and Jony Boys United Green T-shirt
31948,Men,Footwear,Shoes,Sports Shoes,Blue,Summer,2012.0,Sports,Nike Men Air Pegasus Blue Sports Shoes
13343,Boys,Apparel,Bottomwear,Shorts,Black,Fall,2011.0,Casual,Gini and Jony Boys Black Cargo Shorts
40352,Women,Apparel,Bottomwear,Jeans,Navy Blue,Summer,2012.0,Casual,Tokyo Talkies Women Navy Blue Slim Fit Jeans
14322,Men,Apparel,Topwear,Jackets,Black,Fall,2011.0,Sports,ADIDAS Men Solid Black Jackets
46612,Women,Footwear,Shoes,Heels,Brown,Winter,2012.0,Casual,Catwalk Women Brown Wedges
13228,Men,Apparel,Bottomwear,Trousers,Navy Blue,Fall,2011.0,Casual,Palm Tree Kids Boy Solid Navy Blue Trousers
31562,Men,Apparel,Bottomwear,Trousers,Black,Summer,2012.0,Formal,Mark Taylor Men Striped Black Trousers
25966,Women,Apparel,Dress,Dresses,Brown,Summer,2012.0,Casual,Femella Women Brown Dress
4926,Women,Apparel,Topwear,Tops,Green,Summer,2011.0,Casual,Gini and Jony Girl's Valencia Green Blue Infant Kidswear
13916,Men,Footwear,Shoes,Sports Shoes,White,Fall,2011.0,Sports,Nike Men Air Visi Pro White Sports Shoes
44410,Men,Footwear,Shoes,Formal Shoes,Black,Winter,2018.0,Formal,Red Tape Men Black Shoes
40278,Men,Apparel,Bottomwear,Trousers,Brown,Summer,2012.0,Casual,Scullers Men Brown Trousers
10382,Women,Apparel,Topwear,Tops,Grey,Fall,2011.0,Casual,United Colors of Benetton Women Grey Top
5433,Men,Apparel,Topwear,Tshirts,Red,Summer,2011.0,Casual,Nike Men's Speed Fury Red T-shirt
4113,Men,Footwear,Shoes,Casual Shoes,White,Summer,2011.0,Casual,Fila Men's Bruno White Shoe
59970,Women,Apparel,Dress,Dresses,Black,Fall,2012.0,Casual,Avirate Mushroom Brown Dress
6708,Men,Apparel,Topwear,Shirts,Yellow,Summer,2011.0,Casual,UCB Men Ben Logo At Chest Yellow Shirt
5008,Women,Apparel,Dress,Dresses,Blue,Summer,2011.0,Casual,Gini and Jony Girl's Salome Blue Kidswear
44687,Women,Apparel,Dress,Dresses,Peach,Summer,2012.0,Casual,Wills Lifestyle Women Peach A-Line Dress
42722,Women,Footwear,Shoes,Flats,Beige,Winter,2012.0,Casual,Rocia Women Brown & Beige Sandals
19643,Women,Apparel,Topwear,Sweaters,Grey,Fall,2011.0,Casual,United Colors of Benetton Women Solid Grey Sweater
46597,Women,Footwear,Shoes,Heels,Mushroom Brown,Summer,2016.0,Casual,Catwalk Women Mushroom Brown Heels
19034,Women,Footwear,Shoes,Heels,Blue,Winter,2015.0,Casual,Catwalk Women Comfort Blue Flats
16990,Women,Apparel,Topwear,Sweaters,Red,Summer,2011.0,Casual,United Colors of Benetton Women Solid Red Sweater
16153,Men,Footwear,Shoes,Formal Shoes,Black,Fall,2011.0,Formal,Enroute Men Leather Black Formal Shoes
29787,Men,Apparel,Topwear,Tshirts,White,Summer,2013.0,Casual,Basics Men White T-shirt
6482,Men,Apparel,Topwear,Tshirts,Black,Summer,2011.0,Casual,ADIDAS Men's Strip Polo Black Green T-shirt
38636,Men,Apparel,Topwear,Tshirts,Blue,Summer,2012.0,Casual,Nike Men Blue Cricket Tee T-shirt
42987,Men,Footwear,Shoes,Sports Shoes,White,Summer,2012.0,Sports,Nike Men White Air Visi Pro Sports Shoes
10054,Boys,Apparel,Topwear,Tshirts,Blue,Summer,2011.0,Sports,Reebok Kids Kkr Boy's Premium Blue Jerseys
46600,Women,Footwear,Shoes,Heels,Silver,Winter,2012.0,Casual,Catwalk Women Silver Toned Flats
56932,Women,Footwear,Shoes,Heels,Metallic,Winter,2012.0,Casual,HM Women Metallic Flats
26138,Men,Apparel,Bottomwear,Trousers,Black,Summer,2012.0,Formal,John Miller Men Black Trousers
59974,Women,Apparel,Dress,Dresses,Black,Fall,2012.0,Casual,Avirate Black & White Dress
15053,Men,Footwear,Shoes,Formal Shoes,Brown,Summer,2013.0,Formal,Franco Leone Men Brown Formal Shoe
11970,Men,Apparel,Topwear,Tshirts,Grey,Fall,2011.0,Casual,Batman Men's Good Evil Grey T-shirt
48494,Women,Apparel,Bottomwear,Jeans,Black,Winter,2011.0,Casual,French Connection Women Black Jeans
10336,Women,Apparel,Topwear,Tops,Black,Fall,2011.0,Casual,United Colors of Benetton Women Stripes Black Tops
39379,Men,Apparel,Bottomwear,Jeans,Navy Blue,Summer,2012.0,Casual,Peter England Men Navy Blue Party Jeans
14064,Men,Apparel,Topwear,Tshirts,Red,Fall,2011.0,Casual,Flying Machine Men Pack of 2 Stripes Red Blue Tshirts
9000,Men,Footwear,Shoes,Casual Shoes,Brown,Fall,2011.0,Casual,Puma Men Archive Boot WTR Brown Casual Shoes
47637,Women,Footwear,Shoes,Heels,Yellow,Spring,2013.0,Casual,Carlton London Women Yellow Peep Toes
15467,Men,Apparel,Bottomwear,Shorts,Black,Fall,2011.0,Casual,Puma Men Logo Bermuda Black Shorts
51355,Women,Apparel,Bottomwear,Jeans,Blue,Summer,2012.0,Casual,Spykar Women Light Blue Jeans
46746,Men,Apparel,Bottomwear,Track Pants,Navy Blue,Summer,2012.0,Sports,Nike Men Navy Blue Track Pants
24669,Men,Footwear,Shoes,Casual Shoes,Red,Fall,2011.0,Casual,Converse Men Red Casual Shoes
28662,Men,Footwear,Shoes,Casual Shoes,Black,Summer,2012.0,Casual,Nike Men Lunar Flow Black Casual Shoes
52089,Women,Apparel,Topwear,Tshirts,Black,Summer,2012.0,Casual,Myntra Women Black T-shirt
48478,Women,Apparel,Dress,Dresses,Beige,Winter,2011.0,Casual,French Connection Women Beige Dress
30602,Boys,Apparel,Bottomwear,Shorts,Black,Summer,2012.0,Sports,Nike Boys Basketball Black Shorts
31949,Men,Footwear,Shoes,Sports Shoes,White,Summer,2012.0,Sports,Nike Men Zoom Vomero White Sports Shoes
57040,Women,Apparel,Dress,Dresses,Black,Summer,2012.0,Casual,Elle Women Black Dress
31581,Men,Apparel,Topwear,Tshirts,Blue,Summer,2012.0,Casual,Mark Taylor Men Printed Blue T-shirt
28142,Men,Apparel,Bottomwear,Shorts,Grey Melange,Summer,2016.0,Casual,Jockey 24 x 7 Men Grey Melange Lounge Shorts 9426
8485,Women,Apparel,Dress,Dresses,Black,Fall,2011.0,Casual,Forever New Women Porcelain Black Dress
7682,Men,Apparel,Topwear,Jackets,Black,Fall,2011.0,Sports,Puma Men Track Black Ferrari Jacket
59181,Men,Footwear,Shoes,Formal Shoes,Brown,Fall,2012.0,Formal,Fortune Men Brown Formal Shoes
46089,Women,Footwear,Shoes,Sports Shoes,White,Summer,2012.0,Sports,ADIDAS Women White Galaxy Arriba Sports Shoes
18404,Men,Footwear,Shoes,Casual Shoes,Brown,Fall,2011.0,Casual,Skechers Men USA Brown Shoe
50169,Women,Footwear,Shoes,Heels,Brown,Winter,2012.0,Casual,Rocia Women Brown & Black Heels
16130,Women,Apparel,Topwear,Tops,Pink,Fall,2011.0,Casual,Tokyo Talkies Women Printed Pink Top
33306,Boys,Apparel,Bottomwear,Jeans,Grey,Summer,2012.0,Casual,Gini and Jony Boys Washed Grey Jeans
15125,Men,Apparel,Bottomwear,Trousers,Grey,Fall,2011.0,Formal,Arrow Men Autoflex Grey Trousers
47100,Boys,Footwear,Shoes,Casual Shoes,Red,Summer,2012.0,Casual,Marvel Boys Red Light Spidey Shoes
34060,Boys,Apparel,Bottomwear,Shorts,Grey,Summer,2012.0,Casual,Gini and Jony Boys Grey Shorts
20695,Men,Footwear,Shoes,Casual Shoes,Blue,Winter,2011.0,Casual,Buckaroo Men Bello Blue Casual Shoes
47452,Women,Footwear,Shoes,Flats,Black,Summer,2012.0,Casual,Tiptopp Women Black Sandals
58492,Women,Apparel,Dress,Dresses,Olive,Fall,2012.0,Casual,Tonga Women Olive Dress
42728,Women,Footwear,Shoes,Flats,Black,Winter,2012.0,Casual,Rocia Women Black Sandals
30442,Men,Apparel,Bottomwear,Jeans,Blue,Summer,2012.0,Casual,Deni Yo Men Blue Slim Fit Jeans
12719,Women,Footwear,Shoes,Flats,Green,Fall,2011.0,Casual,Nike Women Butterfly Thong Green Flip Flops
4381,Men,Apparel,Topwear,Tshirts,Blue,Summer,2011.0,Casual,Superman Men's Silhouette Light Blue T-shirt
56897,Women,Footwear,Shoes,Heels,Maroon,Winter,2012.0,Casual,HM Women Maroon Heels
50774,Men,Footwear,Shoes,Formal Shoes,Black,Fall,2012.0,Formal,Clarks Men Black Formal Shoes
10033,Men,Apparel,Bottomwear,Shorts,Navy Blue,Fall,2011.0,Sports,Nike Men As Ad Breakli Navy Blue Shorts
10267,Men,Footwear,Shoes,Casual Shoes,Black,Fall,2011.0,Casual,Clarks Men Rocco Fuse Black Leather Black Casual Shoes
33531,Women,Footwear,Shoes,Casual Shoes,Black,Summer,2016.0,Casual,Cobblerz Women Black Loafers
4917,Women,Apparel,Topwear,Tops,Pink,Summer,2011.0,Casual,Gini and Jony Girl's Vollie Pink Kidswear
37622,Boys,Apparel,Topwear,Tshirts,Red,Summer,2012.0,Casual,Madagascar3 Boys Red Printed T-Shirt
18628,Men,Apparel,Topwear,Sweaters,Brown,Fall,2011.0,Casual,Puma Men Knitted Chocolate Brown Sweaters
30929,Women,Apparel,Bottomwear,Skirts,Grey,Summer,2012.0,Ethnic,Fabindia Women Grey Skirt
6211,Women,Apparel,Topwear,Tshirts,Blue,Summer,2011.0,Casual,UCB Women's Print Boat Blue Top
21585,Women,Apparel,Bottomwear,Jeans,Blue,Fall,2011.0,Casual,Spykar Women Washed Blue Jeans
26654,Men,Footwear,Shoes,Sports Shoes,Black,Summer,2012.0,Sports,Puma Men Black Sports Shoes
57088,Women,Apparel,Bottomwear,Skirts,Teal,Summer,2012.0,Casual,Elle Women Teal Skirt
13349,Women,Apparel,Bottomwear,Jeans,Blue,Fall,2011.0,Casual,Spykar Women Washed Blue Jeans
8324,Boys,Apparel,Topwear,Tshirts,White,Fall,2011.0,Casual,Doodle Boy's Athletic 77 Dept White Kidswear
44923,Men,Apparel,Bottomwear,Jeans,Blue,Summer,2012.0,Casual,Jack & Jones Men Blue Jeans
7392,Men,Footwear,Shoes,Formal Shoes,Brown,Winter,2018.0,Formal,Red Tape Men's Brown Semi Formal Shoe
18911,Men,Footwear,Shoes,Sports Shoes,White,Fall,2011.0,Sports,ADIDAS Men Vanquish 5 M White Sports Shoes
57998,Women,Apparel,Dress,Dresses,Blue,Fall,2012.0,Casual,Latin Quarters Women Blue Dress
19585,Women,Apparel,Topwear,Tops,Blue,Summer,2011.0,Casual,United Colors of Benetton Women Solid Blue Top
39330,Girls,Apparel,Bottomwear,Skirts,White,Summer,2012.0,Casual,Gini & Jony Girls White Skirt
27215,Men,Apparel,Bottomwear,Shorts,Blue,Summer,2012.0,Casual,Doodle Kids Boy Striped Blue Shorts
11171,Men,Apparel,Topwear,Sweaters,Grey,Fall,2011.0,Casual,Scullers Men Stripes Grey Sweaters
12753,Men,Apparel,Bottomwear,Jeans,Black,Fall,2011.0,Casual,Spykar Men Ep Jeans Black Jeans
34600,Women,Apparel,Dress,Dresses,Pink,Summer,2012.0,Casual,Tonga Women Pink Dress
51379,Men,Apparel,Bottomwear,Shorts,Grey,Summer,2012.0,Casual,Myntra Men Grey Shorts
5374,Men,Footwear,Shoes,Sports Shoes,Red,Summer,2011.0,Sports,Quechua Jawar 5.0 Man Black Red
26810,Men,Apparel,Bottomwear,Trousers,Grey,Summer,2013.0,Formal,Arrow Men Grey Flat Front Trousers
18181,Boys,Apparel,Bottomwear,Jeans,Blue,Fall,2011.0,Casual,Doodle Boys-Boys Washed Blue Jeans
43877,Men,Footwear,Shoes,Casual Shoes,White,Summer,2012.0,Casual,Puma Men White Drift Shoes
22733,Men,Footwear,Shoes,Casual Shoes,Grey,Fall,2011.0,Casual,Nike Men Dunk High Grey Casual Shoes
19366,Men,Footwear,Shoes,Formal Shoes,Black,Winter,2018.0,Formal,Redtape Men Pontoise Black Formal Shoes
31668,Men,Apparel,Bottomwear,Jeans,Grey,Summer,2012.0,Casual,Spykar Men Grey Jeans
38582,Men,Apparel,Bottomwear,Shorts,Black,Summer,2012.0,Casual,Nike Men Black Breakline Med Shorts
48471,Women,Apparel,Dress,Dresses,Purple,Summer,2012.0,Casual,French Connection Purple Dress
43313,Women,Apparel,Topwear,Sweaters,Blue,Summer,2012.0,Casual,United Colors of Benetton Women Blue Sweater
10021,Men,Apparel,Bottomwear,Shorts,White,Spring,2013.0,Sports,Nike Men As Woven Shor White Shorts
8954,Men,Apparel,Bottomwear,Trousers,Brown,Fall,2011.0,Formal,Indigo Nation Men PV stretch Brown Trousers
23849,Men,Footwear,Shoes,Casual Shoes,Black,Fall,2011.0,Casual,ADIDAS Men Black Anzo Breeze Casual Shoes
6816,Men,Footwear,Shoes,Casual Shoes,Brown,Summer,2011.0,Casual,Timberland Men's Desert Walnut Brown Shoe
13783,Men,Apparel,Bottomwear,Trousers,Khaki,Fall,2011.0,Formal,Belmonte Men Solid Khaki Trousers
18867,Men,Apparel,Bottomwear,Shorts,Grey,Fall,2011.0,Casual,Puma Men Solid Grey Knits Panel Shorts
32456,Men,Apparel,Bottomwear,Track Pants,Black,Spring,2013.0,Sports,ADIDAS Men Black Track Pants
44913,Men,Apparel,Bottomwear,Track Pants,White,Summer,2012.0,Casual,Puma Men White Track Pants
27604,Men,Apparel,Bottomwear,Trousers,Khaki,Summer,2012.0,Casual,Scullers Men  Khaki Trouser
22823,Men,Footwear,Shoes,Casual Shoes,Khaki,Summer,2016.0,Casual,Woodland Men Khaki Casual Shoes
38937,Boys,Apparel,Bottomwear,Shorts,Blue,Summer,2012.0,Casual,Gini and Jony Boys Blue Shorts
8867,Men,Apparel,Topwear,Shirts,Grey,Fall,2011.0,Casual,Mark Taylor Men Grey Striped Shirt
52529,Men,Apparel,Bottomwear,Shorts,Grey,Summer,2012.0,Casual,Pepe Jeans Men Grey 3/4 Length Pants
12696,Men,Footwear,Shoes,Sports Shoes,White,Fall,2011.0,Sports,Nike Men Transform White Sports Shoes
7167,Men,Apparel,Topwear,Shirts,Purple,Fall,2011.0,Casual,Scullers Men Scul Purple White Shirt
3336,Men,Apparel,Topwear,Tshirts,Blue,Fall,2010.0,Sports,ADIDAS Men's Mumbai Indians Rage Blue T-shirt
50159,Women,Footwear,Shoes,Heels,Silver,Winter,2012.0,Casual,Rocia Women Silver Toned Heels
48387,Men,Apparel,Bottomwear,Jeans,Blue,Summer,2012.0,Casual,French Connection Men Blue Jeans
26563,Men,Footwear,Shoes,Casual Shoes,Tan,Summer,2012.0,Casual,Lee Cooper Men Tan Shoes
35651,Men,Footwear,Shoes,Formal Shoes,Brown,Summer,2012.0,Formal,U.S. Polo Assn. Men Brown Formal Shoes
4830,Men,Apparel,Bottomwear,Track Pants,Navy Blue,Summer,2011.0,Sports,ADIDAS Men's Navy White Track Pant
43487,Men,Apparel,Topwear,Shirts,Blue,Summer,2012.0,Casual,French Connection Men Navy Blue Check Shirt
15686,Men,Apparel,Bottomwear,Trousers,Khaki,Fall,2011.0,Casual,Highlander Men Classic Chinos Khaki Trousers
5019,Women,Apparel,Bottomwear,Skirts,Navy Blue,Summer,2011.0,Casual,Levis Kids Girl's Betsy Navy Kidswear
33705,Men,Footwear,Shoes,Formal Shoes,Black,Winter,2012.0,Smart Casual,Cobblerz Men Black Formal Shoes
49843,Boys,Apparel,Bottomwear,Shorts,Khaki,Summer,2012.0,Casual,Gini and Jony Boys Khaki Bermuda Shorts
13420,Men,Apparel,Topwear,Tshirts,Purple,Summer,2011.0,Casual,United Colors of Benetton Men Solid Purple  polo T-shirts
27629,Men,Apparel,Bottomwear,Shorts,Brown,Summer,2012.0,Casual,Scullers Men Check Brown Shorts
23242,Men,Footwear,Shoes,Formal Shoes,Black,Fall,2011.0,Formal,Arrow Men Formal Black Shoes
21599,Men,Apparel,Bottomwear,Trousers,Black,Summer,2011.0,Formal,Indigo Nation Men Solid Black Trousers
1530,Men,Apparel,Topwear,Jackets,Red,Fall,2010.0,Sports,Puma Men Ferrari Track Jacket
11283,Men,Apparel,Bottomwear,Jeans,Blue,Winter,2016.0,Casual,Wrangler Men Blue Texas Jeans
11052,Men,Apparel,Topwear,Shirts,White,Fall,2011.0,Casual,Scullers Men Check White Shirts
15269,Women,Footwear,Shoes,Casual Shoes,Pink,Fall,2011.0,Casual,ADIDAS Originals Women Concord Round Pink Casual Shoes
11281,Men,Apparel,Bottomwear,Jeans,Blue,Summer,2016.0,Casual,Wrangler Men Blue Texas Jeans
36240,Women,Apparel,Topwear,Tops,Tan,Summer,2012.0,Ethnic,W Women Tan Kurti
30926,Women,Apparel,Bottomwear,Skirts,Blue,Summer,2012.0,Ethnic,Fabindia Women Blue Ghera Crinkle Skirt
39761,Women,Apparel,Bottomwear,Trousers,Beige,Fall,2012.0,Casual,Arrow Woman Beige Trousers
17995,Women,Apparel,Bottomwear,Track Pants,Grey,Summer,2010.0,Sports,Puma Women Essential Skinny Grey Track Pant
3901,Girls,Apparel,Bottomwear,Skirts,Blue,Summer,2011.0,Casual,Disney Kids Girl's Pooh Denim Blue Skirt
24091,Men,Apparel,Topwear,Tshirts,Navy Blue,Fall,2011.0,Casual,Manchester United Men Navy Blue Striped T-shirt
45590,Men,Footwear,Shoes,Formal Shoes,Black,Summer,2013.0,Formal,Arrow Men Black Formal Shoes
14197,Women,Apparel,Dress,Dresses,Black,Fall,2011.0,Casual,AND Women Solid Black Dresses
5691,Men,Footwear,Shoes,Casual Shoes,White,Winter,2015.0,Casual,Skechers Men's Regions Off White Shoe
5920,Women,Footwear,Shoes,Casual Shoes,White,Summer,2011.0,Casual,ADIDAS Women Daily White Purple Shoe
18520,Women,Apparel,Topwear,Jackets,Black,Fall,2011.0,Casual,C Vox Women Solid 1354 Black Jacket
5537,Men,Footwear,Shoes,Sports Shoes,Black,Summer,2011.0,Sports,Nike Men's Free Black White Shoe
23878,Women,Footwear,Shoes,Casual Shoes,Green,Summer,2012.0,Casual,Fila Women Sleeker Green Check Casual Shoes
26933,Women,Apparel,Topwear,Tops,Black,Summer,2012.0,Casual,Jealous 21 Women Black Top
11349,Men,Apparel,Bottomwear,Jeans,Blue,Summer,2017.0,Casual,Lee Men Blue Chicago Fit Jeans
22501,Women,Footwear,Shoes,Casual Shoes,Beige,Winter,2015.0,Casual,Catwalk Women Beige Casual Shoes
46894,Men,Apparel,Bottomwear,Jeans,Blue,Summer,2012.0,Casual,Locomotive Men Blue Jeans
13961,Women,Apparel,Topwear,Sweaters,Pink,Fall,2011.0,Casual,Jealous 21 Women Solid Pink Sweaters
57851,Women,Footwear,Shoes,Flats,Grey,Summer,2016.0,Casual,Catwalk Women Grey Boots
40148,Girls,Apparel,Dress,Dresses,Blue,Summer,2012.0,Casual,Gini and Jony Girls Play Suit Blue Dress
12368,Men,Apparel,Topwear,Shirts,Blue,Fall,2011.0,Formal,Reid & Taylor Men Stripes Blue Shirts
19582,Men,Apparel,Topwear,Tshirts,Grey,Summer,2011.0,Casual,United Colors of Benetton Men Printed Grey TShirt
6829,Women,Footwear,Shoes,Sports Shoes,White,Summer,2011.0,Sports,Nike Women's Lunar Swift White Blue Shoe
2697,Girls,Apparel,Dress,Dresses,Blue,Summer,2011.0,Casual,Disney Kids Girl's Blue Pooh Kidswear
56899,Women,Footwear,Shoes,Heels,Silver,Winter,2012.0,Casual,HM Women Silver Heels
4386,Men,Apparel,Topwear,Tshirts,Grey,Summer,2011.0,Casual,Wrangler Cowboy Photo T-shirt
21582,Women,Apparel,Bottomwear,Jeans,Blue,Summer,2011.0,Casual,United Colors of Benetton Women Washed Blue Jeans
13640,Women,Footwear,Shoes,Flats,Purple,Winter,2012.0,Casual,Carlton London Women Purple Flat Shoes
20188,Men,Apparel,Topwear,Shirts,Grey,Fall,2011.0,Casual,Wrangler Men Adore Grey Shirt
3463,Women,Footwear,Shoes,Sports Shoes,White,Summer,2011.0,Sports,ADIDAS Women Furano White Violet Stripe Shoe
21376,Men,Apparel,Topwear,Tshirts,Green,Fall,2011.0,Casual,Manchester United Men Printed Green T-shirt
36199,Boys,Apparel,Topwear,Tshirts,Black,Summer,2012.0,Casual,Gini Jony Boys Polo Black T-Shirt
7883,Men,Apparel,Bottomwear,Shorts,Grey,Fall,2011.0,Sports,Proline Men Grey Sports Shorts
11985,Men,Footwear,Shoes,Sports Shoes,Black,Fall,2011.0,Sports,Fila Men Glow Black Sports Shoes
21431,Women,Apparel,Bottomwear,Shorts,White,Winter,2012.0,Casual,Roxy Women White Shorts
44581,Men,Apparel,Bottomwear,Jeans,Navy Blue,Summer,2017.0,Casual,Lee Rinse Navy Blue Slim Fit Jeans
22138,Men,Footwear,Shoes,Formal Shoes,Black,Summer,2011.0,Formal,Provouge Men Black Classic Formal Shoe
2210,Men,Apparel,Topwear,Tshirts,Black,Fall,2010.0,Sports,ADIDAS Men 3 Stripe Black Polo T-shirt
3132,Men,Apparel,Topwear,Tshirts,Multi,Fall,2010.0,Casual,DUSG Men's Tadoba Organic Cotton Cappuccino T-shirt
38864,Women,Apparel,Topwear,Tops,Purple,Summer,2012.0,Casual,Latin Quarters Women Purple & White Top
27928,Women,Apparel,Bottomwear,Trousers,Beige,Summer,2012.0,Casual,Scullers For Her Beige Trouser
12533,Women,Apparel,Topwear,Jackets,Purple,Fall,2011.0,Casual,Puma Women Solid Purple Jackets
39775,Men,Apparel,Topwear,Shirts,White,Summer,2012.0,Casual,Peter England Men White Casual Shirt
2167,Men,Apparel,Topwear,Shirts,Blue,Summer,2011.0,Casual,Probase Men Blue & White Shirt
47109,Boys,Footwear,Shoes,Casual Shoes,White,Fall,2012.0,Casual,Marvel Boys White Shoes
3220,Men,Footwear,Shoes,Sports Shoes,Black,Fall,2010.0,Sports,Puma Men Black Running Shoes
57009,Women,Footwear,Shoes,Flats,Yellow,Winter,2012.0,Casual,HM Women Yellow Sandals
11286,Men,Apparel,Bottomwear,Jeans,Black,Summer,2016.0,Casual,Wrangler Men Black Millard Jeans
16517,Men,Apparel,Bottomwear,Jeans,Blue,Fall,2011.0,Casual,Locomotive Men Washed Blue Jeans
46883,Boys,Footwear,Shoes,Casual Shoes,Black,Fall,2012.0,Casual,Ben 10 Boys Black & Silver Shoes
46825,Women,Footwear,Shoes,Casual Shoes,Off White,Winter,2015.0,Casual,Catwalk Women Off-White and Blue Pumps
22133,Men,Footwear,Shoes,Formal Shoes,Brown,Fall,2011.0,Formal,Provogue Men Brown Formal Shoes
1885,Men,Apparel,Bottomwear,Shorts,Grey,Winter,2010.0,Casual,FIFA Mens 1904 Heritage Shorts
37283,Women,Apparel,Topwear,Tshirts,Brown,Summer,2012.0,Casual,Tantra Women Brown Fight Peace T-shirt
41688,Women,Footwear,Shoes,Heels,Black,Winter,2012.0,Casual,Catwalk Women Black Heels
37751,Men,Apparel,Topwear,Shirts,Red,Summer,2012.0,Casual,John Players Men Check Red Shirt
42718,Women,Footwear,Shoes,Flats,Brown,Winter,2012.0,Casual,Rocia Women Brown Sandals
1865,Men,Apparel,Topwear,Tshirts,White,Summer,2011.0,Casual,Inkfruit Men Operation Kick
59124,Men,Apparel,Topwear,Jackets,Olive,Summer,2012.0,Casual,Just Natural Men Olive Jacket
9259,Men,Apparel,Topwear,Shirts,Blue,Fall,2011.0,Formal,Mark Taylor Men Blue Striped Shirt
55645,Women,Footwear,Shoes,Heels,Silver,Winter,2015.0,Casual,Catwalk Women Silver Heels
17196,Men,Apparel,Topwear,Sweaters,Navy Blue,Winter,2016.0,Casual,U.S. Polo Assn. Men Stripes Navy Blue Sweater
28544,Men,Apparel,Bottomwear,Shorts,Grey,Summer,2012.0,Casual,Nike Men Grey Shorts
13284,Men,Apparel,Bottomwear,Shorts,Black,Fall,2011.0,Casual,Gini and Jony Kids Boys Solid Black Shorts
20133,Women,Apparel,Topwear,Tops,Red,Fall,2011.0,Casual,Wrangler Women Ribbed Red Top
57107,Women,Apparel,Topwear,Tops,Olive,Summer,2012.0,Casual,Elle Women Green Essentials Top
19029,Women,Footwear,Shoes,Heels,Black,Winter,2015.0,Casual,Catwalk Women Moccasin Black Heels
57153,Women,Apparel,Topwear,Tshirts,Peach,Summer,2012.0,Casual,Elle Women Peach T-shirt
23067,Men,Apparel,Topwear,Sweaters,Brown,Fall,2011.0,Casual,Arrow Men Brown Striped Sweater
10658,Women,Apparel,Topwear,Tops,White,Fall,2011.0,Casual,Doodle Girl Little frock White Tops
32599,Women,Apparel,Topwear,Tops,Black,Summer,2012.0,Casual,ONLY Women Black Top
21173,Women,Apparel,Topwear,Shirts,Grey,Fall,2011.0,Casual,s.Oliver Women Grey Shirt
17899,Men,Apparel,Topwear,Jackets,Black,Fall,2011.0,Casual,Nike Men Casual Black Jacket
26956,Women,Apparel,Topwear,Tops,Black,Summer,2012.0,Casual,Jealous 21 Women Black Top
8477,Women,Apparel,Topwear,Jackets,Blue,Fall,2011.0,Casual,Forever New Women Washed Blue Jacket
2255,Men,Apparel,Bottomwear,Track Pants,Brown,Fall,2010.0,Sports,ADIDAS Men Brown Track Pant
14055,Men,Apparel,Topwear,Shirts,Green,Fall,2011.0,Casual,Flying Machine Men Check Green Shirts
24693,Men,Apparel,Topwear,Tshirts,Grey,Summer,2011.0,Casual,Locomotive Men Grey Printed T-Shirt
15048,Women,Apparel,Topwear,Sweaters,Grey,Fall,2011.0,Casual,ADIDAS Women Solid Grey Sweaters
26171,Women,Footwear,Shoes,Flats,Gold,Winter,2014.0,Casual,Rocia Women Gold Casual Sandals
22143,Men,Footwear,Shoes,Formal Shoes,Black,Fall,2012.0,Formal,Provogue Men Black Formal Shoes
9805,Men,Apparel,Topwear,Shirts,Black,Fall,2011.0,Formal,John Miller Men Black Checks Shirts
20143,Men,Apparel,Topwear,Shirts,White,Summer,2011.0,Casual,Wrangler Men Bull Classic Striped White Shirt
47571,Women,Footwear,Shoes,Heels,Black,Winter,2012.0,Casual,Portia Women Black Wedges
38945,Girls,Apparel,Topwear,Tops,White,Summer,2012.0,Casual,Gini and Jony Girls Printed White Top
54924,Men,Apparel,Bottomwear,Shorts,Blue,Summer,2012.0,Casual,Do U Speak Green Men Blue Shorts
23952,Men,Apparel,Topwear,Sweaters,Blue,Fall,2011.0,Casual,Provogue Men Blue Sweater
39806,Men,Apparel,Bottomwear,Trousers,Black,Spring,2013.0,Formal,Peter England Men Black Trousers
14118,Men,Apparel,Bottomwear,Jeans,Blue,Fall,2011.0,Casual,Flying Machine Men Blue Jeans
6566,Men,Apparel,Bottomwear,Shorts,Green,Summer,2011.0,Sports,Nike Men's Green Shorts
21145,Women,Apparel,Topwear,Shirts,Black,Fall,2011.0,Casual,s.Oliver Women Printed Black Shirt
11266,Men,Apparel,Bottomwear,Trousers,Beige,Fall,2011.0,Casual,Indigo Nation Men Pv Plan(Mix & Max) Greyish Brown Trousers
14666,Men,Apparel,Topwear,Shirts,Red,Fall,2011.0,Casual,Basics Men Red Slim Fit Checked Shirt
16614,Men,Apparel,Bottomwear,Trousers,Brown,Fall,2011.0,Formal,Genesis Men Stripes Brown Trouser
9700,Men,Footwear,Shoes,Formal Shoes,Brown,Fall,2011.0,Formal,Hush Puppies Men Falcon Brown Formal Shoes
11521,Men,Apparel,Topwear,Tshirts,Blue,Fall,2011.0,Casual,United Colors of Benetton Men Blue T-shirt
45426,Women,Footwear,Shoes,Flats,Brown,Winter,2012.0,Casual,Rocia Women Brown Sandals
1728,Unisex,Footwear,Shoes,Sports Shoes,Green,Fall,2010.0,Sports,Newfeel Unisex Green Sports Shoes
10650,Men,Apparel,Topwear,Shirts,Blue,Fall,2011.0,Casual,Doodle Boy Grand Prix Navy Blue Shirt
18487,Men,Apparel,Bottomwear,Jeans,Blue,Fall,2011.0,Casual,Puma Men Washed Blue Jeans
16185,Men,Footwear,Shoes,Formal Shoes,Black,Fall,2011.0,Formal,Enroute Men Leather Black Formal Shoes
59129,Men,Apparel,Topwear,Jackets,Black,Summer,2012.0,Casual,Just Natural Men Black Jacket
23457,Men,Apparel,Bottomwear,Jeans,Blue,Summer,2012.0,Casual,Deni Yo Men Blue Washed Slim Fit Jeans
40359,Women,Apparel,Bottomwear,Jeans,Navy Blue,Summer,2012.0,Casual,Tokyo Talkies Women Navy Blue Jeans
29688,Men,Apparel,Bottomwear,Shorts,Beige,Summer,2012.0,Casual,Indigo Nation Men Check White And Khaki Shorts
1605,Women,Apparel,Bottomwear,Track Pants,Black,Fall,2010.0,Sports,Reebok Black Track Pant
34592,Women,Apparel,Dress,Dresses,Black,Summer,2012.0,Casual,Tonga Women Printed Black Dress
7879,Men,Apparel,Bottomwear,Shorts,Grey,Fall,2011.0,Sports,Proline Men Grey Comfort Fit Sports Shorts
58493,Women,Apparel,Dress,Dresses,Grey,Fall,2012.0,Casual,Tonga Women Grey Dress
39760,Women,Apparel,Bottomwear,Trousers,Black,Summer,2012.0,Casual,Arrow Woman Black Trousers
45802,Women,Footwear,Shoes,Heels,Black,Fall,2012.0,Casual,Senorita Women Black Flats
13903,Men,Footwear,Shoes,Casual Shoes,White,Fall,2011.0,Casual,Nike Men Backboard White Casual Shoes
39234,Women,Apparel,Dress,Dresses,White,Summer,2012.0,Casual,Femella Women White Panel Princess Dress
44915,Men,Apparel,Topwear,Tshirts,Blue,Summer,2012.0,Casual,Puma Men Blue T-shirt
22786,Men,Apparel,Bottomwear,Jeans,Blue,Fall,2011.0,Casual,Deni Yo Men Washed Blue Jeans
32591,Women,Apparel,Bottomwear,Skirts,Pink,Summer,2012.0,Casual,ONLY Women Pink Skirt
17750,Men,Apparel,Topwear,Shirts,Navy Blue,Fall,2011.0,Casual,Highlander Men Stripes Navy Blue Shirt
9428,Women,Footwear,Shoes,Flats,Black,Summer,2011.0,Sports,Carlton London Women ManTara Black Sandals
16170,Men,Footwear,Shoes,Formal Shoes,Tan,Fall,2011.0,Formal,Enroute Men Leather Tan Formal Shoes
37967,Women,Footwear,Shoes,Heels,White,Fall,2012.0,Casual,Clarks Women Un Swish Patent White Sandals
19788,Men,Apparel,Topwear,Tshirts,Green,Winter,2016.0,Casual,U.S. Polo Assn. Men Solid Green Tshirt
48474,Women,Apparel,Dress,Dresses,Black,Winter,2011.0,Casual,French Connection Women Black Dress
27205,Men,Apparel,Bottomwear,Shorts,Blue,Summer,2012.0,Casual,Doodle Kids Boy Dark Blue Shorts
21449,Women,Apparel,Topwear,Tops,Mustard,Winter,2012.0,Casual,Roxy Women Mustard Yellow Top
6887,Women,Apparel,Topwear,Jackets,Blue,Summer,2011.0,Casual,Forever New Women Indigo Wash Blue Jacket
7220,Men,Footwear,Shoes,Formal Shoes,Brown,Fall,2011.0,Formal,Rockport Men's Mubleno Distressed Brown Shoe
20006,Women,Apparel,Topwear,Tshirts,Green,Summer,2011.0,Casual,United Colors of Benetton Women Printed Green T-shirt
56863,Women,Footwear,Shoes,Heels,Brown,Winter,2012.0,Casual,HM Women Brown Heels
2618,Women,Footwear,Shoes,Flats,Silver,Spring,2010.0,Casual,Carlton London Women Silver Wedge Sandal
8187,Men,Apparel,Topwear,Shirts,Blue,Summer,2011.0,Casual,Locomotive Men Solid Poplin Laibrook Blue Shirts
29548,Men,Apparel,Topwear,Tshirts,Navy Blue,Summer,2012.0,Casual,Classic Polo Men Printed Navy Blue T-shirt
6476,Men,Apparel,Topwear,Tshirts,White,Summer,2011.0,Casual,ADIDAS Men's Fit White T-shirt
24259,Men,Footwear,Shoes,Casual Shoes,Navy Blue,Fall,2012.0,Casual,Numero Uno Men Navy Blue Shoes
35799,Women,Footwear,Shoes,Flats,Purple,Summer,2012.0,Casual,Enroute Women Purple & Blue Shoes
8856,Men,Apparel,Topwear,Shirts,Purple,Fall,2011.0,Casual,Mark Taylor Men Purple Striped Shirt
45613,Men,Footwear,Shoes,Formal Shoes,Brown,Summer,2012.0,Formal,Arrow Men Brown Formal Shoes
7505,Men,Apparel,Topwear,Tshirts,White,Summer,2011.0,Sports,Nike Men's As Go Dunk T-Shirts
15914,Men,Apparel,Topwear,Shirts,Grey,Fall,2011.0,Formal,Black Coffee Men Striped Grey Slim Fit Shirt
31782,Women,Apparel,Topwear,Tops,Blue,Summer,2012.0,Casual,Lee Women Paula Blue Top
4942,Men,Apparel,Topwear,Tshirts,Red,Summer,2011.0,Casual,Gini and Jony Boys Kane Red & White Kidswear
59166,Men,Footwear,Shoes,Formal Shoes,Brown,Fall,2012.0,Formal,Fortune Men Brown Shoes
34069,Women,Footwear,Shoes,Flats,Black,Fall,2012.0,Formal,Clarks Women Black Leather Flat Shoes
39254,Men,Footwear,Shoes,Casual Shoes,Brown,Winter,2018.0,Casual,Red Chief Men Brown Casual Shoes
13855,Men,Apparel,Bottomwear,Trousers,Blue,Fall,2011.0,Formal,Indigo Nation Men Solid Blue Trousers
39324,Girls,Apparel,Bottomwear,Shorts,Blue,Summer,2012.0,Casual,Gini and Jony Girls Blue Shorts
7188,Women,Apparel,Bottomwear,Jeans,Blue,Fall,2011.0,Casual,Jealous 21 Women Supper Skinny Zipped Medium Blue Jeans
59123,Men,Apparel,Topwear,Jackets,Black,Summer,2012.0,Casual,Just Natural Men Black Jacket
46841,Girls,Footwear,Shoes,Casual Shoes,Pink,Winter,2012.0,Casual,Barbie Girls Pink Shoes
4721,Boys,Apparel,Topwear,Tshirts,Red,Summer,2011.0,Casual,Disney Kids Boy's Royal Sailing Red Teen Kidswear
40982,Boys,Apparel,Topwear,Tshirts,White,Summer,2012.0,Casual,Gini and Jony Boys Core White T-shirt
7635,Men,Apparel,Bottomwear,Track Pants,Black,Fall,2011.0,Sports,Puma Men Black Track Pant
12809,Men,Apparel,Topwear,Jackets,Black,Fall,2011.0,Sports,Nike Men Hood Black Jacket
28799,Men,Apparel,Bottomwear,Jeans,Blue,Summer,2012.0,Casual,Denizen Men Blue Jeans
18196,Men,Apparel,Bottomwear,Trousers,Brown,Fall,2011.0,Casual,Highlander Men Solid Brown Trouser
9834,Women,Apparel,Topwear,Tshirts,Blue,Fall,2011.0,Casual,Little Miss Women Printed Blue T-shirt
45393,Women,Footwear,Shoes,Flats,Maroon,Spring,2013.0,Casual,Rocia Women Maroon Sandals
18004,Men,Apparel,Topwear,Tshirts,Blue,Summer,2011.0,Sports,Puma Men Speed Grapic tee Blue Tshirt
3243,Men,Footwear,Shoes,Sports Shoes,Black,Fall,2010.0,Sports,Puma Men's Future Cat Black Shoe
7547,Men,Apparel,Bottomwear,Track Pants,Grey,Summer,2011.0,Sports,Nike Men Essenti Grey Track Pant
49638,Women,Apparel,Topwear,Tops,Pink,Summer,2012.0,Casual,Mineral Women Pink Top
48469,Women,Apparel,Dress,Dresses,Black,Summer,2012.0,Casual,French Connection Black Dress
13417,Men,Apparel,Topwear,Shirts,Blue,Summer,2011.0,Casual,United Colors of Benetton Men Solid Blue Shirts
30927,Women,Apparel,Bottomwear,Skirts,Red,Summer,2012.0,Ethnic,Fabindia Women Red Ghera Crinkle Skirt
19534,Men,Apparel,Topwear,Sweaters,Blue,Summer,2011.0,Casual,United Colors of Benetton Men Solid Blue Sweater
44919,Men,Apparel,Bottomwear,Shorts,Black,Summer,2012.0,Casual,Puma Men Black Shorts
37957,Men,Footwear,Shoes,Casual Shoes,Brown,Fall,2012.0,Casual,Clarks Men Brown Leather Loafers
19964,Men,Apparel,Topwear,Sweaters,Grey,Fall,2011.0,Casual,United Colors of Benetton Men Stripes Grey Sweater
42241,Women,Apparel,Topwear,Tops,Purple,Summer,2012.0,Casual,Sepia Women Purple Top
53455,Women,Footwear,Shoes,Flats,Red,Winter,2015.0,Casual,Catwalk Women Red Casual Shoes
51438,Women,Apparel,Topwear,Tops,Off White,Summer,2012.0,Casual,Myntra Women Printed White Top
6485,Men,Apparel,Topwear,Tshirts,Grey,Summer,2011.0,Casual,ADIDAS Men's Grey Strip T-shirt
30233,Men,Footwear,Shoes,Casual Shoes,White,Summer,2012.0,Casual,Numero Uno Men White Shoes
45826,Women,Footwear,Shoes,Heels,Blue,Summer,2012.0,Casual,Senorita Women Blue Flats
47451,Women,Footwear,Shoes,Flats,Brown,Summer,2012.0,Casual,Tiptopp Women Brown Sandals
5891,Men,Apparel,Topwear,Tshirts,Black,Summer,2011.0,Casual,Puma Men's Stripe Polo Black T-shirt
22626,Men,Apparel,Topwear,Sweaters,Grey,Fall,2011.0,Sports,Nike Men Solid Grey Sweater
16002,Men,Apparel,Topwear,Sweaters,Grey,Fall,2011.0,Casual,Turtle Solid Men Grey Sweaters
11724,Women,Apparel,Topwear,Shirts,Red,Fall,2011.0,Casual,Lee Women Check Red Shirts
19678,Women,Apparel,Topwear,Tops,Grey,Summer,2011.0,Casual,United Colors of Benetton Women Printed Grey Top
2722,Boys,Apparel,Bottomwear,Shorts,Blue,Summer,2011.0,Casual,Disney Kids Boy's Denim Mickey Surf Kidswear
46076,Women,Footwear,Shoes,Flats,Black,Summer,2012.0,Casual,ADIDAS Women Black Libria Sandals
11237,Women,Apparel,Bottomwear,Jeans,Blue,Fall,2011.0,Casual,Flying Machine Women Blue Jeans
45412,Women,Footwear,Shoes,Flats,White,Winter,2012.0,Casual,Rocia Women Black & White Sandals
36562,Men,Apparel,Topwear,Tshirts,White,Summer,2012.0,Casual,Jack & Jones Men Dino White T-shirt
22154,Men,Footwear,Shoes,Formal Shoes,Black,Fall,2011.0,Formal,Lee Cooper Men Black Formal Shoes
45568,Girls,Apparel,Topwear,Tops,White,Summer,2012.0,Casual,Gini and Jony Girls Knit White Top
58375,Men,Apparel,Topwear,Tshirts,Blue,Summer,2012.0,Casual,Locomotive Men Blue T-shirt
3242,Men,Footwear,Shoes,Sports Shoes,White,Fall,2011.0,Sports,Puma Men's Street White Shoe
24805,Men,Footwear,Shoes,Sports Shoes,Black,Spring,2007.0,Sports,Decathlon Men Black F300 Sports Shoes
6532,Women,Apparel,Bottomwear,Skirts,Pink,Summer,2011.0,Sports,Nike Women's Border Pink Skirt
47553,Women,Footwear,Shoes,Heels,Black,Winter,2012.0,Casual,Portia Women Black Heels
35233,Men,Footwear,Shoes,Formal Shoes,Black,Summer,2013.0,Casual,Fortune Men Black Formal Shoes
33514,Women,Footwear,Shoes,Heels,Blue,Summer,2016.0,Casual,Cobblerz Women Blue Peep Toes
57042,Women,Apparel,Dress,Dresses,Black,Summer,2012.0,Casual,Elle Black Dress
3365,Men,Apparel,Topwear,Tshirts,Black,Summer,2011.0,Casual,Myntra Men's Brain Black T-shirt
17745,Men,Footwear,Shoes,Sports Shoes,White,Fall,2011.0,Sports,Puma Men Voltaic WP White Sports Shoe
8778,Men,Apparel,Topwear,Shirts,Black,Fall,2011.0,Casual,Indigo Nation Men Black Striped Shirt
43648,Women,Apparel,Topwear,Dresses,Cream,Summer,2012.0,Casual,ONLY Women Cream A-Line Dress
55632,Women,Footwear,Shoes,Heels,Black,Winter,2015.0,Casual,Catwalk Women Black Flats
21465,Women,Apparel,Topwear,Sweaters,Red,Winter,2012.0,Casual,Roxy Women Red Sweater
23815,Men,Footwear,Shoes,Casual Shoes,Black,Fall,2011.0,Casual,Puma Men Evo Black Casual Shoes
20251,Men,Apparel,Topwear,Tshirts,Grey,Fall,2011.0,Casual,Wrangler Men Heavy Grey Tshirt
16060,Men,Apparel,Bottomwear,Trousers,Beige,Fall,2011.0,Casual,Highlander Men Solid Beige Trouser
54334,Women,Apparel,Bottomwear,Jeans,Blue,Fall,2012.0,Casual,Tokyo Talkies Women Blue Straight Skinny Fit Jeans
41713,Women,Footwear,Shoes,Heels,Orange,Spring,2013.0,Casual,Catwalk Women Orange Wedges
4480,Unisex,Footwear,Shoes,Sports Shoes,Black,Summer,2011.0,Sports,Puma Unisex Ikonis Black Silver Shoe
35463,Men,Footwear,Shoes,Casual Shoes,Grey,Fall,2012.0,Casual,Franco Leone Men Grey Shoes
21577,Men,Footwear,Shoes,Formal Shoes,Black,Winter,2018.0,Casual,Red Tape Men Black Leather Formal Shoes
2190,Men,Apparel,Bottomwear,Track Pants,Grey,Fall,2010.0,Sports,ADIDAS Men Lead Light Track Pant
59995,Women,Apparel,Dress,Dresses,Black,Fall,2012.0,Party,Avirate Black Dress
12966,Men,Footwear,Shoes,Sports Shoes,Grey,Fall,2011.0,Sports,ADIDAS Men Snova Glide Grey Sports Shoes
35693,Men,Footwear,Shoes,Casual Shoes,Navy Blue,Summer,2012.0,Casual,U.S. Polo Assn. Men Navy Blue Shoes
21128,Women,Apparel,Topwear,Tops,Blue,Fall,2011.0,Casual,s.Oliver Women Printed Blue Top
15557,Men,Apparel,Topwear,Sweaters,Blue,Fall,2011.0,Casual,Spykar Men Stripes Blue Sweaters
40978,Boys,Apparel,Topwear,Tshirts,Red,Summer,2012.0,Casual,Gini and Jony Boys United Red T-shirt
47542,Women,Footwear,Shoes,Flats,Grey,Winter,2014.0,Casual,Portia Women Grey Flats
15379,Men,Footwear,Shoes,Casual Shoes,Black,Summer,2012.0,Casual,Fila Men Lobato Black Casual Shoes
42265,Men,Apparel,Bottomwear,Jeans,Blue,Summer,2012.0,Casual,John Players Men Blue Jeans
40413,Women,Apparel,Dress,Dresses,White,Summer,2012.0,Casual,Tonga Women White Dress
8448,Women,Apparel,Topwear,Tops,Grey,Fall,2011.0,Casual,Jealous 21 Women about my style Purple Top
6628,Men,Footwear,Shoes,Sports Shoes,White,Summer,2011.0,Sports,ADIDAS Men's Lowell White Silver Shoe
38996,Boys,Apparel,Bottomwear,Jeans,Blue,Summer,2012.0,Casual,Gini and Jony Boys Rodeo Blue Jeans
7309,Women,Apparel,Topwear,Tops,Pink,Summer,2011.0,Casual,UCB Women Quarter Sleeve Pink Top
27625,Men,Apparel,Bottomwear,Shorts,Grey,Summer,2012.0,Casual,Scullers Men Grey Shorts
8984,Men,Footwear,Shoes,Casual Shoes,Green,Fall,2011.0,Casual,Puma Men TX-3 Green Casual Shoes
30635,Men,Apparel,Topwear,Tshirts,Blue,Summer,2012.0,Casual,Nike Men Basic Crew Blue T-shirt
34536,Men,Footwear,Shoes,Formal Shoes,Brown,Winter,2018.0,Formal,Red Tape Men Brown Shoes
52235,Men,Apparel,Bottomwear,Jeans,Blue,Summer,2012.0,Casual,Pepe Jeans Men Dark Blue Jeans
44932,Men,Apparel,Bottomwear,Jeans,Blue,Summer,2012.0,Casual,Jack & Jones Men Blue Jeans
6519,Men,Apparel,Bottomwear,Track Pants,Blue,Summer,2011.0,Sports,Nike Men Soccer Liga Black Track Pant
38576,Men,Apparel,Bottomwear,Track Pants,Black,Spring,2013.0,Casual,Nike Men Black Breakline Track Pants
14784,Men,Apparel,Topwear,Shirts,Pink,Fall,2011.0,Formal,Arrow Men Stripes Pink Shirts
42255,Men,Apparel,Bottomwear,Trousers,Brown,Summer,2012.0,Casual,John Players Men Brown Trousers
14580,Men,Apparel,Topwear,Shirts,Grey,Summer,2011.0,Casual,United Colors of Benetton Men Solid DK.Grey Shirts
3707,Men,Apparel,Topwear,Tshirts,Purple,Summer,2011.0,Casual,Classic Polo Men's Purple Black & Cream Stripe T-shirt
2630,Women,Footwear,Shoes,Flats,Red,Fall,2010.0,Casual,Carlton London Women Four Strapped Red Sandal
57101,Women,Apparel,Topwear,Tops,Cream,Summer,2012.0,Casual,Elle Women Cream Top
4916,Women,Apparel,Topwear,Tops,White,Summer,2011.0,Casual,Gini and Jony Girl's Vollie White Infant Kidswear
31488,Men,Apparel,Bottomwear,Trousers,Black,Summer,2012.0,Formal,Black Coffee Men Striped Black Trousers
4141,Men,Footwear,Shoes,Casual Shoes,White,Summer,2011.0,Casual,Fila Men's Breath White Red Shoe
54143,Women,Footwear,Shoes,Heels,Black,Winter,2012.0,Casual,Rocia Women Black Sandals
44579,Men,Apparel,Bottomwear,Jeans,Blue,Spring,2013.0,Casual,Lee Men Blue Pent Jeans
26258,Men,Apparel,Bottomwear,Track Pants,Charcoal,Summer,2012.0,Sports,Proline Men Charcoal Grey Track Pants
44914,Men,Apparel,Bottomwear,Track Pants,Blue,Summer,2012.0,Casual,Puma Men Blue Track Pants
47194,Men,Footwear,Shoes,Formal Shoes,Brown,Summer,2012.0,Formal,Franco Leone Men Brown Formal Shoes
32852,Women,Footwear,Shoes,Heels,White,Winter,2012.0,Casual,Grendha Women Ciaudia White Flats
15359,Men,Footwear,Shoes,Formal Shoes,Black,Winter,2018.0,Formal,Red Tape Men Casual Black Casual Shoes
3502,Women,Apparel,Topwear,Tshirts,Black,Fall,2010.0,Sports,ADIDAS Women's Black T-shirt
41360,Men,Apparel,Bottomwear,Jeans,Navy Blue,Summer,2016.0,Casual,Wrangler Men Navy Blue Millard Jeans
1919,Men,Footwear,Shoes,Casual Shoes,Brown,Fall,2010.0,Casual,Puma Men's Choco Brown Casual Shoes
57933,Men,Apparel,Topwear,Tshirts,Grey Melange,Summer,2012.0,Casual,French Connection Men Grey Melange T-shirt
32405,Women,Apparel,Bottomwear,Trousers,Navy Blue,Fall,2012.0,Formal,Arrow Woman Navy Blue Trousers
5583,Men,Footwear,Shoes,Sports Shoes,Brown,Summer,2011.0,Sports,ADIDAS Men Adistreet Lux Brown Shoe
26987,Women,Apparel,Bottomwear,Shorts,Black,Summer,2012.0,Casual,Jealous 21 Women Black Shorts
13545,Women,Footwear,Shoes,Flats,Black,Fall,2011.0,Casual,Carlton London Women Casual Black Sandals
59992,Women,Apparel,Dress,Dresses,Black,Fall,2012.0,Casual,Avirate Black & White Dress
44665,Women,Apparel,Bottomwear,Trousers,Brown,Summer,2012.0,Casual,Wills Lifestyle Women Brown Trousers
5329,Men,Footwear,Shoes,Sports Shoes,Blue,Fall,2011.0,Sports,FILA Men Speed Up Blue Sports Shoes
5461,Men,Footwear,Shoes,Sports Shoes,Black,Summer,2011.0,Sports,Nike Men's Downshifter Lea Black Shoe
26903,Women,Apparel,Topwear,Tops,Pink,Summer,2012.0,Casual,Jealous 21 Women Pink Top
50663,Men,Apparel,Loungewear and Nightwear,Shorts,Black,Winter,2016.0,Sports,Chromozome Men Black Soccer Shorts
51364,Women,Apparel,Bottomwear,Jeans,Blue,Summer,2012.0,Casual,Spykar Women Blue Jeans
33147,Girls,Apparel,Bottomwear,Jeans,Blue,Summer,2012.0,Casual,Gini and Jony Girls Blue Jeans
7826,Women,Footwear,Shoes,Sports Shoes,White,Summer,2011.0,Sports,Puma Women Future Cat Remix White Blue Shoe
29124,Men,Footwear,Shoes,Sports Shoes,Black,Fall,2012.0,Sports,Puma Men Aquil Black Sports Shoes
13846,Men,Apparel,Topwear,Shirts,Blue,Fall,2011.0,Casual,John Miller Men Stripes Blue Shirts
45977,Women,Apparel,Topwear,Tops,Yellow,Summer,2012.0,Casual,Tokyo Talkies Women Yellow Printed Top
19820,Men,Apparel,Topwear,Sweaters,Green,Winter,2016.0,Casual,U.S. Polo Assn. Men Solid Green Sweater
42260,Men,Apparel,Bottomwear,Jeans,Blue,Summer,2012.0,Casual,John Players Men Blue Jeans
16155,Men,Footwear,Shoes,Formal Shoes,Brown,Fall,2011.0,Formal,Enroute Men Leather Brown Formal Shoes
50955,Women,Apparel,Bottomwear,Jeans,Blue,Winter,2011.0,Casual,Lee Womens Blue Roxy Fit Jeans
50150,Women,Footwear,Shoes,Heels,Gold,Winter,2012.0,Casual,Rocia Women Beige Flats
18326,Men,Apparel,Topwear,Shirts,Black,Fall,2011.0,Casual,Wills Lifestyle Men Check Black Shirt
59972,Women,Apparel,Dress,Dresses,Black,Fall,2012.0,Party,Avirate Black Dress
17562,Men,Apparel,Topwear,Shirts,Blue,Fall,2011.0,Formal,Mark Taylor Men Blue & White Striped Shirt
16152,Men,Footwear,Shoes,Formal Shoes,Brown,Fall,2011.0,Formal,Enroute Men Leather Brown Formal Shoes
47213,Men,Footwear,Shoes,Formal Shoes,Black,Summer,2012.0,Formal,Franco Leone Men Black Formal Shoes
4492,Men,Footwear,Shoes,Sports Shoes,White,Summer,2011.0,Sports,Lotto Men T-Effect III White Blue Shoe
11118,Men,Apparel,Topwear,Shirts,White,Fall,2011.0,Formal,Indigo Nation Men Solid White Shirts
7687,Men,Apparel,Bottomwear,Shorts,White,Fall,2011.0,Sports,Puma Men's Long Logo Bermuda White Short
11282,Men,Apparel,Bottomwear,Jeans,Blue,Summer,2016.0,Casual,Wrangler Men Blue Texas Jeans
48375,Men,Apparel,Topwear,Shirts,Black,Summer,2012.0,Casual,French Connection Men Black & Grey Shirt
19854,Men,Apparel,Topwear,Shirts,Blue,Fall,2011.0,Casual,U.S. Polo Assn. Men Striped Blue Shirt
30415,Men,Apparel,Bottomwear,Jeans,Blue,Summer,2012.0,Casual,Deni Yo Men Slim Fit Washed Blue Jeans
47190,Men,Footwear,Shoes,Formal Shoes,Brown,Summer,2012.0,Formal,Franco Leone Men Brown Shoes
11169,Men,Apparel,Topwear,Sweaters,Green,Fall,2011.0,Casual,Scullers Men Stripes Green Sweaters
49612,Women,Footwear,Shoes,Heels,Yellow,Winter,2015.0,Casual,Catwalk Women Yellow  Flats
45388,Women,Footwear,Shoes,Flats,Bronze,Winter,2012.0,Casual,Rocia Women Bronze Flats
2377,Men,Footwear,Shoes,Formal Shoes,Black,Winter,2018.0,Formal,Red Tape Black Men's Shoe
1579,Men,Apparel,Topwear,Jackets,Grey,Fall,2010.0,Sports,Domyos Men Grey Second Skin Jacket
53458,Women,Footwear,Shoes,Heels,Mustard,Winter,2015.0,Casual,Catwalk Women Mustard Wedges
57094,Women,Apparel,Bottomwear,Shorts,Blue,Summer,2012.0,Casual,Elle Women Greyish Blue Culottes
39870,Women,Footwear,Shoes,Heels,Gold,Winter,2012.0,Casual,Catwalk Women Gold Flats
51464,Women,Apparel,Topwear,Tops,Olive,Summer,2012.0,Casual,Tonga Women Olive Top
13815,Men,Apparel,Topwear,Tshirts,Grey,Fall,2011.0,Casual,Proline Pack of 3 Printed T-shirts
17675,Women,Footwear,Shoes,Flats,Turquoise Blue,Winter,2015.0,Casual,Catwalk Women Ballerina Turquoise Casual Shoe
11354,Men,Apparel,Bottomwear,Jeans,Blue,Spring,2013.0,Casual,Lee Men Mickey Blue Powell Fit Jeans
43677,Women,Apparel,Dress,Dresses,Navy Blue,Summer,2012.0,Casual,French Connection Navy Blue Dress
8851,Men,Apparel,Topwear,Shirts,Brown,Fall,2011.0,Casual,Mark Taylor Men Brown Striped Shirt
29056,Women,Apparel,Bottomwear,Track Pants,Grey,Summer,2012.0,Sports,ADIDAS Women Grey Track Pants
18711,Women,Apparel,Bottomwear,Skirts,Brown,Fall,2011.0,Casual,Arrow Woman Printed Brown Skirt
22313,Men,Apparel,Topwear,Jackets,Black,Summer,2015.0,Casual,Wildcraft Men Black Fleece Jacket
7390,Men,Footwear,Shoes,Formal Shoes,Brown,Winter,2018.0,Formal,Red Tape Men Brown Shoes
3964,Women,Apparel,Topwear,Tops,Blue,Summer,2011.0,Casual,Jealous 21 Women Blue V Neck Party Top
17247,Men,Apparel,Topwear,Tshirts,Blue,Fall,2011.0,Casual,U.S. Polo Assn. Men Stripes Blue Polo Tshirt
42045,Men,Footwear,Shoes,Casual Shoes,Yellow,Summer,2012.0,Casual,Nike Men Wardour Chukka Yellow Casual Shoes
41467,Women,Footwear,Shoes,Flats,Brown,Spring,2013.0,Casual,Carlton London Women Brown Solid Suede Ballerinas
50278,Men,Footwear,Shoes,Formal Shoes,Brown,Summer,2012.0,Formal,Arrow Men Brown Formal Shoes
15346,Men,Apparel,Topwear,Tshirts,Black,Fall,2011.0,Casual,Nike Men Special Edition 3 Star Beed Black Tshirts
6618,Men,Apparel,Topwear,Shirts,Purple,Summer,2011.0,Casual,Spykar Men Purple and white Check Shirt
7217,Men,Footwear,Shoes,Formal Shoes,Black,Fall,2011.0,Formal,Rockport Men Carnforth Soft Black Shoe
6312,Women,Apparel,Topwear,Tops,White,Summer,2011.0,Casual,UCB Women's Basic Racerback White Top
8805,Men,Apparel,Topwear,Shirts,Black,Fall,2011.0,Casual,Scullers Men Scul White Black Shirt
51462,Women,Apparel,Topwear,Tops,Brown,Summer,2012.0,Casual,Tonga Women Brown Top
30804,Men,Apparel,Topwear,Shirts,Rust,Summer,2012.0,Ethnic,Fabindia Men Rust Shirt
7875,Men,Apparel,Bottomwear,Shorts,Black,Fall,2011.0,Sports,Proline Men Black Comfort Fit Sports Shorts
34651,Women,Footwear,Shoes,Sports Shoes,Black,Fall,2012.0,Sports,Fila Women Top Fuel Black Sports Shoes
4380,Men,Apparel,Topwear,Tshirts,Red,Summer,2011.0,Casual,Superman Men's Dont Art Me Dark Red T-shirt
10150,Men,Footwear,Shoes,Formal Shoes,Black,Fall,2011.0,Formal,Rockport Men Drsp Plaintoe Black Formal Shoes
26259,Men,Apparel,Bottomwear,Track Pants,Navy Blue,Summer,2012.0,Sports,Proline Men Navy Track Pants
22959,Men,Footwear,Shoes,Sports Shoes,White,Summer,2012.0,Sports,Reebok Men White Fusion Sports Shoes
53737,Men,Apparel,Bottomwear,Shorts,Olive,Summer,2012.0,Casual,ADIDAS Men Olive Shorts
47613,Women,Footwear,Shoes,Heels,Brown,Winter,2012.0,Casual,Portia Women Brown Heels
57037,Women,Apparel,Dress,Dresses,Blue,Summer,2012.0,Casual,Elle Women Blue Dress
15561,Men,Apparel,Bottomwear,Jeans,Blue,Fall,2011.0,Casual,Spykar Men Washed Blue Jeans
22310,Women,Footwear,Shoes,Heels,Gold,Winter,2012.0,Casual,Inc. 5 Women Casual Golden Flats
34202,Men,Apparel,Bottomwear,Track Pants,Black,Fall,2013.0,Casual,Proline Men Black Track Pants
13246,Men,Apparel,Bottomwear,Jeans,Blue,Fall,2011.0,Casual,Palm Tree Kids Boy Washed Blue Jeans
9657,Men,Apparel,Topwear,Shirts,Red,Fall,2011.0,Casual,Indigo Nation Men Reversible Bling Red Shirts
36459,Men,Footwear,Shoes,Sports Shoes,White,Spring,2013.0,Sports,Spinn Men Texan White Sports Shoes
12754,Women,Apparel,Bottomwear,Jeans,Blue,Fall,2011.0,Casual,Spykar Women Ep Jeans Blue Jeans
16159,Men,Footwear,Shoes,Formal Shoes,Brown,Fall,2011.0,Formal,Enroute Men Leather Brown Formal Shoes
9384,Men,Footwear,Shoes,Sports Shoes,White,Fall,2011.0,Sports,Nike Men Nike Backboard Grey Sports Shoes
59987,Women,Apparel,Dress,Dresses,Black,Fall,2012.0,Casual,Avirate Black Dress
13555,Women,Footwear,Shoes,Casual Shoes,Red,Fall,2011.0,Casual,Carlton London Women Casual Red Casual Shoes
7885,Men,Apparel,Bottomwear,Track Pants,Grey,Fall,2011.0,Casual,Proline Men Grey Track Pants
19540,Men,Apparel,Topwear,Sweaters,Blue,Summer,2011.0,Casual,United Colors of Benetton Men Solid Blue Sweater
5493,Men,Apparel,Topwear,Tshirts,Grey,Summer,2011.0,Casual,Mr.Men Men's Cool Soft Grey T-shirt
14286,Men,Apparel,Bottomwear,Trousers,Grey,Fall,2011.0,Formal,Belmonte Men Solid Trouser Grey Trousers
56979,Women,Footwear,Shoes,Flats,Blue,Winter,2012.0,Casual,HM Women Blue Sandals
33504,Women,Apparel,Dress,Dresses,Pink,Summer,2012.0,Casual,Doodle Kids Girl Printed Pink Dress
23245,Men,Footwear,Shoes,Formal Shoes,Coffee Brown,Fall,2011.0,Formal,Arrow Men Formal Coffee Brown Shoes
45414,Women,Footwear,Shoes,Flats,Black,Winter,2012.0,Casual,Rocia Women Black Sandals
45386,Women,Footwear,Shoes,Flats,Beige,Winter,2012.0,Casual,Rocia Women Beige Flats
51463,Women,Apparel,Topwear,Tops,Black,Summer,2012.0,Casual,Tonga Women Black Top
24996,Men,Apparel,Bottomwear,Jeans,Blue,Summer,2012.0,Casual,United Colors of Benetton Men Blue Washed Jeans
10783,Men,Footwear,Shoes,Sports Shoes,White,Fall,2011.0,Sports,New Balance M364 Men Others Xtraining White Sports Shoes
8785,Women,Apparel,Topwear,Jackets,Pink,Fall,2011.0,Casual,Lotto Women Cathy Pink Jacket
22191,Men,Footwear,Shoes,Casual Shoes,Brown,Fall,2012.0,Casual,Timberland Men Light Brown Casual Shoes
14348,Women,Footwear,Shoes,Heels,White,Winter,2015.0,Casual,Catwalk Women Casual White Flats
22198,Men,Footwear,Shoes,Casual Shoes,Black,Fall,2012.0,Casual,Timberland Men Black Casual Shoes
12607,Women,Apparel,Topwear,Tops,Purple,Fall,2011.0,Casual,Jealous 21 Women Solid Purple Shrug
28795,Men,Apparel,Bottomwear,Jeans,Blue,Summer,2012.0,Casual,Denizen Men Blue Jeans
8181,Men,Apparel,Topwear,Shirts,Purple,Summer,2011.0,Casual,Locomotive Men Check Ladislav Purple Shirts
44870,Men,Apparel,Bottomwear,Shorts,Red,Summer,2012.0,Casual,Puma Men Red Foundation Beach Shorts
41347,Men,Apparel,Bottomwear,Jeans,,Fall,2016.0,Casual,Wrangler Men Black Texas Jeans
20894,Men,Footwear,Shoes,Casual Shoes,Red,Fall,2011.0,Casual,Basics Men Red Casual Shoes
7001,Women,Apparel,Topwear,Tops,Purple,Summer,2011.0,Casual,s.Oliver Women's Purple Blouse Top
43536,Women,Apparel,Topwear,Tops,Peach,Summer,2012.0,Casual,French Connection Women Peach Top
11317,Women,Apparel,Bottomwear,Jeans,Black,Fall,2011.0,Casual,United Colors of Benetton Women Washed Black Jeans
39636,Men,Footwear,Shoes,Sports Shoes,White,Summer,2012.0,Sports,Lotto Men White Sports Shoes
44631,Men,Apparel,Bottomwear,Track Pants,Black,Summer,2012.0,Sports,Nike Men Black Track Pants
27153,Men,Apparel,Topwear,Shirts,Green,Summer,2012.0,Formal,Mark Taylor Men Striped Green Shirt
43311,Women,Apparel,Topwear,Sweaters,White,Summer,2012.0,Casual,United Colors of Benetton Women Pink Sweater
41667,Women,Footwear,Shoes,Heels,Black,Spring,2013.0,Casual,Catwalk Women Black Heels
39762,Women,Apparel,Bottomwear,Trousers,Charcoal,Summer,2012.0,Formal,Arrow Woman Grey Trousers
37172,Boys,Apparel,Bottomwear,Shorts,Black,Summer,2012.0,Casual,United Colors of Benetton Boys Black Shorts
3576,Women,Footwear,Shoes,Flats,Grey,Summer,2011.0,Casual,ADIDAS Women Grey Sports Sandal
46609,Women,Footwear,Shoes,Heels,Tan,Summer,2012.0,Casual,Catwalk Women Tan Flats
20267,Women,Footwear,Shoes,Heels,Black,Winter,2015.0,Casual,Catwalk Women Casual Black Heels
59964,Women,Apparel,Dress,Dresses,Black,Fall,2012.0,Casual,Avirate Women Black Dress
40095,Men,Apparel,Bottomwear,Shorts,Black,Summer,2012.0,Casual,ADIDAS Men Black Shorts
27630,Men,Apparel,Bottomwear,Trousers,Khaki,Summer,2012.0,Casual,Scullers Men Khaki Trousers
11895,Men,Footwear,Shoes,Formal Shoes,Black,Fall,2011.0,Formal,Franco Leone Men Formal Black Formal Shoes
40983,Boys,Apparel,Topwear,Tshirts,White,Summer,2012.0,Casual,Gini and Jony Boys United White T-shirt
48473,Women,Apparel,Dress,Dresses,Blue,Winter,2011.0,Casual,French Connection Women Blue Dress
37198,Women,Apparel,Dress,Dresses,Red,Summer,2012.0,Casual,United Colors of Benetton Women Check Red Dress
13537,Men,Footwear,Shoes,Casual Shoes,Brown,Fall,2011.0,Casual,Carlton London Men Casual Brown Casual Shoes
39756,Boys,Apparel,Bottomwear,Shorts,White,Summer,2012.0,Casual,Gini Jony Boys White Shorts
6811,Men,Footwear,Shoes,Casual Shoes,Red,Summer,2011.0,Casual,Timberland Men's Ox Maroon Red Shoe
9702,Men,Footwear,Shoes,Formal Shoes,Brown,Fall,2011.0,Formal,Hush Puppies Men Chevelle Brown Formal Shoes
13487,Men,Apparel,Topwear,Shirts,Blue,Fall,2011.0,Casual,Spykar Men Stripes Blue Shirts
8397,Men,Apparel,Bottomwear,Shorts,Grey,Fall,2011.0,Sports,ADIDAS Men Adna 3s Shrt Kn Grey Shorts
13366,Women,Footwear,Shoes,Casual Shoes,Brown,Fall,2011.0,Casual,Timberland Women Femmes Brown Casual Shoes
13671,Unisex,Apparel,Bottomwear,Jeans,Blue,Fall,2011.0,Casual,Levis Kids Blue Solid Jean
43314,Women,Apparel,Topwear,Sweaters,Yellow,Summer,2012.0,Casual,United Colors of Benetton Women Yellow Sweater
13546,Women,Footwear,Shoes,Flats,Gold,Spring,2013.0,Casual,Carlton London Women Gold Toned Flats
15376,Men,Footwear,Shoes,Sports Shoes,White,Fall,2011.0,Sports,FILA Men Fila Boston White Sports Shoes
57052,Women,Apparel,Dress,Dresses,Blue,Summer,2012.0,Casual,Elle Women Blue Dress
54792,Men,Apparel,Bottomwear,Jeans,Grey,Summer,2012.0,Casual,Peter England Men Grey Jeans
12271,Men,Apparel,Topwear,Shirts,Blue,Fall,2011.0,Formal,Genesis Men Stripes Blue Shirts
9040,Men,Footwear,Shoes,Formal Shoes,Brown,Winter,2011.0,Formal,Buckaroo Men Victor Brown Formal Shoes
26368,Women,Apparel,Topwear,Shirts,Red,Summer,2012.0,Casual,Arrow Woman Red Shirt
34074,Women,Footwear,Shoes,Flats,Silver,Fall,2012.0,Casual,Clarks Women Arizona Heat Leather Silver Shoes
28822,Men,Apparel,Bottomwear,Jeans,Blue,Summer,2012.0,Casual,Denizen Men Blue Jeans
11175,Men,Apparel,Topwear,Sweaters,White,Fall,2011.0,Casual,Scullers Men Stripes White Sweaters
39612,Women,Footwear,Shoes,Heels,Silver,Winter,2015.0,Casual,Catwalk Women Silver Heels
39765,Women,Apparel,Bottomwear,Trousers,Olive,Summer,2012.0,Casual,Arrow Woman Olive Trousers
22848,Men,Footwear,Shoes,Casual Shoes,Khaki,Summer,2016.0,Casual,Woodland Men Khaki Casual Shoes
43935,Women,Footwear,Shoes,Heels,White,Winter,2012.0,Casual,Catwalk Women White Heels
16612,Men,Apparel,Bottomwear,Trousers,Navy Blue,Fall,2011.0,Formal,Genesis Men Stripes Navy Blue Trouser
33280,Unisex,Apparel,Bottomwear,Jeans,Blue,Summer,2012.0,Casual,Gini and Jony Kids Unisex Blue Jeans
13428,Men,Apparel,Topwear,Tshirts,White,Summer,2011.0,Casual,United Colors of Benetton Men Printed White Tshirts
9833,Women,Apparel,Topwear,Tshirts,Green,Fall,2011.0,Casual,Little Miss Women Printed Olive Green T-shirt
39345,Men,Apparel,Topwear,Tshirts,Blue,Fall,2012.0,Casual,Mr. Men Blue T-shirt
57896,Women,Apparel,Bottomwear,Shorts,Off White,Summer,2012.0,Casual,Femella Women Off White Shorts
20909,Women,Footwear,Shoes,Heels,Bronze,Winter,2015.0,Casual,Catwalk Women Casual Bronze Heels
14123,Men,Apparel,Bottomwear,Jeans,Blue,Fall,2011.0,Casual,Flying Machine Men Washed Blue Jeans
27003,Women,Apparel,Bottomwear,Jeans,Blue,Summer,2012.0,Casual,Jealous 21 Women Washed Blue Jeans
20777,Women,Footwear,Shoes,Flats,Gold,Fall,2011.0,Casual,Carlton London Women Classy Gold Sandals
22702,Women,Footwear,Shoes,Casual Shoes,Beige,Fall,2011.0,Casual,Nike Women Beige Dunk High Casual Shoes
58510,Women,Apparel,Dress,Dresses,White,Fall,2012.0,Casual,Tonga White & Black Animal Print Dress
16182,Men,Footwear,Shoes,Formal Shoes,Tan,Summer,2012.0,Formal,Enroute Men Leather Tan Formal Shoes
22734,Women,Footwear,Shoes,Sports Shoes,Grey,Fall,2011.0,Sports,Nike Women Grey Lunarglide +3 Sports Shoes
48464,Women,Apparel,Dress,Dresses,Blue,Summer,2012.0,Casual,French Connection Blue & Black Printed Dress
50174,Women,Footwear,Shoes,Flats,Purple,Winter,2012.0,Casual,Rocia Women Multi- Coloured Shoes
4523,Men,Footwear,Shoes,Sports Shoes,Blue,Summer,2011.0,Sports,Puma Men's Faas Blue White Silver Red Shoe
22101,Men,Footwear,Shoes,Casual Shoes,Grey,Fall,2011.0,Casual,Flying Machine Men Grey Casual Shoes
42028,Women,Footwear,Shoes,Sports Shoes,White,Fall,2012.0,Sports,ADIDAS Women White Sukoi Sports Shoes
12218,Men,Apparel,Bottomwear,Trousers,Beige,Fall,2011.0,Formal,Basics Men Solid Beige Trousers
50960,Women,Apparel,Bottomwear,Jeans,Blue,Summer,2013.0,Casual,Lee Womens Blue Jeans
26902,Women,Apparel,Topwear,Tops,Lavender,Summer,2012.0,Casual,Jealous 21 Women Printed Lavender Top
26143,Men,Apparel,Bottomwear,Trousers,Charcoal,Summer,2012.0,Formal,John Miller Men Charcoal Trousers
40496,Women,Apparel,Topwear,Tops,Olive,Fall,2012.0,Casual,Femella Women Olive Spaghetti Top
47548,Women,Footwear,Shoes,Heels,Red,Winter,2012.0,Ethnic,Portia Women Red Heels
57499,Men,Footwear,Shoes,Formal Shoes,Black,Summer,2012.0,Casual,Lee Cooper Men Black Formal Shoes
39207,Women,Footwear,Shoes,Heels,Black,Winter,2015.0,Casual,Catwalk Women Black Sandals
4940,Men,Apparel,Bottomwear,Jeans,Blue,Summer,2011.0,Casual,Gini and Jony Boys Karnel Jeans
32807,Women,Footwear,Shoes,Heels,Green,Winter,2012.0,Casual,iPanema Women Ritmos Green Flats
15014,Men,Apparel,Topwear,Jackets,Black,Fall,2011.0,Sports,ADIDAS Men Solid Black Jackets
12950,Men,Apparel,Topwear,Shirts,White,Fall,2011.0,Casual,Basics Men White Slim Fit Checked Shirt
21137,Women,Apparel,Topwear,Sweaters,Grey,Fall,2011.0,Casual,s.Oliver Women Stripes Grey Sweater
9001,Men,Footwear,Shoes,Casual Shoes,Grey,Fall,2011.0,Casual,Puma Men El rey Riddim 50s OC Grey Casual Shoes
17999,Men,Apparel,Bottomwear,Track Pants,Grey,Fall,2010.0,Casual,Puma Men Grey Track Pants
42720,Women,Footwear,Shoes,Flats,Brown,Winter,2012.0,Casual,Rocia Women Brown Sandals
59296,Men,Apparel,Topwear,Shirts,White,Fall,2012.0,Casual,U.S. Polo Assn. Men White & Green Shirt
45425,Women,Footwear,Shoes,Flats,Black,Winter,2012.0,Casual,Rocia Women Black Sandals
6643,Women,Footwear,Shoes,Sports Shoes,Pink,Summer,2011.0,Sports,Nike Women's Transform III IN Black Pink Shoe
10288,Women,Footwear,Shoes,Flats,Brown,Winter,2013.0,Casual,Clarks Women Shona Fringe Leather Brown Flats
5435,Men,Apparel,Topwear,Tshirts,Grey,Summer,2011.0,Sports,Nike Men's Encourage The Rookies Grey T-shirt
8491,Women,Apparel,Topwear,Tops,White,Fall,2011.0,Casual,Forever New Women Porcelain White Top
14491,Men,Footwear,Shoes,Casual Shoes,Black,Fall,2011.0,Casual,Flying Machine Men Casual Black Casual Shoes
39344,Men,Apparel,Topwear,Tshirts,Green,Fall,2012.0,Casual,Mr. Men Green T-shirt
22704,Men,Footwear,Shoes,Casual Shoes,White,Fall,2011.0,Casual,Nike Men Capri II Mid White Casual Shoes
57298,Women,Footwear,Shoes,Heels,Beige,Winter,2012.0,Casual,Rocia Women Beige Flats
36741,Men,Apparel,Bottomwear,Jeans,Blue,Summer,2012.0,Casual,Spykar Men Aza Blue Jeans
2824,Men,Footwear,Shoes,Formal Shoes,Black,Summer,2012.0,Formal,Lee Cooper Men's Formal Leather Slip-On Black Shoe
41629,Men,Apparel,Bottomwear,Trousers,Black,Summer,2012.0,Formal,Mark Taylor Men Black Trousers
17154,Men,Apparel,Topwear,Jackets,Navy Blue,Winter,2016.0,Casual,U.S. Polo Assn. Men Solid Navy Blue Jacket
38523,Men,Footwear,Shoes,Casual Shoes,Black,Summer,2012.0,Casual,Puma Men Black Surge Shoes
51505,Women,Apparel,Bottomwear,Jeans,Blue,Summer,2012.0,Casual,Denizen Women Blue Jeans
4170,Women,Footwear,Shoes,Sports Shoes,Yellow,Winter,2011.0,Sports,Reebok Women Zig Sonic Yellow and Grey Sports Shoes
12988,Women,Apparel,Topwear,Sweaters,Black,Fall,2011.0,Casual,United Colors Of Benetton Women Womenlight Winter Black Sweaters Black Sweaters
50783,Women,Footwear,Shoes,Heels,Black,Winter,2015.0,Casual,Clarks Women Black Onslow Beat Leather Wedges
42214,Women,Apparel,Topwear,Tops,White,Summer,2012.0,Casual,Sepia Women White Top
13829,Men,Apparel,Topwear,Sweaters,Purple,Fall,2011.0,Casual,Indigo Nation Men Stripes Purple Sweaters
32561,Women,Apparel,Bottomwear,Jeans,Peach,Summer,2012.0,Casual,ONLY Women Peach Jeans
48477,Women,Apparel,Dress,Dresses,Cream,Winter,2011.0,Casual,French Connection Women Cream Dress
12350,Men,Apparel,Topwear,Shirts,Pink,Fall,2011.0,Formal,Reid & Taylor Men Pink Striped Shirt
2826,Men,Footwear,Shoes,Formal Shoes,Brown,Summer,2012.0,Formal,Lee Cooper Men Leather Semi Formal Brown Shoe
44945,Women,Apparel,Bottomwear,Trousers,Navy Blue,Summer,2012.0,Casual,United Colors of Benetton Women Navy Blue Jeans
31118,Girls,Apparel,Topwear,Tops,Red,Summer,2012.0,Casual,Gini and Jony Girls Red Top
2700,Girls,Apparel,Topwear,Tops,White,Summer,2011.0,Casual,Disney Kids Girl's White Kidswear
38665,Men,Footwear,Shoes,Sports Shoes,Black,Summer,2012.0,Sports,Nike Men Lunarfly Black Sports Shoes
19524,Men,Apparel,Topwear,Sweaters,Blue,Fall,2011.0,Casual,United Colors of Benetton Men Solid Blue Sweater
7193,Women,Apparel,Bottomwear,Jeans,Black,Fall,2011.0,Casual,Jealous 21 Women Black Jegging
45346,Women,Footwear,Shoes,Heels,White,Summer,2016.0,Casual,Cobblerz Women White Sandals
13702,Men,Footwear,Shoes,Sports Shoes,White,Fall,2011.0,Sports,FILA Men Dirk White Sports Shoes
35471,Women,Footwear,Shoes,Heels,Blue,Winter,2015.0,Casual,Catwalk Women Blue Flats
3232,Men,Footwear,Shoes,Sports Shoes,Black,Fall,2010.0,Sports,Puma Men's Speed Cat Black White Shoe
23489,Men,Footwear,Shoes,Sports Shoes,Black,Fall,2011.0,Sports,FILA Men Forza 11 Black Sports Shoes
36213,Girls,Apparel,Topwear,Tops,Green,Summer,2012.0,Casual,Gini And Jony Girls Striped Green Top
26101,Men,Apparel,Topwear,Shirts,White,Summer,2012.0,Formal,John Miller Men Striped White Shirt
21466,Women,Apparel,Topwear,Sweaters,Blue,Winter,2012.0,Casual,Roxy Women Blue Striped Sweater
39718,Women,Apparel,Topwear,Tops,Beige,Summer,2012.0,Casual,Arrow Woman Beige Top
27900,Women,Apparel,Bottomwear,Trousers,Beige,Summer,2012.0,Casual,Scullers For Her Women Beige Trousers
49461,Men,Footwear,Shoes,Casual Shoes,Blue,Summer,2012.0,Casual,Vans Men Blue Era Scilla Plaid Shoes
13126,Men,Footwear,Shoes,Formal Shoes,Brown,Fall,2011.0,Formal,Lee Cooper Men Brown Formal Shoes
19577,Women,Apparel,Topwear,Tops,Olive,Summer,2011.0,Casual,United Colors of Benetton Women Solid Olive Top
49372,Men,Footwear,Shoes,Casual Shoes,Brown,Summer,2012.0,Casual,Vans Men Brown Casual Shoes
9999,Women,Apparel,Topwear,Tops,Blue,Summer,2011.0,Casual,Palm Tree Kids Girl Mm Merlin Top Blue Tops
47210,Men,Footwear,Shoes,Formal Shoes,Brown,Summer,2012.0,Formal,Franco Leone Men Brown Formal Shoes
49494,Men,Footwear,Shoes,Casual Shoes,Navy Blue,Summer,2012.0,Casual,Vans Men Navy Blue Shoes
44235,Men,Footwear,Shoes,Sports Shoes,Blue,Summer,2012.0,Sports,Nike Men Air Max+ 2012 Blue Sports Shoes
7195,Women,Apparel,Topwear,Tops,White,Fall,2011.0,Casual,Jealous 21 Women Knit Butterfly Print White Top
59436,Women,Footwear,Shoes,Flats,White,Winter,2012.0,Casual,Grendha Women White & Brown Flats
9498,Men,Apparel,Topwear,Shirts,Pink,Fall,2011.0,Formal,John Miller Men Pink white black check Pink Shirts
30256,Men,Footwear,Shoes,Formal Shoes,Black,Winter,2018.0,Formal,Red Tape Men Black Semi Formal Shoes
6611,Men,Apparel,Topwear,Shirts,Navy Blue,Summer,2011.0,Casual,Spykar Men Stripes Navy Blue Shirt
19310,Men,Footwear,Shoes,Sports Shoes,White,Fall,2011.0,Sports,Nike Men Lunarglide+ 3 White Sports Shoe
3938,Women,Apparel,Topwear,Tshirts,White,Summer,2011.0,Casual,Jealous 21 Women's White Blue T-shirt
33360,Men,Footwear,Shoes,Formal Shoes,Black,Summer,2012.0,Formal,Homme Men Black Semi Formal Shoes
43929,Women,Footwear,Shoes,Heels,White,Spring,2013.0,Casual,Catwalk Women White Heeled Shoes
12871,Men,Footwear,Shoes,Formal Shoes,Black,Spring,2012.0,Formal,Lee Cooper Men Formal Black Shoes
4826,Men,Apparel,Bottomwear,Track Pants,Navy Blue,Summer,2011.0,Sports,ADIDAS Men's Woven Dark Navy White Track Pant
59297,Men,Apparel,Topwear,Shirts,White,Fall,2012.0,Casual,U.S. Polo Assn. Men White & Navy Blue Shirt
41774,Women,Apparel,Dress,Dresses,Navy Blue,Summer,2012.0,Casual,Remanika Women Navy Blue Dress
6810,Men,Footwear,Shoes,Casual Shoes,Brown,Fall,2012.0,Casual,Timberland Men Earthkeeper Burnsh Medium Brown Shoe
7326,Men,Footwear,Shoes,Formal Shoes,Brown,Winter,2018.0,Formal,Red Tape Men Dark Brown Formal Shoes
39986,Men,Footwear,Shoes,Casual Shoes,Navy Blue,Summer,2013.0,Casual,Gas Men Mila Navy Blue Shoes
15336,Men,Apparel,Bottomwear,Shorts,Grey,Fall,2011.0,Casual,Nike Men Solid Grey Shorts
13645,Women,Footwear,Shoes,Flats,Brown,Fall,2011.0,Casual,Carlton London Women Casual Brown Sandals
37246,Men,Footwear,Shoes,Casual Shoes,Charcoal,Summer,2012.0,Casual,United Colors of Benetton Men Charcoal Shoes
16367,Men,Apparel,Topwear,Shirts,Blue,Fall,2011.0,Formal,Peter England Men Check Blue Shirt
56950,Women,Footwear,Shoes,Heels,Maroon,Winter,2012.0,Casual,HM Women Maroon Sandals
3923,Men,Apparel,Bottomwear,Track Pants,Navy Blue,Summer,2011.0,Casual,Urban Yoga Men's Yoga Navy Track Pant
19523,Men,Apparel,Topwear,Sweaters,Grey,Fall,2011.0,Casual,United Colors of Benetton Men Grey Sweater
52124,Girls,Apparel,Dress,Dresses,Orange,Summer,2012.0,Casual,Doodle Girls Orange Printed Dress
2243,Men,Apparel,Topwear,Tshirts,White,Fall,2010.0,Sports,ADIDAS Men Stripe Polo White Polo T-shirt
14746,Men,Apparel,Topwear,Shirts,White,Fall,2011.0,Formal,Arrow Men Stripes White Shirts
48089,Women,Apparel,Topwear,Tops,Burgundy,Summer,2012.0,Casual,French Connection Women Burgundy Top
39725,Women,Apparel,Bottomwear,Skirts,Charcoal,Summer,2012.0,Formal,Arrow Woman Charcoal Skirt
1541,Men,Footwear,Shoes,Sports Shoes,White,Fall,2010.0,Sports,Puma Men's Ballistic Spike White Green Shoe
36486,Men,Footwear,Shoes,Casual Shoes,Black,Summer,2012.0,Casual,Spinn Men Newport Black Shoes
3907,Women,Apparel,Bottomwear,Track Pants,Cream,Summer,2011.0,Casual,Urban Yoga Women's Fitted Yoga Cream Track Pant
36215,Girls,Apparel,Bottomwear,Shorts,Purple,Summer,2012.0,Casual,Gini and Jony Girls Core Purple Shorts
19021,Women,Footwear,Shoes,Heels,Beige,Winter,2015.0,Casual,Catwalk Women Elastic Strap Beige Heels
53456,Women,Footwear,Shoes,Flats,Black,Winter,2015.0,Casual,Catwalk Women Black Casual Shoes
19719,Men,Apparel,Topwear,Shirts,Grey,Fall,2011.0,Casual,United Colors of Benetton Men Stripes Grey Shirt
3560,Men,Footwear,Shoes,Casual Shoes,White,Winter,2015.0,Casual,Skechers Men Off White Lifestyle Casual Shoe
30098,Men,Apparel,Bottomwear,Jeans,Black,Winter,2016.0,Casual,Flying Machine Men Washed Black Jeans
42130,Men,Footwear,Shoes,Sports Shoes,White,Summer,2012.0,Sports,Nike Men Air Max Quarter White Sports Shoes
40979,Boys,Apparel,Topwear,Tshirts,Yellow,Summer,2012.0,Casual,Gini and Jony Boys Core Yellow T-shirt
48085,Women,Apparel,Dress,Dresses,Purple,Summer,2012.0,Casual,French Connection Women Purple Dress
38840,Women,Apparel,Dress,Dresses,Black,Summer,2012.0,Casual,Latin Quarters Women Navy Blue & White Printed Dress
59342,Men,Footwear,Shoes,Casual Shoes,Brown,Summer,2012.0,Casual,Gliders Men Brown Shoes
44587,Men,Apparel,Bottomwear,Jeans,Blue,Summer,2017.0,Casual,Lee Men Blue Rack Jeans
18710,Women,Apparel,Bottomwear,Skirts,Tan,Fall,2011.0,Casual,Arrow Woman Printed Tan Skirt
33822,Men,Footwear,Shoes,Sports Shoes,White,Summer,2012.0,Sports,Puma Men Axis White & Grey Sports Shoes
27379,Men,Apparel,Bottomwear,Jeans,Blue,Summer,2012.0,Casual,Spykar Men Washed Blue Jeans
17579,Men,Apparel,Bottomwear,Trousers,Grey,Fall,2011.0,Casual,Mark Taylor Men Solid Grey Trouser
15266,Women,Footwear,Shoes,Casual Shoes,Gold,Fall,2011.0,Casual,ADIDAS Originals Women Top Ten HI Sleek Gold Casual Shoes
6015,Men,Apparel,Topwear,Shirts,Black,Summer,2011.0,Casual,Highlander Men Small Black Checked Shirt
45488,Men,Apparel,Bottomwear,Shorts,Navy Blue,Summer,2012.0,Sports,Fila Men Navy Blue Shorts
13350,Women,Apparel,Bottomwear,Jeans,Blue,Fall,2011.0,Casual,Spykar Blue Washed Jeans
11949,Men,Footwear,Shoes,Casual Shoes,Brown,Fall,2012.0,Casual,Ganuchi Men Casual Brown Casual Shoes
9396,Women,Footwear,Shoes,Sports Shoes,Black,Fall,2011.0,Sports,Nike Women Wmns Lun Black Sports Shoes
4342,Men,Footwear,Shoes,Sports Shoes,Black,Summer,2011.0,Sports,Fila Men's Phoenix Black White Shoe
31175,Girls,Apparel,Topwear,Tops,Magenta,Summer,2012.0,Casual,Gini and Jony Girls Purple Top
32597,Women,Apparel,Topwear,Tops,Black,Summer,2012.0,Casual,ONLY Women Black Top
36427,Men,Footwear,Shoes,Sports Shoes,White,Spring,2013.0,Sports,Spinn Men Bounce White Sports Shoes
57086,Women,Apparel,Bottomwear,Skirts,Pink,Summer,2012.0,Casual,Elle Women Pink Vintage Skirt
39010,Girls,Apparel,Topwear,Tops,Pink,Summer,2012.0,Casual,Gini and Jony Girls Kitch Peachy Pink Top
57215,Women,Apparel,Bottomwear,Shorts,Beige,Fall,2012.0,Casual,Kraus Jeans Women Beige Shorts
17629,Men,Apparel,Topwear,Jackets,Blue,Fall,2011.0,Casual,ADIDAS Men Solid Blue Jacket
56910,Women,Footwear,Shoes,Heels,Red,Winter,2012.0,Casual,HM Women Red Flats
34532,Men,Footwear,Shoes,Formal Shoes,Black,Winter,2018.0,Formal,Red Tape Men Black Shoes
6893,Women,Apparel,Dress,Dresses,Black,Summer,2011.0,Casual,Forever New Women Straps Black Dress
6521,Men,Apparel,Bottomwear,Shorts,Navy Blue,Summer,2011.0,Sports,Nike Men's Football Navy Blue Short
20266,Women,Footwear,Shoes,Heels,White,Winter,2015.0,Casual,Catwalk Women Casual White Heels
3701,Women,Apparel,Topwear,Tshirts,Black,Summer,2011.0,Casual,Tantra Women Flower Heart Black Long T-shirt
32845,Women,Footwear,Shoes,Flats,Black,Winter,2012.0,Casual,Grendha Women Jola Cigana Black Sandals
8493,Women,Apparel,Bottomwear,Skirts,Black,Fall,2011.0,Casual,Forever New Women Black Skirts
19372,Men,Footwear,Shoes,Formal Shoes,Brown,Winter,2018.0,Formal,Redtape Men Brown Formal Shoes
15330,Men,Apparel,Bottomwear,Shorts,Black,Summer,2012.0,Sports,Nike Men Solid Black Shorts
48376,Men,Apparel,Bottomwear,Trousers,Blue,Summer,2012.0,Casual,French Connection Men Bluish Grey Trousers
13648,Men,Footwear,Shoes,Sports Shoes,Silver,Fall,2011.0,Sports,ADIDAS Silver Astar ride 3M Sports Shoe
35785,Women,Footwear,Shoes,Flats,Orange,Summer,2012.0,Casual,Enroute Women Coral Shoes
6645,Women,Footwear,Shoes,Sports Shoes,Grey,Summer,2011.0,Sports,Nike Women's Serenity Grey Shoe
10020,Men,Apparel,Bottomwear,Shorts,Black,Summer,2012.0,Sports,Nike Men Black & White Reversible Shorts
13111,Men,Apparel,Bottomwear,Shorts,Black,Fall,2011.0,Sports,ADIDAS Men F 50 Style Black Shorts
8022,Men,Apparel,Bottomwear,Track Pants,Navy Blue,Fall,2011.0,Sports,Fila Men's Single Tipped Woven Navy White Track Pant
47582,Women,Footwear,Shoes,Flats,Brown,Winter,2012.0,Ethnic,Portia Women Blue Flats
19822,Men,Apparel,Topwear,Sweaters,Charcoal,Fall,2011.0,Casual,U.S. Polo Assn. Men Solid Charcoal Sweater
20300,Women,Apparel,Topwear,Sweaters,Maroon,Fall,2011.0,Casual,Jealous 21 Women Solid Maroon Sweater
14084,Men,Apparel,Topwear,Sweaters,Blue,Fall,2011.0,Casual,Flying Machine Men Solid Blue Sweaters
43309,Women,Apparel,Bottomwear,Shorts,White,Fall,2012.0,Casual,United Colors of Benetton Women's White Washed Shorts
32830,Women,Footwear,Shoes,Heels,Gold,Winter,2012.0,Casual,iPanema Women Kirey Gold Flats
42419,Girls,Apparel,Topwear,Tops,White,Summer,2012.0,Casual,Gini and Jony Girls Knit White Top
5453,Men,Apparel,Bottomwear,Shorts,Grey,Summer,2011.0,Sports,Nike Men's Vapor Knit Grey Short
15723,Women,Footwear,Shoes,Sports Shoes,White,Spring,2013.0,Sports,Nike Women Ballista II White Sports Shoes
37195,Women,Apparel,Bottomwear,Trousers,Beige,Summer,2012.0,Casual,United Colors of Benetton Women Beige Trousers
15976,Men,Apparel,Topwear,Shirts,Purple,Fall,2011.0,Casual,Turtle Solid Men Purple Shirt
13704,Women,Footwear,Shoes,Flats,Beige,Fall,2011.0,Casual,Clarks Women Prize Club Beige Wedges
19649,Women,Apparel,Topwear,Tops,Magenta,Fall,2011.0,Casual,United Colors of Benetton Women Solid Magenta Top
18721,Women,Apparel,Topwear,Tops,Pink,Fall,2011.0,Casual,Arrow Women Deerie Pink Top
9082,Men,Apparel,Bottomwear,Track Pants,Navy Blue,Fall,2011.0,Sports,ADIDAS Men Torment Pant Navy Blue Trackpant
13241,Men,Apparel,Topwear,Jackets,White,Fall,2011.0,Casual,Palm Tree Kids Boys Solid White Jackets
12876,Men,Footwear,Shoes,Formal Shoes,Black,Fall,2012.0,Formal,Provogue Men Formal Black Formal Shoes
18321,Men,Apparel,Topwear,Shirts,Purple,Fall,2011.0,Casual,Wills Lifestyle Men Check Purple Shirt
16552,Men,Apparel,Topwear,Tshirts,Grey,Fall,2011.0,Casual,Basics Men Grey Printed Polo T-shirt
25479,Men,Footwear,Shoes,Sports Shoes,White,Summer,2012.0,Sports,Nike Men Air Max White Sports Shoes
26177,Women,Footwear,Shoes,Flats,Silver,Winter,2012.0,Casual,Rocia Women Silver Casual Sandals
22489,Men,Footwear,Shoes,Sports Shoes,White,Fall,2011.0,Sports,ADIDAS Men F10 Trx HG White Sports Shoes
11504,Women,Footwear,Shoes,Flats,Black,Winter,2015.0,Casual,Catwalk Women Black Flats
10802,Men,Apparel,Topwear,Shirts,Blue,Fall,2011.0,Casual,Wrangler Men Dodge Broad Accent Check Blue Shirt
39987,Men,Footwear,Shoes,Casual Shoes,Blue,Spring,2013.0,Casual,Gas Men Europa Blue Shoes
39847,Girls,Apparel,Topwear,Tops,Pink,Summer,2012.0,Casual,Gini and Jony Girls Printed Pink Top
8842,Men,Apparel,Bottomwear,Trousers,Beige,Summer,2011.0,Casual,Scullers Men Scul Beige Trousers
11173,Men,Apparel,Topwear,Sweaters,Red,Fall,2011.0,Casual,Scullers Men Stripes Red Sweaters
42698,Women,Footwear,Shoes,Flats,Black,Winter,2012.0,Casual,Rocia Women Black Sandals
11311,Men,Apparel,Bottomwear,Jeans,Blue,Summer,2016.0,Casual,Wrangler Men Blue Texas Jeans
40998,Girls,Apparel,Bottomwear,Jeans,Black,Summer,2012.0,Casual,Palm Tree Girls Woven Black Jeans
42691,Women,Footwear,Shoes,Flats,Black,Winter,2012.0,Casual,Rocia Women Black Sandals
17019,Women,Footwear,Shoes,Flats,Brown,Fall,2013.0,Casual,Rocia Women Casual Brown Sandal
16375,Men,Apparel,Bottomwear,Trousers,Navy Blue,Fall,2011.0,Formal,Peter England Men Stripes Navy Blue Trouser
40402,Women,Apparel,Dress,Dresses,Grey,Summer,2012.0,Casual,Tonga Women Grey & Red Dress
11248,Men,Apparel,Bottomwear,Trousers,Khaki,Fall,2011.0,Formal,Indigo Nation Men Solid Khaki Trousers
8960,Men,Footwear,Shoes,Formal Shoes,Black,Summer,2011.0,Formal,Provogue Men Night Black Shoe
43521,Women,Apparel,Bottomwear,Trousers,Black,Summer,2012.0,Formal,French Connection Women Black Trouser
14712,Men,Apparel,Topwear,Shirts,Off White,Winter,2011.0,Formal,Genesis Off-White Formal Shirt
58729,Women,Apparel,Topwear,Tshirts,Blue,Summer,2012.0,Casual,Puma Women Blue T-shirt
18895,Women,Apparel,Dress,Dresses,Grey,Fall,2011.0,Casual,Arrow Woman Lida Grey Dress
14694,Men,Apparel,Bottomwear,Trousers,Green,Fall,2011.0,Casual,Basics Men Green Trousers
7700,Women,Apparel,Topwear,Tops,Pink,Fall,2011.0,Casual,Jealous 21 Women's All Girls Dying Jealousy Pink Top
24062,Men,Apparel,Topwear,Tshirts,Navy Blue,Summer,2012.0,Casual,Locomotive Men Navy Blue Printed T-shirt
33692,Men,Footwear,Shoes,Formal Shoes,Brown,Winter,2012.0,Formal,Cobblerz Men Brown Leather Semiformal Shoes
31784,Women,Apparel,Topwear,Tops,Red,Summer,2012.0,Casual,Lee Women Katie Red Top
29042,Men,Apparel,Bottomwear,Track Pants,Black,Fall,2013.0,Sports,ADIDAS Men Black Track Pants
27074,Women,Footwear,Shoes,Flats,Blue,Winter,2015.0,Casual,Catwalk Women Blue Casual Flats
38905,Girls,Apparel,Bottomwear,Shorts,Pink,Summer,2012.0,Casual,Allen Solly Kids Girls Poplin Pink Shorts
34860,Men,Footwear,Shoes,Casual Shoes,Black,Summer,2012.0,Casual,Vans Men Era Black Shoes
19011,Women,Apparel,Bottomwear,Track Pants,Purple,Summer,2011.0,Casual,ADIDAS Originals Women Flock Purple Track Pants
25894,Women,Apparel,Topwear,Tops,Olive,Summer,2012.0,Casual,Femella Women Olive Green Spaghetti Top
7706,Women,Apparel,Topwear,Tops,Black,Fall,2011.0,Casual,Jealous 21 Women's She's Got Attitude Black Top
38566,Men,Apparel,Bottomwear,Shorts,Black,Fall,2012.0,Sports,Nike Men Woven Black Shorts
54070,Men,Footwear,Shoes,Sports Shoes,White,Summer,2012.0,Sports,ADIDAS Men White Sports Shoes
14994,Men,Apparel,Topwear,Sweaters,Black,Fall,2011.0,Casual,ADIDAS Men Check Black Sweaters
26150,Men,Apparel,Bottomwear,Trousers,Grey,Summer,2012.0,Formal,John Miller Men Grey Trousers
30632,Men,Apparel,Topwear,Tshirts,Yellow,Summer,2012.0,Sports,Nike Men Challenger Spiked Yellowish Green T-shirt
48496,Women,Apparel,Bottomwear,Trousers,Black,Winter,2011.0,Casual,French Connection Women Black Trousers
12766,Men,Apparel,Topwear,Tshirts,Navy Blue,Fall,2011.0,Casual,Spykar Men Stripe Navy Blue T-Shirts
17536,Men,Apparel,Topwear,Shirts,Blue,Fall,2011.0,Formal,Mark Taylor Men Blue & White Striped Shirt
25574,Men,Footwear,Shoes,Sports Shoes,Black,Summer,2012.0,Sports,FILA Men Trempet Black & White Sports Shoes
15610,Men,Apparel,Bottomwear,Shorts,Black,Fall,2011.0,Sports,Nike Men Trainng Black Shorts
25930,Women,Apparel,Bottomwear,Skirts,Black,Summer,2012.0,Casual,Femella Women Black Skirt
50715,Boys,Apparel,Topwear,Tshirts,White,Summer,2012.0,Casual,Doodle Boys White Printed T-Shirt
32577,Women,Apparel,Dress,Dresses,Grey,Summer,2012.0,Casual,ONLY Women Toronto Grey Printed Dress
48481,Women,Apparel,Dress,Dresses,Black,Summer,2012.0,Casual,French Connection Black Dress
11277,Men,Apparel,Bottomwear,Track Pants,Blue,Fall,2011.0,Sports,Nike Men Crickt Blue Track Pants
39623,Men,Footwear,Shoes,Sports Shoes,White,Summer,2012.0,Sports,Nike Men Sports Shoes
26968,Women,Apparel,Topwear,Tops,Purple,Summer,2012.0,Casual,Jealous 21 Women Check Purple Top
26173,Women,Footwear,Shoes,Flats,Black,Winter,2012.0,Casual,Rocia Women Black Casual Sandals
13259,Women,Apparel,Bottomwear,Jeans,Black,Fall,2011.0,Casual,Palm Tree Kids Girl Washed Black Jeans
39665,Men,Footwear,Shoes,Casual Shoes,White,Summer,2012.0,Casual,Lotto Men White Shoes
14497,Men,Footwear,Shoes,Casual Shoes,Green,Fall,2011.0,Casual,Flying Machine Men Casual Green Casual Shoes
14062,Men,Apparel,Topwear,Tshirts,Grey,Fall,2011.0,Casual,Flying Machine Men Stripes Grey Polo Tshirts
19044,Women,Footwear,Shoes,Heels,Bronze,Winter,2015.0,Casual,Catwalk Women Bronze Flats
17416,Men,Footwear,Shoes,Sports Shoes,Black,Fall,2011.0,Sports,Lotto Men Atlantica Black Sports Shoe
18546,Women,Footwear,Shoes,Heels,Tan,Winter,2015.0,Casual,Catwalk Women Tan Heels
13445,Women,Apparel,Topwear,Tops,White,Summer,2011.0,Casual,United Colors of Benetton Women Printed White Tops
17765,Men,Footwear,Shoes,Formal Shoes,Brown,Winter,2011.0,Formal,Buckaroo Men Nieves Brown Formal Shoe
18175,Girls,Apparel,Dress,Dresses,Lavender,Fall,2011.0,Casual,Doodle Kids Girls Party Frock Lavender Dress
12287,Men,Apparel,Bottomwear,Trousers,Black,Fall,2011.0,Formal,Genesis Men Solid Black Trousers
45817,Women,Footwear,Shoes,Heels,Brown,Summer,2012.0,Casual,Senorita Women Brown Flats
14091,Women,Apparel,Topwear,Sweaters,Peach,Fall,2011.0,Casual,Flying Machine Women Solid Peach Sweaters
26320,Men,Apparel,Bottomwear,Track Pants,Navy Blue,Summer,2012.0,Sports,Proline Men  Navy Blue Track Pants
42199,Women,Apparel,Topwear,Tops,Blue,Summer,2012.0,Casual,Sepia Women Blue Checked Top
16518,Men,Apparel,Bottomwear,Jeans,Blue,Fall,2011.0,Casual,Locomotive Men Washed Blue Jeans
2372,Men,Footwear,Shoes,Formal Shoes,Black,Winter,2018.0,Formal,Red Tape Formal Black Men's Shoe
26966,Women,Apparel,Topwear,Shirts,Purple,Summer,2012.0,Casual,Jealous 21 Women Check Purple Shirt
15033,Women,Apparel,Topwear,Sweaters,Grey,Fall,2011.0,Casual,ADIDAS Women Stripes Solid Grey Sweaters
8382,Girls,Apparel,Topwear,Tshirts,Blue,Fall,2011.0,Casual,Doodle Girl's Raw Edges Light Blue Kidswear
57284,Men,Apparel,Topwear,Shirts,Purple,Summer,2012.0,Casual,French Connection Men Purple & Brown Shirt
34503,Women,Apparel,Bottomwear,Trousers,Grey,Summer,2012.0,Formal,Van Heusen Woman Grey Straight Fit Trousers
13714,Men,Apparel,Topwear,Sweaters,Black,Fall,2011.0,Casual,Proline Black Sleeveless Sweater
50173,Women,Footwear,Shoes,Flats,Multi,Winter,2012.0,Casual,Rocia Women Multi Coloured Ballerina
13213,Women,Footwear,Shoes,Sports Shoes,White,Spring,2012.0,Sports,ASICS Women Gel Cumulus Running White Sports Shoes
11886,Men,Footwear,Shoes,Formal Shoes,Black,Summer,2011.0,Formal,Franco Leone Men Formal Black Formal Shoes
31586,Men,Apparel,Topwear,Tshirts,Yellow,Summer,2012.0,Casual,Mark Taylor Men Printed Yellow T-shirt
58494,Women,Apparel,Dress,Dresses,Purple,Fall,2012.0,Casual,Tonga Women Purple Dress
39210,Men,Footwear,Shoes,Formal Shoes,Black,Summer,2013.0,Formal,Franco Leone Men Black Formal Shoes
31558,Men,Apparel,Bottomwear,Trousers,Navy Blue,Summer,2012.0,Formal,Mark Taylor Men Striped Navy Blue Trousers
8483,Women,Apparel,Dress,Dresses,Blue,Fall,2011.0,Casual,Forever New Women Creme de Menthe Blue Dresses
12879,Men,Footwear,Shoes,Formal Shoes,Black,Spring,2012.0,Formal,Provogue Men Formal Black Formal Shoes
29609,Men,Apparel,Topwear,Shirts,Red,Summer,2012.0,Formal,Indigo Nation Men Striped Red Shirt
39723,Women,Apparel,Dress,Dresses,Green,Summer,2012.0,Casual,Arrow Woman Aqua Green Dress
12285,Men,Apparel,Bottomwear,Trousers,Black,Fall,2011.0,Formal,Genesis Men Solid Black Trousers
46591,Women,Footwear,Shoes,Heels,Black,Summer,2012.0,Casual,Catwalk Women Black Heels
2133,Men,Apparel,Topwear,Shirts,Black,Spring,2011.0,Casual,Basics Men Black Slim Fit Shirt
11368,Women,Apparel,Topwear,Jackets,Black,Fall,2011.0,Casual,United Colors Of Benetton Women Light Winter Black Jackets
43950,Women,Footwear,Shoes,Flats,Beige,Winter,2015.0,Casual,Catwalk Women Beige Shoes
9464,Men,Apparel,Topwear,Shirts,White,Fall,2011.0,Formal,John Miller Men  White Shirt
41832,Men,Footwear,Shoes,Casual Shoes,Black,Fall,2012.0,Casual,Skechers Men Black Sneakers
4123,Unisex,Footwear,Shoes,Casual Shoes,White,Summer,2011.0,Casual,Puma Unisex Lo Punk White Green Red Shoe
36223,Men,Footwear,Shoes,Sports Shoes,White,Summer,2012.0,Sports,Nike Men Air Quick Handle White & Black Sports Shoes
8455,Women,Apparel,Topwear,Tops,Pink,Fall,2011.0,Casual,Jealous 21 Women Jealous Ran Pink Top Pink Tops
9508,Men,Apparel,Bottomwear,Shorts,Black,Fall,2011.0,Casual,Puma Men Bermudas Black Shorts
42114,Men,Apparel,Bottomwear,Shorts,Navy Blue,Summer,2012.0,Casual,ADIDAS Men Navy Blue Shorts
45970,Women,Apparel,Topwear,Tops,Grey Melange,Summer,2012.0,Casual,Tokyo Talkies Women Grey Melange Printed Top
9517,Men,Apparel,Topwear,Shirts,White,Fall,2011.0,Formal,John Miller Men white brown stripe White Shirts
18631,Men,Apparel,Topwear,Tshirts,Navy Blue,Fall,2011.0,Casual,Puma Men GP Speed Navy Blue Tshirts
10265,Men,Footwear,Shoes,Formal Shoes,Brown,Fall,2012.0,Formal,Clarks Men Goto Eat Tobacco Leather Brown Formal Shoes
30258,Men,Footwear,Shoes,Casual Shoes,Brown,Winter,2018.0,Casual,Red Tape Men Brown Shoes
17997,Men,Apparel,Bottomwear,Track Pants,Black,Summer,2010.0,Sports,Puma Men Wind Black Track Pant
29583,Women,Footwear,Shoes,Flats,Silver,Summer,2012.0,Casual,Puma Women Grace Silver Sandals
11039,Women,Apparel,Topwear,Shirts,Red,Fall,2011.0,Casual,Jealous 21 Women Check Red Shirt
39728,Women,Apparel,Topwear,Shirts,Pink,Summer,2012.0,Formal,Arrow Woman Women Pink Shirt
26169,Men,Apparel,Bottomwear,Trousers,Black,Summer,2012.0,Formal,John Miller Men Black Trousers
13018,Women,Footwear,Shoes,Heels,Black,Winter,2012.0,Casual,Inc 5 Women Casual Black Flats
45596,Men,Footwear,Shoes,Formal Shoes,Black,Summer,2012.0,Formal,Arrow Men Black Formal Shoes
23249,Men,Footwear,Shoes,Formal Shoes,Black,Fall,2011.0,Formal,Arrow Men Formal Black Shoes
27908,Women,Apparel,Bottomwear,Trousers,Black,Summer,2012.0,Casual,Scullers For Her Black Trousers
14022,Men,Apparel,Bottomwear,Shorts,Navy Blue,Fall,2011.0,Sports,Nike Men Solid Navy Blue Shorts
28496,Men,Apparel,Bottomwear,Track Pants,Grey,Summer,2012.0,Casual,Urban Yoga Men Solid Grey Track Pants
13877,Men,Apparel,Topwear,Shirts,Maroon,Fall,2011.0,Casual,Scullers Men Solid Maroon Shirts
16064,Men,Apparel,Bottomwear,Trousers,Black,Fall,2011.0,Casual,Highlander Men Black Trousers
16719,Men,Apparel,Topwear,Jackets,Black,Fall,2011.0,Casual,Fila Men Solid Black Jacket
4624,Women,Apparel,Topwear,Tops,White,Summer,2011.0,Casual,Jealous 21 Women Knit White Top
22705,Men,Footwear,Shoes,Casual Shoes,White,Fall,2011.0,Casual,Nike Men White Capri II Casual Shoe
29174,Men,Apparel,Bottomwear,Trousers,Brown,Summer,2012.0,Casual,United Colors of Benetton Men Brown Trousers
33498,Men,Apparel,Bottomwear,Shorts,Blue,Summer,2012.0,Casual,Doodle Kids Boy Printed Blue Shorts
6478,Men,Apparel,Topwear,Jackets,Grey,Summer,2011.0,Casual,ADIDAS Men Top Grey Jacket
45424,Women,Footwear,Shoes,Flats,White,Winter,2012.0,Casual,Rocia Women White Sandals
43632,Women,Apparel,Dress,Dresses,Black,Summer,2012.0,Casual,Vero Moda Women Black Dress
51395,Men,Apparel,Bottomwear,Shorts,Yellow,Summer,2012.0,Casual,Myntra Men Yellow Check Shorts
1654,Men,Footwear,Shoes,Sports Shoes,White,Fall,2010.0,Sports,Reebok Men's Frisker LP Shoe
47549,Women,Footwear,Shoes,Heels,Gold,Winter,2012.0,Casual,Portia Women Gold Heels
42115,Men,Apparel,Bottomwear,Shorts,Black,Fall,2013.0,Casual,ADIDAS Men Black Shorts
2691,Boys,Apparel,Bottomwear,Shorts,Blue,Summer,2011.0,Casual,Disney Kids Boy's Mickey Blue Denim Kidswear
22395,Men,Apparel,Topwear,Shirts,Blue,Fall,2011.0,Casual,Mark Taylor Men Striped Blue Shirt
12506,Men,Footwear,Shoes,Casual Shoes,Brown,Winter,2018.0,Casual,Red Tape Men Brown Shoes
26553,Men,Footwear,Shoes,Casual Shoes,Blue,Fall,2012.0,Casual,ID Men Blue Shoes
58381,Men,Apparel,Topwear,Tshirts,Grey,Summer,2012.0,Casual,Locomotive Men Grey T-shirt
32427,Men,Apparel,Bottomwear,Shorts,Black,Summer,2010.0,Casual,ADIDAS Men Black 3/4 Length Pants
43915,Women,Apparel,Bottomwear,Shorts,Cream,Summer,2012.0,Casual,Femella Women Cream Shorts
39788,Men,Apparel,Topwear,Shirts,Purple,Summer,2012.0,Formal,Peter England Men Maroon Purple Shirt
15064,Men,Footwear,Shoes,Formal Shoes,Brown,Summer,2012.0,Formal,Franco Leone Men Brown Formal Shoes
28504,Men,Apparel,Bottomwear,Shorts,Black,Summer,2012.0,Sports,Nike Men Woven Reflective Black Shorts
41000,Girls,Apparel,Bottomwear,Shorts,Blue,Summer,2012.0,Casual,Gini and Jony Girls Woven Blue Shorts
20217,Men,Apparel,Topwear,Sweaters,Navy Blue,Fall,2011.0,Casual,Wrangler Men Contrast Rib Navy Blue Sweater
29249,Men,Footwear,Shoes,Sports Shoes,Black,Summer,2012.0,Sports,ADIDAS Men Snova Glide 4M Black Sports Shoes
16178,Men,Footwear,Shoes,Formal Shoes,Black,Fall,2011.0,Formal,Enroute Men Leather Black Formal Shoes
6229,Men,Apparel,Topwear,Tshirts,Black,Summer,2011.0,Casual,Lee Men's Shot Black T-shirt
16475,Men,Apparel,Topwear,Shirts,Green,Fall,2011.0,Casual,Locomotive Men Check Navy Blue Shirt
14696,Men,Apparel,Bottomwear,Trousers,Olive,Fall,2011.0,Casual,Basics Men Olive Trousers
2391,Men,Footwear,Shoes,Formal Shoes,Black,Winter,2018.0,Formal,Red Tape Men Formal Black Shoe
37135,Men,Apparel,Bottomwear,Trousers,Cream,Summer,2012.0,Casual,Wills Lifestyle Men Cream Trousers
6619,Men,Footwear,Shoes,Sports Shoes,White,Summer,2011.0,Sports,ADIDAS Men's Boris White Shoe
7040,Men,Footwear,Shoes,Casual Shoes,Navy Blue,Summer,2011.0,Casual,Numero Uno Men's Navy Blue Shoe
3508,Men,Apparel,Bottomwear,Track Pants,White,Fall,2010.0,Sports,ADIDAS Men's White Black Tracksuit
6877,Women,Apparel,Topwear,Jackets,Pink,Summer,2011.0,Casual,Forever New Women Soft Magnolia Pink Jacket
44664,Women,Apparel,Bottomwear,Trousers,Charcoal,Summer,2012.0,Formal,Wills Lifestyle Women Charcoal Trousers
51482,Men,Apparel,Bottomwear,Jeans,Blue,Summer,2012.0,Casual,Denizen Men Blue Jeans
48458,Men,Apparel,Bottomwear,Shorts,Blue,Fall,2012.0,Casual,French Connection Men Blue & White Check Shorts
14346,Men,Footwear,Shoes,Sports Shoes,Black,Fall,2011.0,Sports,Nike Men Dunk High Black Sports Shoes
47207,Men,Footwear,Shoes,Formal Shoes,Brown,Summer,2012.0,Casual,Franco Leone Men Brown Shoes
47607,Women,Footwear,Shoes,Flats,Purple,Winter,2014.0,Casual,Portia Women Purple & Black Sandals
2048,Men,Apparel,Topwear,Tshirts,Black,Fall,2010.0,Sports,ADIDAS Men's Crew Black T-shirt
34493,Women,Apparel,Bottomwear,Skirts,Grey,Summer,2012.0,Formal,Van Heusen Woman Grey Skirt
39809,Men,Apparel,Bottomwear,Trousers,Brown,Summer,2012.0,Formal,Peter England Men Brown Trousers
2631,Women,Footwear,Shoes,Flats,White,Winter,2012.0,Casual,Carlton London Women White Ballerinas
42994,Women,Footwear,Shoes,Sports Shoes,Purple,Summer,2012.0,Sports,Nike Women Purple Air Max Sports Shoes
36461,Men,Footwear,Shoes,Sports Shoes,Black,Spring,2013.0,Sports,Spinn Men Black Track Runner Sports Shoes
38775,Men,Footwear,Shoes,Casual Shoes,Black,Winter,2016.0,Casual,Woodland Men Black Shoes
6440,Men,Footwear,Shoes,Casual Shoes,Black,Summer,2011.0,Casual,Lotto Men's Calcetto Black Brown Shoe
43480,Men,Footwear,Shoes,Casual Shoes,Khaki,Summer,2012.0,Casual,Woodland Men Khaki Shoes
18169,Girls,Apparel,Dress,Dresses,Pink,Fall,2011.0,Casual,Doodle Kids Girls Party Frock Pink Dress
9084,Women,Apparel,Bottomwear,Track Pants,Grey,Fall,2011.0,Sports,ADIDAS Women Ess Cuffed Pant Grey Trackpant
23905,Men,Footwear,Shoes,Casual Shoes,White,Summer,2012.0,Casual,Fila Men Carbon White Casual Shoes
13539,Women,Footwear,Shoes,Heels,Gold,Spring,2013.0,Casual,Carlton London Women Casual Gold Flats
19601,Women,Apparel,Topwear,Tops,Peach,Fall,2011.0,Casual,United Colors of Benetton Women Printed Peach Top
41962,Boys,Apparel,Bottomwear,Jeans,Navy Blue,Summer,2012.0,Casual,Gini and Jony Raw Wash Navy Blue Jeans
19699,Men,Apparel,Topwear,Shirts,White,Fall,2011.0,Casual,United Colors of Benetton Men White Shirt
34007,Girls,Apparel,Topwear,Tops,Pink,Summer,2012.0,Casual,Gini and Jony Girls Pink Top
31126,Girls,Apparel,Dress,Dresses,White,Summer,2012.0,Casual,Gini and Jony Girls White Dress
27910,Women,Apparel,Bottomwear,Trousers,Black,Summer,2012.0,Casual,Scullers For Her Women Black Trousers
20637,Women,Apparel,Dress,Dresses,Grey,Fall,2011.0,Casual,AND Women Solid Grey and Black Dress
9258,Men,Apparel,Topwear,Shirts,Green,Fall,2011.0,Formal,Mark Taylor Men Green Striped Shirt
36444,Men,Footwear,Shoes,Casual Shoes,White,Spring,2013.0,Casual,Spinn Men Gen X White Shoes
17904,Men,Apparel,Topwear,Jackets,Navy Blue,Fall,2011.0,Sports,Nike Men Football Soccer Navy Blue Jacket
3675,Men,Footwear,Shoes,Casual Shoes,White,Summer,2011.0,Casual,Fila Men's Chaser HI White Shoe
47640,Women,Footwear,Shoes,Casual Shoes,Brown,Winter,2012.0,Casual,Carlton London Women Brown Shoes
10269,Women,Footwear,Shoes,Flats,Red,Winter,2013.0,Casual,Clarks Women Silvi Spice Raspberry Leather Red Flats
41977,Boys,Apparel,Bottomwear,Shorts,White,Summer,2012.0,Casual,Gini and Jony Boys Beach White Shorts
22878,Men,Footwear,Shoes,Casual Shoes,Khaki,Summer,2012.0,Casual,Woodland Men Khaki Casual Shoes
58005,Women,Apparel,Topwear,Tops,Black,Fall,2012.0,Casual,Latin Quarters Women Black & White Top
33698,Men,Footwear,Shoes,Formal Shoes,Black,Winter,2012.0,Formal,Cobblerz Men Black Formal Shoes
40453,Men,Footwear,Shoes,Casual Shoes,Black,Winter,2018.0,Casual,Red Tape Men Black Shoes
4319,Unisex,Apparel,Topwear,Tshirts,Blue,Summer,2011.0,Casual,Tantra Kid's Unisex Free Spirit Turquoise Kidswear
33704,Men,Footwear,Shoes,Formal Shoes,Black,Winter,2012.0,Casual,Cobblerz Men Black Semiformal Shoes
11520,Women,Apparel,Bottomwear,Jeans,Black,Fall,2011.0,Casual,United Colors of Benetton Women Denim Black Jeans
10307,Women,Footwear,Shoes,Flats,Silver,Fall,2011.0,Casual,Clarks Women Arizona Metallic Leather Silver Ballerinas
10858,Men,Apparel,Topwear,Tshirts,White,Fall,2011.0,Casual,Wrangler Men Furious Rides White T-Shirts
56407,Women,Footwear,Shoes,Flats,Brown,Winter,2012.0,Casual,Rocia Women Brown & Black Sandals
9141,Women,Apparel,Bottomwear,Jeans,Blue,Summer,2013.0,Casual,Lee Women Blue Cherrie Slim Fit Jeans
30412,Men,Apparel,Bottomwear,Jeans,Blue,Summer,2012.0,Casual,Deni Yo Men Slim Fit Washed Blue Jeans
26904,Women,Apparel,Topwear,Tops,Lavender,Summer,2012.0,Casual,Jealous 21 Women Lavender Top
49381,Men,Footwear,Shoes,Casual Shoes,Navy Blue,Summer,2012.0,Casual,Vans Men Navy Blue Versa Casual Shoes
5647,Women,Footwear,Shoes,Flats,Black,Summer,2011.0,Casual,ADIDAS Women's Ballerino Black Ballerinas
37248,Men,Footwear,Shoes,Casual Shoes,Brown,Summer,2012.0,Casual,United Colors of Benetton Men Brown Shoes
39585,Women,Footwear,Shoes,Heels,Black,Winter,2015.0,Casual,Catwalk Women Black Flats
15267,Women,Footwear,Shoes,Casual Shoes,Yellow,Fall,2011.0,Casual,ADIDAS Originals Women SL 72 Yellow Casual Shoes
59044,Women,Footwear,Shoes,Heels,Black,Winter,2012.0,Casual,Carlton London Women Black Heels
4972,Men,Apparel,Topwear,Shirts,Green,Summer,2011.0,Casual,Gini and Jony Boy's Kangaroo Green White Kidswear
7783,Men,Apparel,Bottomwear,Track Pants,Black,Fall,2011.0,Casual,Urban Yoga Men Dhauti Black Track Pant
7858,Men,Footwear,Shoes,Formal Shoes,Black,Summer,2011.0,Formal,Provogue Men's Formal Black Shoe
46749,Men,Apparel,Bottomwear,Track Pants,Blue,Summer,2012.0,Sports,Nike Men Blue Track Pants
6898,Women,Apparel,Bottomwear,Skirts,Cream,Summer,2011.0,Casual,Forever New Women's Formal Cream Skirt
5412,Boys,Apparel,Bottomwear,Shorts,Black,Summer,2011.0,Casual,Ant Kids Boy's Black Dungree Kidswear
34115,Girls,Apparel,Dress,Dresses,Blue,Summer,2012.0,Casual,Doodle Girls Printed Blue Dress
47187,Men,Footwear,Shoes,Formal Shoes,Black,Summer,2012.0,Formal,Ganuchi Men Black Shoes
32560,Women,Apparel,Bottomwear,Jeans,Blue,Summer,2012.0,Casual,ONLY Women Blue Jeans
38342,Girls,Apparel,Topwear,Tops,White,Summer,2012.0,Casual,Mr. Men Little Miss Girls White Top
34071,Women,Footwear,Shoes,Flats,Black,Fall,2012.0,Casual,Clarks Women Saturn Whizz Leather Black Sandals
20735,Women,Footwear,Shoes,Flats,Red,Summer,2012.0,Casual,Enroute Women Mocassin Red Shoes
9692,Men,Apparel,Topwear,Tshirts,Navy Blue,Fall,2011.0,Casual,Classic Polo Men Ikon Navy Blue Polo Tshirts
19031,Women,Footwear,Shoes,Flats,Beige,Winter,2015.0,Casual,Catwalk Women Beige Shoes
18872,Men,Footwear,Shoes,Formal Shoes,Black,Fall,2012.0,Formal,Franco Leone Men Formal Black Shoes
43422,Men,Apparel,Bottomwear,Jeans,Blue,Winter,2013.0,Casual,SPYKAR Men Blue Slim Fit Jeans
53131,Women,Footwear,Shoes,Heels,Gold,Winter,2015.0,Casual,Catwalk Women Gold Toned & Brown Flats
18600,Women,Footwear,Shoes,Flats,Grey,Fall,2011.0,Casual,Puma Women Roque Grey Sandals
3689,Men,Footwear,Shoes,Sports Shoes,White,Summer,2011.0,Sports,Lotto Men's Melbourne White Gravity Shoe
16395,Men,Apparel,Topwear,Shirts,Black,Fall,2011.0,Casual,Levis Men Check Black Shirts
19018,Women,Footwear,Shoes,Heels,Black,Winter,2015.0,Casual,Catwalk Women Black Flats
16794,Men,Apparel,Topwear,Shirts,Navy Blue,Fall,2011.0,Casual,Highlander Men Stripes Navy Blue Shirt
33264,Boys,Apparel,Bottomwear,Shorts,Beige,Summer,2012.0,Casual,Gini and Jony Boys Beige Shorts
20226,Women,Apparel,Topwear,Sweaters,Blue,Fall,2011.0,Casual,Wrangler Women Shawl Collar Blue Sweater
9854,Men,Apparel,Bottomwear,Trousers,Black,Fall,2011.0,Formal,Indian Terrain Men Laffer Black Trousers
42366,Women,Apparel,Topwear,Shirts,Pink,Summer,2012.0,Casual,Flying Machine Women Multicoloured Printed Shirt
47588,Women,Footwear,Shoes,Flats,Brown,Winter,2012.0,Ethnic,Portia Women Silver Flats
14688,Men,Apparel,Bottomwear,Trousers,Beige,Fall,2011.0,Casual,Basics Men Beige Trousers
32554,Men,Footwear,Shoes,Casual Shoes,Black,Summer,2013.0,Casual,Playboy Men Black Shoes
13516,Women,Apparel,Bottomwear,Skirts,Blue,Fall,2011.0,Casual,Palm Tree Kids Girl Washed Blue Skirts
32582,Women,Apparel,Dress,Dresses,Yellow,Summer,2012.0,Casual,ONLY Women Yellow Dotted Print Dress
12870,Men,Footwear,Shoes,Casual Shoes,Black,Spring,2012.0,Casual,Lee Cooper MenCasual Black Shoes
34401,Men,Apparel,Topwear,Tshirts,Black,Summer,2012.0,Casual,Myntra Men Black Printed T-shirt
16199,Men,Apparel,Topwear,Tshirts,Blue,Fall,2011.0,Casual,Puma Men Blue Polo T-Shirt
42993,Men,Footwear,Shoes,Sports Shoes,Black,Summer,2012.0,Sports,Nike Men Black T-Lite Sports Shoes
47540,Women,Footwear,Shoes,Flats,Gold,Winter,2012.0,Casual,Portia Women Gold Flats
13300,Men,Apparel,Bottomwear,Shorts,Beige,Fall,2011.0,Casual,Gini and Jony Men Solid Beige Shorts
17008,Women,Footwear,Shoes,Flats,Black,Winter,2012.0,Casual,Rocia Women Black Flats
2982,Women,Apparel,Topwear,Tops,White,Fall,2011.0,Casual,Puma Women White Top
59165,Women,Footwear,Shoes,Flats,Pink,Summer,2012.0,Casual,Senorita Women Pink Sandals
43080,Women,Apparel,Topwear,Tops,Green,Summer,2012.0,Sports,Nike Womens Moss Green Top
41696,Men,Apparel,Bottomwear,Shorts,Black,Summer,2012.0,Casual,Superman Men Black Printed Shorts
19032,Women,Footwear,Shoes,Flats,Beige,Winter,2015.0,Casual,Catwalk Women Beige Spectator Shoes
48098,Women,Apparel,Bottomwear,Jeans,Blue,Summer,2012.0,Casual,French Connection Women Blue Jeans
39655,Men,Footwear,Shoes,Sports Shoes,White,Summer,2012.0,Sports,Lotto Men White Sports Shoes
2040,Men,Apparel,Topwear,Tshirts,White,Fall,2010.0,Casual,ADIDAS Mens Fire White Polo T-shirt
42088,Men,Footwear,Shoes,Sports Shoes,Brown,Summer,2012.0,Sports,ADIDAS Men Brown Zapotec Shoes
52522,Women,Apparel,Bottomwear,Jeans,Blue,Summer,2012.0,Casual,Pepe Jeans Women Blue Jeans
1546,Men,Footwear,Shoes,Casual Shoes,White,Fall,2010.0,Casual,Puma Men's Furore White Shoe
41778,Women,Apparel,Topwear,Tops,Blue,Summer,2012.0,Casual,Remanika Women Blue Top
51397,Men,Apparel,Bottomwear,Shorts,White,Summer,2012.0,Casual,Myntra Men Blue Check Shorts
13099,Men,Apparel,Topwear,Sweaters,Blue,Fall,2011.0,Casual,ADIDAS Men Stadium Fz Po Blue Sweaters
58002,Women,Apparel,Dress,Dresses,Green,Fall,2012.0,Casual,Latin Quarters Women Green Printed Dress
28513,Men,Apparel,Bottomwear,Shorts,Grey,Summer,2012.0,Sports,Nike Men Premier Knit Grey Shorts
57054,Women,Apparel,Dress,Dresses,Yellow,Summer,2012.0,Casual,Elle Yellow Vintage Shift Dress
24084,Women,Footwear,Shoes,Heels,Bronze,Winter,2015.0,Casual,Catwalk Women Bronze Flats
3452,Men,Footwear,Shoes,Sports Shoes,Black,Summer,2012.0,Sports,ADIDAS Men Odeon Black Shoe
29849,Men,Apparel,Bottomwear,Trousers,Brown,Summer,2012.0,Casual,Basics Men Brown Trousers
47203,Men,Footwear,Shoes,Formal Shoes,Brown,Summer,2012.0,Formal,Franco Leone Men Brown Formal Shoes
26807,Men,Apparel,Bottomwear,Trousers,Grey,Summer,2013.0,Formal,Arrow Men Grey Striped Trousers
22488,Men,Footwear,Shoes,Sports Shoes,White,Summer,2011.0,Sports,ADIDAS Men Galaxy Elite White Sports Shoes
16169,Men,Footwear,Shoes,Formal Shoes,Black,Fall,2011.0,Formal,Enroute Men Leather Black Formal Shoes
25572,Men,Footwear,Shoes,Sports Shoes,Silver,Summer,2012.0,Sports,Fila Men Superior Silver Sports Shoes
16610,Men,Apparel,Bottomwear,Trousers,Black,Fall,2011.0,Formal,Genesis Men Solid Black Trouser
14693,Men,Apparel,Bottomwear,Trousers,Black,Fall,2011.0,Casual,Basics Men Black Trousers
2900,Women,Footwear,Shoes,Heels,Silver,Winter,2015.0,Casual,Catwalk Women Wedding Collection Silver Heels
27183,Men,Apparel,Bottomwear,Trousers,Charcoal,Summer,2012.0,Formal,Mark Taylor Men Striped Charcoal Trousers
7798,Men,Apparel,Topwear,Tshirts,White,Fall,2011.0,Casual,Proline Men White Polo T-shirt
26843,Men,Apparel,Bottomwear,Trousers,Grey,Summer,2012.0,Casual,Highlander Men Light Grey Trousers
57060,Women,Apparel,Dress,Dresses,Teal,Summer,2012.0,Casual,Elle Women Teal Dress
31091,Boys,Apparel,Topwear,Shirts,White,Summer,2012.0,Casual,Gini and Jony Boys White Shirt
24076,Women,Footwear,Shoes,Flats,Orange,Winter,2015.0,Casual,Catwalk Women Orange Casual Shoes
28816,Men,Apparel,Bottomwear,Jeans,Blue,Summer,2012.0,Casual,Denizen Men Blue Jeans
1658,Men,Apparel,Topwear,Jackets,Blue,Fall,2012.0,Sports,Nike Men Windrunner Blue Jacket
40428,Women,Apparel,Bottomwear,Skirts,Grey,Summer,2012.0,Formal,Tonga Women Grey Formal Skirt
17996,Men,Apparel,Bottomwear,Track Pants,Navy Blue,Summer,2010.0,Sports,Puma Men Wind Navy Blue Track Pant
15682,Men,Apparel,Bottomwear,Trousers,Beige,Fall,2011.0,Casual,Highlander Men Classic Chinosdk.Cream Trousers
35990,Women,Apparel,Dress,Dresses,Pink,Summer,2012.0,Casual,Flying Machine Women Cotton Pink Dress
5586,Girls,Apparel,Bottomwear,Skirts,Brown,Summer,2011.0,Casual,Ant Kids Girl's Tiger Print Kidswear
17766,Men,Footwear,Shoes,Casual Shoes,Olive,Winter,2012.0,Casual,Buckaroo Jefe Men Olive Casual Shoes
3651,Men,Footwear,Shoes,Sports Shoes,Black,Summer,2012.0,Sports,Fila Men's Drake Black Silver Shoe
27024,Women,Apparel,Bottomwear,Jeans,Blue,Summer,2012.0,Casual,Jealous 21 Women Washed Blue Jeans
21091,Men,Footwear,Shoes,Casual Shoes,Brown,Summer,2011.0,Casual,Clarks Men Manly Alpine Brown Casual Shoe
41712,Women,Footwear,Shoes,Heels,Teal,Winter,2012.0,Casual,Catwalk Women Teal Wedges
14996,Men,Apparel,Topwear,Sweaters,Blue,Fall,2011.0,Casual,ADIDAS Men Stripes Blue Sweaters
13429,Men,Apparel,Topwear,Tshirts,Maroon,Summer,2011.0,Casual,United Colors of Benetton Men Printed Maroon Tshirts
43357,Men,Footwear,Shoes,Sports Shoes,Black,Summer,2012.0,Sports,Reebok Men Black Ultimate Vibe Sports Shoes
13244,Men,Apparel,Bottomwear,Shorts,Black,Fall,2011.0,Casual,Palm Tree Kids Boys Solid Black Shorts
5942,Women,Footwear,Shoes,Casual Shoes,Black,Summer,2011.0,Casual,ADIDAS Women Redy Black Shoe
56960,Women,Footwear,Shoes,Heels,Yellow,Winter,2012.0,Casual,HM Women Yellow Flats
39717,Women,Apparel,Topwear,Tops,Red,Summer,2012.0,Casual,Arrow Woman Red Top
11882,Men,Footwear,Shoes,Formal Shoes,Black,Fall,2011.0,Formal,Franco Leone Men Formal Black Formal Shoes
26154,Men,Apparel,Bottomwear,Trousers,Black,Summer,2012.0,Formal,John Miller Men Black Trousers
55619,Men,Footwear,Shoes,Formal Shoes,Black,Summer,2012.0,Formal,Numero Uno Men Black Formal Shoes
35811,Women,Footwear,Shoes,Heels,Gold,Summer,2012.0,Casual,Enroute Women Gold Flats
40084,Men,Apparel,Bottomwear,Shorts,Navy Blue,Winter,2014.0,Casual,ADIDAS Men Navy Blue Shorts
56987,Women,Footwear,Shoes,Heels,Red,Winter,2012.0,Casual,HM Women Red Wedges
32567,Women,Apparel,Bottomwear,Jeans,Blue,Summer,2012.0,Casual,ONLY Women Blue Jeans
13758,Men,Apparel,Topwear,Shirts,Green,Fall,2011.0,Formal,Belmonte Men Check Green Shirts
28468,Women,Apparel,Topwear,Tshirts,Lavender,Summer,2012.0,Casual,Urban Yoga Women Printed Lavender T-shirt
8882,Men,Apparel,Bottomwear,Trousers,Navy Blue,Summer,2011.0,Formal,Scullers Men Scul Navy Blue Trousers
1567,Men,Apparel,Bottomwear,Shorts,Black,Fall,2010.0,Sports,Artengo Men Training Shorts
38493,Boys,Apparel,Topwear,Tshirts,Blue,Summer,2012.0,Casual,Gini and Jony Boys Core Blue T-shirt
19528,Men,Apparel,Topwear,Sweaters,Red,Fall,2011.0,Casual,United Colors of Benetton Men Solid Red Sweater
43646,Women,Apparel,Dress,Dresses,Blue,Summer,2012.0,Casual,ONLY Women Blue Dress
33341,Men,Footwear,Shoes,Formal Shoes,Black,Summer,2012.0,Formal,Homme Men Black Formal Shoes
5405,Men,Footwear,Shoes,Sports Shoes,White,Fall,2011.0,Sports,Kalenji Ekiden Comfort Prime 2011
36749,Girls,Apparel,Dress,Dresses,White,Summer,2012.0,Casual,Little Miss Girls Trying White Dress
33094,Women,Footwear,Shoes,Heels,Beige,Winter,2015.0,Casual,Catwalk Women Beige Flats
5987,Men,Apparel,Topwear,Shirts,Black,Summer,2011.0,Casual,Highlander Men Black Striped Slim Fit Shirt
51453,Women,Apparel,Topwear,Tops,Multi,Summer,2012.0,Casual,Tonga Women Multicoloured Top
36212,Girls,Apparel,Topwear,Tops,Black,Summer,2012.0,Casual,Gini Jony Girls Black Top
49375,Men,Footwear,Shoes,Casual Shoes,Black,Summer,2012.0,Casual,Vans Men Black Era Pro Shoes
29176,Boys,Apparel,Bottomwear,Shorts,Khaki,Summer,2012.0,Casual,United Colors of Benetton Boys Khaki Shorts
45806,Women,Footwear,Shoes,Flats,Brown,Summer,2012.0,Casual,Senorita Women Brown Sandals
37249,Men,Footwear,Shoes,Casual Shoes,Brown,Summer,2012.0,Casual,United Colors of Benetton Men Brown Shoes
35423,Women,Footwear,Shoes,Sports Shoes,Blue,Summer,2012.0,Sports,ADIDAS Women Clima Motionwave Blue Sports Shoes
39752,Boys,Apparel,Bottomwear,Trousers,Khaki,Summer,2012.0,Casual,Gini Jony Boys Khaki Trousers
23038,Men,Apparel,Bottomwear,Trousers,Beige,Summer,2011.0,Casual,Arrow Men Beige Solid Trousers
3918,Men,Apparel,Bottomwear,Track Pants,Grey,Summer,2011.0,Casual,Urban Yoga Men Grey  Bottom Yoga Pants
28143,Men,Apparel,Bottomwear,Shorts,Navy Blue,Fall,2016.0,Casual,Jockey 24 x 7 Men Navy Blue Knit Sport Shorts 9426
26831,Men,Apparel,Bottomwear,Trousers,Black,Summer,2012.0,Casual,Highlander Men Black Trousers
44408,Men,Footwear,Shoes,Sports Shoes,Grey,Summer,2012.0,Sports,Force 10 Men Grey Sports Shoes
31979,Men,Footwear,Shoes,Sports Shoes,Grey,Summer,2012.0,Sports,Nike Men Lunarswift +3 Grey Sports Shoes
6216,Men,Apparel,Topwear,Tshirts,Black,Summer,2011.0,Casual,Lee Men's Printed Black T-shirt
5372,Boys,Footwear,Shoes,Sports Shoes,Brown,Summer,2011.0,Sports,Quechua Forclaz 50 Jr 10 Brown
36450,Men,Footwear,Shoes,Sports Shoes,Black,Spring,2013.0,Sports,Spinn Men Swift Black Sports Shoes
44656,Women,Apparel,Topwear,Shirts,Blue,Winter,2012.0,Casual,Lee Women Blue Shirt
53640,Men,Footwear,Shoes,Casual Shoes,Black,Summer,2012.0,Casual,ADIDAS Men Black Shoes
9804,Men,Apparel,Topwear,Shirts,Black,Fall,2011.0,Formal,John Miller Men Black Checks Shirts
10145,Men,Footwear,Shoes,Formal Shoes,Brown,Fall,2011.0,Formal,Rockport Men Drsp Wingtip Brown Formal Shoes
47199,Men,Footwear,Shoes,Formal Shoes,Brown,Summer,2012.0,Formal,Franco Leone Men Dark Brown Formal Shoes
26075,Men,Apparel,Topwear,Shirts,Blue,Summer,2012.0,Formal,John Miller Men Striped Blue Shirt
46796,Men,Footwear,Shoes,Formal Shoes,Black,Summer,2013.0,Formal,Arrow Men Black Formal Shoes
9799,Women,Apparel,Topwear,Tops,Magenta,Fall,2011.0,Casual,Scullers For Her Women Scullers Top Magenta Tops
40143,Girls,Apparel,Topwear,Tops,Blue,Summer,2012.0,Casual,Gini and Jony Girls Pretty Blossom Blue Top
29254,Men,Footwear,Shoes,Sports Shoes,Black,Summer,2012.0,Sports,ADIDAS Men aZ F50 Trainer Black Sports Shoes
4936,Women,Apparel,Dress,Dresses,Black,Summer,2011.0,Casual,Gini and Jony Girl's Veata White Black Pink Infants Kidswear
50721,Girls,Apparel,Dress,Dresses,Pink,Summer,2012.0,Casual,Doodle Girls Pink Printed Dress
53776,Men,Apparel,Bottomwear,Shorts,Green,Summer,2012.0,Casual,Puma Men Green Shorts
26876,Women,Apparel,Topwear,Tops,White,Summer,2012.0,Casual,Jealous 21 Women White Top
22394,Women,Apparel,Bottomwear,Track Pants,Black,Fall,2011.0,Casual,ADIDAS Women Ess MF3S  Black Track Pant
13528,Men,Apparel,Bottomwear,Trousers,Navy Blue,Fall,2011.0,Casual,Probase Navy Blue Printed Trousers
10280,Women,Footwear,Shoes,Flats,Black,Fall,2012.0,Casual,Clarks Women Prize Club Leather Black Wedges
9672,Men,Apparel,Bottomwear,Shorts,Black,Fall,2011.0,Casual,ADIDAS Men Addi Black Shorts
7604,Men,Footwear,Shoes,Sports Shoes,Yellow,Summer,2011.0,Sports,Nike Men's 360 Enganche Yellow Shoe
27081,Women,Footwear,Shoes,Heels,Gold,Winter,2015.0,Casual,Catwalk Women Gold Flats
8762,Women,Apparel,Bottomwear,Track Pants,Black,Fall,2011.0,Sports,Puma Women's Essential Workout Black Track Pant
1917,Men,Footwear,Shoes,Casual Shoes,White,Fall,2010.0,Casual,Puma Men White Sneakers
32512,Men,Footwear,Shoes,Formal Shoes,Black,Summer,2012.0,Formal,Franco Leone Men Black Formal Shoes
4950,Men,Apparel,Bottomwear,Shorts,Blue,Summer,2011.0,Casual,Gini and Jony Boy's Kimon Blue Infant Bermuda Kidswear
20257,Men,Apparel,Topwear,Tshirts,Blue,Fall,2011.0,Casual,Wrangler Men Wing Blue Tshirt
47565,Women,Footwear,Shoes,Flats,Black,Winter,2012.0,Casual,Portia Women Black Flats
44771,Men,Footwear,Shoes,Casual Shoes,Grey,Summer,2012.0,Casual,Globalite Men Navy Blue Skid Shoes
10517,Men,Footwear,Shoes,Sports Shoes,White,Fall,2011.0,Sports,New Balance MC900 Men Others Tennis White Sports Shoes
38639,Men,Apparel,Topwear,Tshirts,Blue,Summer,2012.0,Casual,Nike Men Blue Cricket Blue Polo Tshirt
3593,Unisex,Footwear,Shoes,Casual Shoes,Black,Summer,2014.0,Casual,Converse Unisex Black Casual Shoes
22735,Women,Footwear,Shoes,Sports Shoes,Grey,Fall,2011.0,Sports,Nike Women Grey Lunarswift +3 Sports Shoes
16805,Girls,Apparel,Bottomwear,Skirts,Black,Fall,2011.0,Casual,ANT Kids Girls Printed Black Skirt
51498,Women,Apparel,Bottomwear,Jeans,Blue,Summer,2012.0,Casual,Denizen Women Blue Jeans
11519,Women,Footwear,Shoes,Heels,Brown,Winter,2015.0,Casual,Catwalk Women Bronze Brown Heels
16804,Girls,Apparel,Dress,Dresses,White,Fall,2011.0,Casual,ANT Kids Girls Printed White Dress
24995,Boys,Apparel,Bottomwear,Jeans,Blue,Summer,2012.0,Casual,United Colors of Benetton Boys Boys Blue Washed Jeans
41777,Women,Apparel,Topwear,Tops,Pink,Summer,2012.0,Casual,Remanika Women Pink Top
34062,Girls,Apparel,Dress,Dresses,Pink,Summer,2012.0,Casual,Gini and Jony Girls Printed Pink Dress
18317,Men,Apparel,Topwear,Shirts,Maroon,Summer,2011.0,Casual,Wills Lifestyle Men Check Maroon Shirt
14457,Women,Footwear,Shoes,Flats,Black,Summer,2012.0,Casual,Enroute Women Black Ballerinas
6280,Men,Apparel,Topwear,Tshirts,Pink,Summer,2011.0,Casual,UCB Men's Making Light Pink T-shirt
2399,Men,Footwear,Shoes,Casual Shoes,Black,Winter,2018.0,Casual,Red Tape Black Men's Semi Casual Shoe
43882,Women,Footwear,Shoes,Flats,White,Summer,2010.0,Casual,Puma Women El Rey Slipon Stripes Wns White Flats
41993,Boys,Apparel,Bottomwear,Shorts,Black,Summer,2012.0,Casual,Gini and Jony Boys Customised Black Shorts
10153,Men,Footwear,Shoes,Formal Shoes,Brown,Fall,2011.0,Formal,Rockport Men Drsp SLip On Brown Formal Shoes
14452,Women,Footwear,Shoes,Heels,Black,Summer,2012.0,Casual,Enroute Women Casual Black Flats
44871,Men,Apparel,Bottomwear,Shorts,Navy Blue,Summer,2013.0,Casual,Puma Men Navy Blue Jamaica Jam Shorts
53743,Women,Apparel,Bottomwear,Track Pants,Black,Summer,2012.0,Casual,ADIDAS Women Black Track Pant
2640,Men,Footwear,Shoes,Formal Shoes,Brown,Winter,2012.0,Formal,Carlton London Men Brown Formal Shoes
30802,Men,Apparel,Topwear,Shirts,Blue,Summer,2012.0,Ethnic,Fabindia Men Blue Shirt
26315,Men,Apparel,Bottomwear,Track Pants,Charcoal,Fall,2013.0,Sports,Proline Men Charcoal Grey Track Pants
43914,Women,Apparel,Bottomwear,Shorts,Blue,Summer,2012.0,Casual,Femella Women Blue Shorts
39852,Girls,Apparel,Topwear,Tops,Blue,Summer,2012.0,Casual,Gini and Jony Girls Printed Blue Top
7331,Men,Footwear,Shoes,Formal Shoes,Brown,Winter,2018.0,Formal,Red Tape Men's Formal Light Brown Shoe
46344,Men,Apparel,Bottomwear,Jeans,Blue,Summer,2012.0,Casual,Locomotive  Men Blue Jeans
10031,Men,Apparel,Topwear,Tshirts,Navy Blue,Fall,2011.0,Sports,Nike Men As Arsenal Co Navy Blue T-Shirts
4720,Girls,Apparel,Topwear,Tshirts,Yellow,Summer,2011.0,Casual,Disney Kids Girl's Fun In The Fair Yellow Teen Kidswear
41348,Men,Apparel,Bottomwear,Jeans,Navy Blue,Summer,2016.0,Casual,Wrangler Men Navy Blue Skanders Jeans
6799,Unisex,Footwear,Shoes,Casual Shoes,Yellow,Summer,2011.0,Casual,Converse Unisex Yellow Canvas Shoe
46748,Men,Apparel,Bottomwear,Track Pants,Grey,Summer,2012.0,Sports,Nike Men Grey Track Pants
22699,Men,Footwear,Shoes,Sports Shoes,Black,Summer,2011.0,Sports,Nike Men Ballista Black Sports Shoes
1788,Men,Footwear,Shoes,Sports Shoes,White,Fall,2010.0,Sports,Lotto Men's Court-White-Blue Shoe
46893,Men,Apparel,Bottomwear,Jeans,Blue,Summer,2012.0,Casual,Locomotive Men Blue Jeans
40034,Men,Apparel,Bottomwear,Track Pants,Black,Summer,2012.0,Casual,ADIDAS Men Black Track Pants
13885,Men,Apparel,Topwear,Shirts,Black,Fall,2011.0,Casual,Scullers Men Check Black Shirts
26141,Men,Apparel,Bottomwear,Trousers,Navy Blue,Summer,2012.0,Formal,John Miller Men Striped Navy Blue Trousers
2628,Women,Footwear,Shoes,Flats,Gold,Fall,2010.0,Casual,Carlton London Women Four Strapped Gold Sandal
15912,Men,Apparel,Topwear,Shirts,Blue,Fall,2011.0,Formal,Black Coffee Men Stripes Blue Shirt
17516,Women,Apparel,Topwear,Sweaters,Magenta,Fall,2011.0,Casual,Jealous 21 Women Solid Magenta Sweater
11347,Men,Apparel,Bottomwear,Jeans,Blue,Summer,2017.0,Casual,Lee Men Elvira Rinse Blue Chicago Fit Jeans
44779,Men,Footwear,Shoes,Casual Shoes,White,Summer,2012.0,Casual,Lotto Men White Skateboard Shoes
44464,Women,Footwear,Shoes,Heels,Black,Summer,2013.0,Casual,Senorita Women Black Wedges
50948,Women,Apparel,Bottomwear,Jeans,Black,Winter,2011.0,Casual,Lee Women Black Jeans
21151,Men,Apparel,Topwear,Sweaters,Blue,Fall,2011.0,Casual,S.Oliver Men Blue Sweater
36239,Women,Apparel,Topwear,Tops,Pink,Summer,2012.0,Casual,W Women Dark Pink Top
23682,Men,Footwear,Shoes,Casual Shoes,Black,Summer,2012.0,Casual,Red Tape Men Black Casual Shoes
31129,Girls,Apparel,Dress,Dresses,Magenta,Summer,2012.0,Casual,Giny and Jony Girls Printed White & Pink Dress
20230,Women,Apparel,Topwear,Sweaters,Grey,Fall,2011.0,Casual,Wrangler Women Fluro Grey Sweater
19183,Men,Apparel,Topwear,Shirts,Grey,Fall,2011.0,Casual,United Colors of Benetton Men Check Grey Shirt
20781,Women,Footwear,Shoes,Flats,Black,Summer,2011.0,Casual,Carlton London Women Classy Black Sandals
32635,Women,Apparel,Bottomwear,Track Pants,Black,Summer,2012.0,Sports,Nike Women Legend Slim Poly Black Track Pants
51454,Women,Apparel,Topwear,Tops,Multi,Summer,2012.0,Casual,Tonga Women Multicoloured Top
51601,Women,Apparel,Bottomwear,Jeans,Black,Summer,2012.0,Casual,Wrangler Women Black Molly Jeans
16058,Men,Apparel,Bottomwear,Trousers,Khaki,Fall,2011.0,Casual,Highlander Men Solid Khaki Trouser
43508,Women,Apparel,Dress,Dresses,White,Summer,2012.0,Casual,French Connection Women Navy Blue Striped Dress
33815,Men,Apparel,Bottomwear,Trousers,Black,Summer,2012.0,Formal,Van Heusen Men Classic Pleated Black Trousers
29238,Men,Footwear,Shoes,Sports Shoes,White,Fall,2013.0,Sports,ADIDAS Men 22YDS Trainer White Sports Shoes
16357,Men,Apparel,Topwear,Shirts,Blue,Fall,2011.0,Formal,Peter England Men Stripes Blue Shirt
32252,Women,Apparel,Bottomwear,Skirts,Red,Summer,2012.0,Ethnic,Fabindia Women Red Skirts
22958,Men,Footwear,Shoes,Sports Shoes,White,Summer,2012.0,Sports,Reebok Men White Acciomax Sports Shoes
33554,Men,Apparel,Topwear,Shirts,Navy Blue,Summer,2012.0,Casual,Wrangler Men Exeter Check Navy Blue Shirt
14349,Women,Footwear,Shoes,Heels,Gold,Winter,2015.0,Casual,Catwalk Women Casual Gold Flats
40688,Men,Footwear,Shoes,Formal Shoes,Black,Summer,2012.0,Formal,Numero Uno Men Black Formal Shoes
11522,Men,Apparel,Topwear,Sweaters,Blue,Fall,2011.0,Casual,United Colors of Benetton Men Blue Sweater
33209,Women,Apparel,Dress,Dresses,White,Summer,2012.0,Casual,Sepia Women Printed White Dress
20376,Women,Apparel,Topwear,Jackets,Blue,Fall,2011.0,Casual,Urban Yoga Women Solid Blue Jacket
49635,Women,Apparel,Bottomwear,Skirts,Pink,Summer,2010.0,Casual,Mineral Women Pink Skirt
11030,Women,Apparel,Topwear,Shirts,Blue,Fall,2011.0,Casual,Jealous 21 Women Check Blue Shirt
28791,Men,Apparel,Bottomwear,Jeans,Black,Summer,2012.0,Casual,Denizen Men Black Jeans
7151,Women,Apparel,Topwear,Shirts,Black,Fall,2011.0,Casual,Scullers For Her Women Rivited Check Black Shirts
23871,Men,Apparel,Topwear,Tshirts,Grey,Fall,2011.0,Casual,ADIDAS Men Grey Striped T-shirt
20919,Men,Apparel,Bottomwear,Shorts,Blue,Fall,2011.0,Casual,Deni Yo Men Check Blue Short
10869,Men,Apparel,Topwear,Tshirts,White,Fall,2011.0,Casual,Wrangler Men Fly The Wind White T-Shirts
9660,Men,Apparel,Topwear,Shirts,Pink,Fall,2011.0,Casual,Indigo Nation Men Reversible Bling Pink Shirts
27032,Women,Apparel,Bottomwear,Jeans,Blue,Summer,2012.0,Casual,Jealous 21 Women Blue Hip Fit Jeans
13812,Men,Apparel,Topwear,Sweaters,Navy Blue,Fall,2011.0,Casual,Proline Navy Striped Sweater
4663,Men,Footwear,Shoes,Sports Shoes,Black,Summer,2012.0,Sports,ADIDAS Men Elroy Low Black & Brown Shoes
20816,Men,Footwear,Shoes,Formal Shoes,Black,Winter,2018.0,Formal,Red Tape Men Formal Black Shoes
37918,Women,Apparel,Topwear,Tops,Multi,Summer,2012.0,Casual,Mineral Women Floral Multi Coloured Top
26705,Women,Footwear,Shoes,Flats,Black,Fall,2011.0,Casual,Nike Women Black Tenkay Shoes
50167,Women,Footwear,Shoes,Heels,Brown,Winter,2012.0,Casual,Rocia Women Brown Wedges
12957,Men,Footwear,Shoes,Sports Shoes,Grey,Fall,2011.0,Sports,ADIDAS Men Grey Sports Shoes
29676,Men,Apparel,Bottomwear,Trousers,Grey,Summer,2012.0,Casual,Indigo Nation Men Grey Check Trousers
59039,Women,Footwear,Shoes,Flats,Pink,Winter,2012.0,Casual,Carlton London Women Pink Flats
33969,Women,Apparel,Dress,Dresses,Black,Spring,2012.0,Party,Femella Women Black Dress
33081,Men,Apparel,Topwear,Tshirts,Navy Blue,Summer,2012.0,Casual,U.S. Polo Assn. Denim Co. Men Navy Blue T-Shirt
39221,Women,Apparel,Dress,Dresses,Purple,Summer,2012.0,Casual,Femella Women Purple Dress
21740,Unisex,Footwear,Shoes,Casual Shoes,Brown,Fall,2011.0,Casual,Vans Unisex Authentic Lo Pro Brown Casual Shoes
57515,Men,Footwear,Shoes,Formal Shoes,Black,Summer,2012.0,Formal,Provogue Men Black Shoes
10511,Women,Apparel,Topwear,Tops,Black,Fall,2011.0,Casual,Flying Machine Women RN Black Tshirts
12215,Men,Apparel,Bottomwear,Trousers,Navy Blue,Summer,2013.0,Formal,Basics Men Navy Trousers
28607,Men,Footwear,Shoes,Sports Shoes,White,Summer,2012.0,Sports,Nike Men Dart VII White Sports Shoes
2844,Men,Apparel,Topwear,Tshirts,Navy Blue,Summer,2011.0,Casual,Mr.Men Men's Mr.Busy Navy T-shirt
2642,Men,Footwear,Shoes,Formal Shoes,Black,Fall,2010.0,Formal,Carlton London Men Semi Formal Black Shoe
13340,Women,Apparel,Bottomwear,Skirts,Black,Fall,2011.0,Casual,Gini and Jony Kids Girls Solid Black Skirts
8783,Men,Apparel,Topwear,Shirts,Red,Fall,2011.0,Casual,Indigo Nation Men Bling PC Red Shirt
59985,Women,Apparel,Dress,Dresses,Green,Fall,2012.0,Casual,Avirate Women Green Dress
2219,Men,Footwear,Shoes,Casual Shoes,Black,Fall,2010.0,Casual,ADIDAS Men's Black Shoe
44922,Men,Apparel,Bottomwear,Shorts,Red,Summer,2012.0,Casual,Puma Men Red Cat Logo Shorts
16196,Men,Apparel,Topwear,Jackets,Red,Fall,2011.0,Sports,Puma Men Heroes Red Jackets
19718,Men,Apparel,Topwear,Shirts,Blue,Fall,2011.0,Casual,United Colors of Benetton Men Blue Shirt
11896,Men,Footwear,Shoes,Formal Shoes,Black,Summer,2011.0,Formal,Franco Leone Men Formal Black Formal Shoes
34746,Men,Footwear,Shoes,Casual Shoes,White,Summer,2012.0,Casual,Puma Men Match Classics White Shoes
9452,Men,Apparel,Topwear,Shirts,Red,Fall,2011.0,Formal,John Miller Men Stripes White Red Shirts
17614,Boys,Apparel,Topwear,Tshirts,Black,Fall,2011.0,Casual,Doodle Boys Cycle Black Tshirt
44778,Men,Footwear,Shoes,Casual Shoes,Grey,Summer,2012.0,Casual,Lotto Men Grey Skateboard Shoes
1569,Men,Apparel,Bottomwear,Shorts,Black,Fall,2010.0,Sports,Artengo Men Black Tennis Shorts
50377,Men,Footwear,Shoes,Casual Shoes,Brown,Summer,2012.0,Casual,Woodland Men Brown Shoes
16812,Men,Apparel,Topwear,Shirts,Blue,Fall,2011.0,Casual,Locomotive Men Check Blue Shirt
4284,Men,Footwear,Shoes,Formal Shoes,Black,Summer,2011.0,Formal,Rockport Men Arratoon Black Shoe
28804,Men,Apparel,Bottomwear,Jeans,Blue,Summer,2012.0,Casual,Denizen Men Blue Jeans
42992,Men,Footwear,Shoes,Sports Shoes,White,Spring,2013.0,Sports,Nike Men White Ballista Sports Shoes
43530,Women,Apparel,Topwear,Tops,Orange,Summer,2012.0,Casual,French Connection Women Orange Top
15314,Men,Footwear,Shoes,Sports Shoes,White,Fall,2011.0,Sports,ADIDAS Men Ranger White Sports Shoes
33226,Women,Apparel,Dress,Dresses,Navy Blue,Summer,2012.0,Casual,Sepia Women Navy Blue Dress
33182,Women,Apparel,Topwear,Tops,Blue,Summer,2012.0,Casual,Sepia Women Blue Top
32598,Women,Apparel,Topwear,Tops,Orange,Summer,2012.0,Casual,ONLY Women Orange Top
38845,Women,Apparel,Dress,Dresses,Blue,Summer,2012.0,Casual,Latin Quarters Women Blue Printed Dress
24756,Men,Apparel,Topwear,Sweaters,Green,Fall,2011.0,Casual,Spykar Men Green Sweaters
30617,Women,Apparel,Bottomwear,Track Pants,Grey,Summer,2012.0,Sports,Nike Women Grey Track Pants
2106,Men,Apparel,Bottomwear,Shorts,Navy Blue,Fall,2010.0,Sports,ADIDAS Men's Chelsea Striped Black Shorts
12854,Men,Footwear,Shoes,Formal Shoes,Black,Spring,2012.0,Formal,Lee Cooper Men Formal Black Shoes
7364,Men,Footwear,Shoes,Casual Shoes,Brown,Winter,2018.0,Casual,Red Tape Men's Brown casual Shoe
18754,Women,Apparel,Dress,Dresses,Pink,Fall,2011.0,Casual,Arrow Woman Kaya Pink Dress
6227,Men,Apparel,Topwear,Tshirts,Yellow,Summer,2011.0,Casual,Lee Men's Grey Yellowbrass T-shirt
47530,Women,Footwear,Shoes,Flats,Copper,Winter,2012.0,Casual,Portia Women Copper-Toned & Brown Sandals
33075,Men,Apparel,Topwear,Tshirts,Blue,Summer,2012.0,Casual,U.S.Polo Assn. Men Blue & Orange Striped T-shirt
9162,Men,Apparel,Bottomwear,Jeans,Blue,Fall,2011.0,Casual,Locomotive Men Callum Blue Jeans
1977,Men,Apparel,Bottomwear,Shorts,Grey,Summer,2011.0,Casual,Tribord Mens Grey Cargo Shorts
19525,Men,Apparel,Topwear,Sweaters,Grey,Fall,2011.0,Casual,United Colors of Benetton Men Check Grey Sweater
6477,Men,Apparel,Topwear,Jackets,White,Summer,2011.0,Casual,ADIDAS Men Top White Jacket
16966,Men,Footwear,Shoes,Sports Shoes,Black,Fall,2011.0,Sports,Reebok Men Sprintfit Lite Black Sports Shoe
17278,Men,Apparel,Topwear,Tshirts,Grey,Fall,2011.0,Casual,U.S. Polo Assn. Men Printed  Steeple Grey Tshirt
59130,Men,Apparel,Topwear,Jackets,Black,Summer,2012.0,Casual,Just Natural Men Black Jacket
6594,Women,Apparel,Topwear,Tops,White,Summer,2011.0,Casual,Spykar Women Day Beach White Top
39256,Men,Footwear,Shoes,Formal Shoes,Brown,Winter,2018.0,Casual,Red Chief Men Brown Formal Shoes
9703,Men,Footwear,Shoes,Formal Shoes,Brown,Winter,2015.0,Formal,Hush Puppies Men GT Brown Formal Shoes
17819,Men,Footwear,Shoes,Formal Shoes,Black,Fall,2011.0,Formal,Lee Cooper Men  Black Formal Shoe
12026,Men,Apparel,Topwear,Shirts,White,Fall,2011.0,Formal,Mark Taylor Men White Striped Shirt
54896,Boys,Apparel,Bottomwear,Trousers,Olive,Summer,2012.0,Casual,Do u speak green Boys Olive Trousers
47279,Men,Footwear,Shoes,Formal Shoes,Brown,Summer,2013.0,Formal,Franco Leone Men Brown Formal Shoes
26155,Men,Apparel,Bottomwear,Trousers,Grey,Summer,2012.0,Formal,John Miller Men Striped Grey Trousers
5897,Women,Footwear,Shoes,Casual Shoes,White,Summer,2011.0,Casual,Puma Women's Feuerwerk White Shoe
7362,Women,Apparel,Topwear,Tops,Blue,Summer,2011.0,Casual,UCB Women's Graphic Print Sequins Blue Top
37760,Men,Apparel,Topwear,Shirts,Blue,Summer,2012.0,Casual,John Players Men Check Blue Shirt
53760,Men,Apparel,Topwear,Tshirts,Navy Blue,Summer,2012.0,Casual,Puma Men Navy Blue and White T-shirt
56825,Men,Apparel,Topwear,Shirts,Brown,Summer,2012.0,Casual,John Players Men Brown Shirt
17553,Men,Apparel,Topwear,Shirts,Grey,Fall,2011.0,Formal,Mark Taylor Men Grey & White Striped Shirt
43943,Women,Footwear,Shoes,Heels,Black,Winter,2012.0,Casual,Catwalk Women Black Heels
5710,Men,Footwear,Shoes,Sports Shoes,White,Summer,2011.0,Sports,Reebok Men's Apex White Athletic Shoe
31352,Men,Apparel,Bottomwear,Jeans,Navy Blue,Summer,2012.0,Casual,Locomotive Men Navy Blue Jeans
5403,Women,Footwear,Shoes,Sports Shoes,White,Summer,2011.0,Sports,Kalenji Kiprun 2000l Wht/purple
20227,Women,Apparel,Topwear,Sweaters,Green,Fall,2011.0,Casual,Wrangler Women Solid Green Sweater
9406,Men,Apparel,Topwear,Tshirts,Black,Fall,2011.0,Casual,Puma Men Scribble Graphic Black Tshirts
44470,Women,Footwear,Shoes,Flats,Silver,Summer,2012.0,Casual,Senorita Women Green & Silver Colored Sandals
20127,Women,Apparel,Topwear,Tops,Red,Fall,2011.0,Casual,Wrangler Women Shadow Red Top
5944,Women,Footwear,Shoes,Casual Shoes,White,Summer,2011.0,Casual,ADIDAS Women Derby White Shoe
43538,Women,Apparel,Topwear,Tops,Blue,Summer,2012.0,Casual,French Connection Women Blue Top
46326,Men,Footwear,Shoes,Sports Shoes,Charcoal,Summer,2010.0,Sports,Reebok Men Charcoal Realflex Breeze Sports Shoes
57855,Women,Footwear,Shoes,Heels,Multi,Summer,2016.0,Casual,Catwalk Women Multi Coloured Flats
4493,Men,Footwear,Shoes,Sports Shoes,White,Summer,2011.0,Sports,Lotto Men's T-Effect III White Yellow Shoe
24454,Men,Footwear,Shoes,Casual Shoes,White,Summer,2012.0,Casual,Nike Men Court Majestic White Casual Shoes
40667,Women,Apparel,Topwear,Tops,Red,Summer,2012.0,Casual,Lee Women Red Top
6617,Men,Apparel,Topwear,Shirts,Black,Summer,2011.0,Casual,Spykar Men Black and white Check Shirt
9857,Men,Apparel,Topwear,Tshirts,Green,Fall,2011.0,Casual,Status Quo Men Green Polo Tshirts
13911,Men,Footwear,Shoes,Sports Shoes,Black,Fall,2011.0,Sports,Nike Men Lunarelite Black Sports Shoes
48457,Men,Apparel,Bottomwear,Shorts,Multi,Summer,2012.0,Casual,French Connection Men Multi Coloured Cargo Shorts
17901,Men,Apparel,Topwear,Jackets,Black,Fall,2011.0,Sports,Nike Men Football Soccer Black Jacket
8748,Men,Apparel,Topwear,Shirts,Orange,Fall,2011.0,Casual,Indigo Nation Men Plain Orange Shirts
25925,Women,Apparel,Topwear,Tshirts,Purple,Summer,2012.0,Casual,Femella Women Purple T-Shirt
19716,Men,Apparel,Topwear,Shirts,Blue,Fall,2011.0,Casual,United Colors of Benetton Men Solid Blue Shirt
27207,Men,Apparel,Bottomwear,Shorts,White,Summer,2012.0,Casual,Doodle Kids Boy  White Shorts
14959,Men,Apparel,Topwear,Jackets,Grey,Fall,2011.0,Casual,Status Quo Men Solid Grey Jackets
30803,Men,Apparel,Topwear,Shirts,Blue,Summer,2012.0,Ethnic,Fabindia Men Blue Shirt
26552,Men,Footwear,Shoes,Casual Shoes,Black,Summer,2012.0,Casual,ID Men Black Shoes
33995,Women,Apparel,Topwear,Tops,Black,Summer,2012.0,Casual,Femella Women Black Top
17683,Women,Footwear,Shoes,Casual Shoes,Black,Winter,2015.0,Casual,Catwalk Women Ballerina Black Casual Shoe
14323,Women,Apparel,Topwear,Sweaters,White,Fall,2011.0,Casual,ADIDAS Women Stripes White Sweaters
31476,Men,Apparel,Bottomwear,Trousers,Charcoal,Summer,2012.0,Casual,Black Coffee Men Striped Charcoal Trousers
49433,Unisex,Footwear,Shoes,Casual Shoes,Black,Summer,2012.0,Casual,Vans Unisex Black Casual Shoes
52547,Women,Apparel,Bottomwear,Jeans,Blue,Summer,2012.0,Casual,Pepe Jeans Women Blue Jeans
52034,Men,Apparel,Topwear,Jackets,Black,Summer,2012.0,Casual,Just Natural Unisex Black Jacket
43699,Women,Apparel,Topwear,Tops,Blue,Summer,2012.0,Casual,Remanika Women Blue Top
53127,Women,Footwear,Shoes,Flats,Blue,Winter,2015.0,Casual,Catwalk Women Blue Casual Shoes
34059,Boys,Apparel,Bottomwear,Shorts,Grey,Summer,2012.0,Casual,Gini and Jony Boys Grey Shorts
37938,Women,Apparel,Dress,Dresses,Green,Summer,2012.0,Casual,Mineral Women Green Dress
9110,Women,Footwear,Shoes,Sports Shoes,Black,Fall,2011.0,Sports,Puma Women Faas 300 Black Sports Shoes
47529,Women,Footwear,Shoes,Flats,Gold,Winter,2012.0,Casual,Portia Women Navy & Gold-Toned Sandals
48468,Women,Apparel,Dress,Dresses,Mauve,Summer,2012.0,Casual,French Connection Mauve Dress
32585,Women,Apparel,Bottomwear,Trousers,Black,Summer,2012.0,Casual,Only  Women Black Trousers
36131,Men,Footwear,Shoes,Casual Shoes,Maroon,Summer,2012.0,Casual,Nike Men Dunk High Maroon Shoes
54527,Men,Footwear,Shoes,Casual Shoes,Black,Fall,2012.0,Casual,F Sports Men Black Charger Shoes
22846,Men,Footwear,Shoes,Casual Shoes,Khaki,Summer,2012.0,Casual,Woodland Men Khaki Casual Shoes
39831,Girls,Apparel,Bottomwear,Shorts,Magenta,Summer,2012.0,Casual,Gini and Jony Girls Core Magenta Shorts
28515,Men,Apparel,Bottomwear,Shorts,White,Summer,2012.0,Sports,Nike Men Woven White Shorts
19864,Men,Footwear,Shoes,Sports Shoes,Navy Blue,Fall,2011.0,Sports,ADIDAS Men Carlton Navy Blue  Running Sports Shoe
19170,Men,Apparel,Topwear,Tshirts,Olive,Summer,2011.0,Casual,United Colors of Benetton Men Printed Olive TShirt
16376,Men,Apparel,Bottomwear,Trousers,Black,Fall,2011.0,Formal,Peter England Men Stripes Black Trouser
32649,Men,Apparel,Bottomwear,Shorts,Black,Summer,2012.0,Sports,Nike Men Black Shorts
37131,Men,Apparel,Topwear,Shirts,Lavender,Summer,2012.0,Formal,Wills Lifestyle Men Striped Lavender Shirt
18730,Women,Apparel,Topwear,Sweaters,Brown,Fall,2011.0,Casual,Arrow Woman Georgina 1 Brown Sweater
13307,Men,Apparel,Bottomwear,Trousers,Black,Fall,2011.0,Casual,Gini and Jony Kids Solid Black Trousers
2617,Men,Apparel,Topwear,Tshirts,Red,Summer,2011.0,Sports,Nike Mens Red Bleed Blue T-shirt
18876,Men,Footwear,Shoes,Formal Shoes,Black,Summer,2011.0,Formal,Franco Leone Men Formal Black Shoes
16919,Men,Apparel,Bottomwear,Jeans,Blue,Fall,2011.0,Casual,Spykar Men Washed Blue Jeans
19697,Men,Apparel,Topwear,Shirts,White,Fall,2011.0,Casual,United Colors of Benetton Men Solid White Shirt
11287,Men,Apparel,Bottomwear,Jeans,Blue,Summer,2016.0,Casual,Wrangler Men Blue Texas Jeans
41731,Women,Footwear,Shoes,Heels,Bronze,Winter,2015.0,Casual,Catwalk Women Bronze Flats
51362,Women,Apparel,Bottomwear,Jeans,Blue,Summer,2012.0,Casual,Spykar Women Blue Jeans
11499,Women,Footwear,Shoes,Heels,Blue,Winter,2015.0,Casual,Catwalk Women Lifestyle Blue Flats
26702,Women,Footwear,Shoes,Sports Shoes,White,Fall,2011.0,Sports,Nike Women White Court Shuttle Shoes
9147,Women,Apparel,Bottomwear,Jeans,Blue,Fall,2011.0,Casual,Lee Women SS Blue Jeans
5654,Men,Footwear,Shoes,Sports Shoes,White,Summer,2011.0,Sports,Reebok Men's Winning Stride White Shoe
44437,Men,Footwear,Shoes,Casual Shoes,Brown,Summer,2013.0,Casual,Gliders Men Brown Shoes
59971,Women,Apparel,Dress,Dresses,Multi,Fall,2012.0,Casual,Avirate Multicoloured Dress
26369,Women,Apparel,Topwear,Shirts,Blue,Summer,2012.0,Casual,Arrow Woman Blue Shirt
33086,Women,Footwear,Shoes,Heels,Red,Winter,2015.0,Casual,Catwalk Women Red Flats
14934,Men,Apparel,Bottomwear,Shorts,Red,Fall,2011.0,Casual,Status Quo Men Check Red Shorts
11342,Men,Apparel,Bottomwear,Jeans,Black,Spring,2013.0,Casual,Lee Men Black Chicago Fit Jeans
41714,Women,Footwear,Shoes,Heels,Black,Winter,2012.0,Casual,Catwalk Women Black Wedges
44630,Men,Apparel,Bottomwear,Track Pants,Charcoal,Summer,2012.0,Sports,Nike Men Charcoal Track Pants
34406,Men,Apparel,Topwear,Tshirts,Black,Summer,2012.0,Casual,Myntra Men Black Printed T-shirt
16803,Girls,Apparel,Bottomwear,Shorts,Beige,Fall,2011.0,Casual,ANT Kids Girls Solid Beige Short
32759,Men,Apparel,Topwear,Shirts,Purple,Summer,2012.0,Casual,Indigo Nation Men Striped Purple Shirt
54065,Men,Footwear,Shoes,Casual Shoes,Blue,Summer,2010.0,Casual,ADIDAS Men Blue Shoes
10292,Women,Footwear,Shoes,Heels,Brown,Summer,2015.0,Casual,Clarks Women Brown Leather Heels
56933,Women,Footwear,Shoes,Heels,Purple,Winter,2012.0,Casual,HM Women Purple Flats
4467,Men,Footwear,Shoes,Sports Shoes,White,Summer,2011.0,Sports,Puma Men's Jago White Black Silver Shoe
17655,Women,Footwear,Shoes,Heels,Black,Winter,2015.0,Casual,Catwalk Women Pumps Black Peep Toes
6041,Men,Apparel,Topwear,Tshirts,Navy Blue,Summer,2011.0,Casual,UCB Men's Polo Neck With Lion Logo Navy Blue T-shirt
29837,Men,Apparel,Topwear,Shirts,Yellow,Summer,2012.0,Casual,Basics Men Yellow Checked Shirt
6912,Women,Footwear,Shoes,Flats,Black,Fall,2012.0,Casual,Timberland Women Nekkol Convertable Black Sports Sandals
19019,Women,Footwear,Shoes,Heels,Silver,Winter,2015.0,Casual,Catwalk Women Silver Heels
13290,Women,Apparel,Dress,Dresses,Pink,Fall,2011.0,Casual,Gini and Jony Kids Girls Solid Pink Dresses
3482,Men,Apparel,Bottomwear,Track Pants,Blue,Summer,2011.0,Sports,ADIDAS Men's Light Blue Track Pant
21126,Women,Apparel,Topwear,Shirts,White,Fall,2011.0,Casual,s.Oliver Women White Shirt
25972,Women,Apparel,Dress,Dresses,Brown,Summer,2012.0,Casual,Femella Women Brown Dress
56990,Women,Footwear,Shoes,Flats,Brown,Winter,2012.0,Casual,HM Women Beige Sandals
32191,Men,Footwear,Shoes,Sports Shoes,Blue,Summer,2012.0,Sports,ADIDAS Men Phantom Blue Sports Shoes
20031,Men,Apparel,Topwear,Shirts,Black,Fall,2011.0,Casual,United Colors of Benetton Men Striped Black Shirt
17194,Men,Apparel,Topwear,Sweaters,Black,Fall,2011.0,Casual,U.S. Polo Assn. Men Stripes Black Sweater
47189,Men,Footwear,Shoes,Formal Shoes,Black,Summer,2012.0,Formal,Franco Leone Men Black Formal Shoes
14770,Men,Apparel,Topwear,Shirts,Black,Fall,2011.0,Formal,Arrow Men Solid Black Shirts
27901,Women,Apparel,Bottomwear,Trousers,Tan,Summer,2012.0,Casual,Scullers For Her Women Tan Trousers
3301,Women,Footwear,Shoes,Sports Shoes,White,Spring,2011.0,Sports,Asics Women Gel Cushioning White Pink Shoe
13094,Men,Apparel,Topwear,Sweaters,Grey,Fall,2011.0,Casual,ADIDAS Men Badge P/O Grey Sweaters
27912,Women,Apparel,Bottomwear,Trousers,Black,Summer,2012.0,Formal,Scullers For Her Women Striped Black Trousers
42594,Boys,Apparel,Bottomwear,Jeans,Blue,Summer,2012.0,Casual,United Colors of Benetton Boys Blue Slim Fit Jeans
56999,Women,Footwear,Shoes,Flats,Red,Winter,2012.0,Casual,HM Women Red Sandals
7902,Men,Apparel,Bottomwear,Shorts,Brown,Fall,2011.0,Casual,Proline Men Brown & Blue Checked Shorts
23624,Girls,Apparel,Topwear,Tops,White,Fall,2011.0,Casual,Doodle Kids Girls White I love Shopping Top
41764,Women,Apparel,Topwear,Tops,Red,Summer,2012.0,Casual,Remanika Women Red Top
27008,Women,Apparel,Bottomwear,Jeans,Black,Summer,2012.0,Casual,Jealous 21 Women Washed Black Jeggings
10431,Men,Apparel,Topwear,Shirts,Grey,Fall,2011.0,Casual,Flying Machine Men Ydc Grey Shirts
35411,Men,Footwear,Shoes,Formal Shoes,Black,Summer,2012.0,Formal,Enroute Men Black Formal Shoes
53134,Women,Footwear,Shoes,Flats,Brown,Winter,2015.0,Casual,Catwalk Women Brown & Olive Green Flats
27552,Men,Apparel,Topwear,Shirts,Black,Summer,2012.0,Casual,Scullers Men Black Shirt
4775,Women,Apparel,Bottomwear,Track Pants,Black,Summer,2011.0,Sports,ADIDAS Women 3S Black Track Pants
48086,Women,Apparel,Dress,Dresses,Navy Blue,Summer,2012.0,Casual,French Connection Navy Blue Dress
7382,Men,Footwear,Shoes,Formal Shoes,Black,Winter,2018.0,Formal,Red Tape Men Black Shoes
16131,Women,Apparel,Topwear,Tshirts,Red,Fall,2011.0,Casual,Tokyo Talkies Women Printed Red T-shirt
35652,Men,Footwear,Shoes,Formal Shoes,Black,Summer,2012.0,Formal,U.S. Polo Assn. Men Black Formal Shoes
27204,Men,Apparel,Bottomwear,Jeans,Blue,Summer,2012.0,Casual,Doodle Kids Boy Washed Blue Jeans
13019,Women,Footwear,Shoes,Heels,Pink,Winter,2012.0,Casual,Inc 5 Women Casual Pink Heels
12905,Women,Footwear,Shoes,Casual Shoes,Purple,Fall,2011.0,Casual,Puma Women Casual Purple Casual Shoes
54107,Women,Footwear,Shoes,Flats,Black,Winter,2012.0,Casual,Rocia Women White Sandals
16197,Men,Apparel,Topwear,Tshirts,Green,Fall,2011.0,Casual,Puma Men Rugby Green TShirt
19517,Men,Apparel,Topwear,Sweaters,Grey,Fall,2011.0,Casual,United Colors of Benetton Men Solid Grey Sweater
20915,Men,Apparel,Bottomwear,Jeans,Blue,Fall,2011.0,Casual,Deni Yo Men Washed Blue Jeans
15527,Men,Apparel,Topwear,Tshirts,White,Fall,2011.0,Casual,Puma Men Scribble White Tshirts
3364,Men,Apparel,Topwear,Tshirts,Blue,Summer,2011.0,Casual,Myntra Men's Brain Blue T-shirt
6627,Men,Footwear,Shoes,Sports Shoes,Black,Summer,2011.0,Sports,ADIDAS Men's Morin Black Shoe
18959,Women,Apparel,Topwear,Sweaters,Blue,Fall,2011.0,Casual,United Colors of Benetton Women Solid Blue Sweater
3193,Men,Apparel,Topwear,Tshirts,Beige,Summer,2011.0,Casual,Tantra Men's Nerds Light Brown T-shirt
11038,Women,Apparel,Topwear,Tops,Brown,Fall,2011.0,Casual,Jealous 21 Women Check Brown Tops
27624,Men,Apparel,Bottomwear,Shorts,Cream,Summer,2012.0,Casual,Scullers Men Cream Shorts
31425,Men,Apparel,Bottomwear,Trousers,Grey,Summer,2012.0,Casual,Highlander Men Grey Trousers
23251,Men,Footwear,Shoes,Formal Shoes,Black,Fall,2011.0,Formal,Arrow Men Formal Black Shoe
42177,Men,Footwear,Shoes,Sports Shoes,Black,Summer,2012.0,Sports,Lotto Men Black Futura Sports Shoes
33092,Women,Footwear,Shoes,Heels,Gold,Winter,2015.0,Casual,Catwalk Women Gold Flats
4984,Women,Apparel,Dress,Dresses,White,Summer,2011.0,Casual,Palm Tree Girls Beyonce White & Blue Dress
46884,Boys,Footwear,Shoes,Casual Shoes,Black,Fall,2012.0,Casual,Ben 10 Boys Black Casual Shoes
59895,Women,Apparel,Dress,Dresses,Orange,Fall,2012.0,Casual,Femella Women Orange Dress
34859,Unisex,Footwear,Shoes,Casual Shoes,White,Summer,2012.0,Casual,Vans Unisex Classic Slip-On White Shoes
54144,Women,Footwear,Shoes,Heels,Brown,Winter,2012.0,Casual,Rocia Women Brown Sandals
2611,Women,Footwear,Shoes,Heels,Gold,Winter,2012.0,Casual,Carlton London Women Stylish Gold Flats
10850,Men,Apparel,Topwear,Tshirts,Blue,Fall,2011.0,Casual,Wrangler Men Famous Filafil Blue T-Shirts
18743,Women,Apparel,Topwear,Tops,Orange,Fall,2011.0,Casual,Arrow Woman Cameron Orange Top
46903,Men,Apparel,Bottomwear,Jeans,Blue,Summer,2012.0,Casual,Peter England Men Blue Jeans
44660,Men,Footwear,Shoes,Casual Shoes,Black,Summer,2012.0,Casual,Vans Men Black Shoes
9191,Men,Apparel,Bottomwear,Jeans,Blue,Fall,2011.0,Casual,SPYKAR Men Slim Fit Free Republic Wheeler Spirit Blue Jeans
28786,Men,Apparel,Topwear,Shirts,Grey,Summer,2012.0,Casual,Denizen Men Striped Grey Shirt
30695,Women,Footwear,Shoes,Flats,Bronze,Winter,2012.0,Casual,Catwalk Women Bronze toned Sandals
16661,Men,Apparel,Topwear,Sweaters,Black,Fall,2011.0,Casual,Fila Men Blanc Black Sweater
8091,Men,Footwear,Shoes,Sports Shoes,White,Fall,2011.0,Sports,ADIDAS Men Galaxy Elite White Sports Shoes
14392,Men,Apparel,Bottomwear,Track Pants,Black,Fall,2011.0,Casual,Puma Ess Sweat Pants Track Pant
29235,Women,Footwear,Shoes,Flats,Black,Summer,2012.0,Casual,Puma Women Black Crazy Slide Flats
25503,Girls,Apparel,Dress,Dresses,Black,Fall,2011.0,Casual,Doodle Kids Girls Polka Dot Black Dress
46614,Women,Footwear,Shoes,Heels,Black,Winter,2012.0,Casual,Catwalk Women Black Heels
46393,Men,Apparel,Topwear,Shirts,Olive,Summer,2012.0,Casual,ADIDAS Men Olive Shirt
4932,Women,Apparel,Dress,Dresses,Blue,Summer,2011.0,Casual,Gini and Jony Girl's Valerie Blue White Infant Kidswear
10832,Men,Apparel,Topwear,Tshirts,Green,Fall,2011.0,Casual,Wrangler Men American Music Folk Green T-Shirts
16369,Men,Apparel,Bottomwear,Trousers,Grey,Fall,2011.0,Formal,Peter England Men Solid Grey Trouser
4468,Men,Footwear,Shoes,Casual Shoes,White,Summer,2011.0,Sports,Puma Men's Vibrant White Black Red Shoe
6862,Women,Apparel,Bottomwear,Skirts,Pink,Summer,2011.0,Casual,Forever New Women's Peach Pink Skirt
35483,Men,Footwear,Shoes,Formal Shoes,Black,Summer,2012.0,Formal,Hush Puppies Men Black Bounce IV Formal Shoes
5699,Men,Footwear,Shoes,Casual Shoes,Black,Winter,2015.0,Casual,Skechers Men's Striking Black Shoe
43044,Men,Apparel,Bottomwear,Shorts,Charcoal,Summer,2012.0,Casual,Nike Men Charcoal Grey Shorts
41377,Women,Apparel,Topwear,Tops,Yellow,Summer,2012.0,Casual,Wrangler Women Yellow Maria Top
33109,Women,Footwear,Shoes,Heels,Pink,Winter,2015.0,Casual,Catwalk Women Pink Wedges
10569,Women,Apparel,Topwear,Tops,White,Fall,2011.0,Casual,Puma Women Ess White Polo Tshirts
35777,Men,Footwear,Shoes,Sports Shoes,Black,Summer,2012.0,Sports,Force 10 Men Black & Green Sports Shoes
19243,Men,Apparel,Topwear,Jackets,Red,Fall,2011.0,Casual,Puma Men Padded Vest Red Jacket
2031,Men,Apparel,Topwear,Jackets,Black,Fall,2010.0,Sports,ADIDAS Men Collared Track Jacket
7881,Men,Footwear,Shoes,Formal Shoes,Black,Summer,2011.0,Formal,Provogue Men's Formal Black Shoe
18852,Men,Apparel,Topwear,Tshirts,Navy Blue,Fall,2011.0,Casual,Puma Men Head Navy Blue Tshirt
29582,Women,Footwear,Shoes,Flats,Black,Summer,2012.0,Casual,Puma Women Black Grace Flats
33344,Men,Footwear,Shoes,Formal Shoes,Black,Summer,2012.0,Formal,Homme Men Black & Brown Semi Formal Shoes
12893,Men,Footwear,Shoes,Formal Shoes,Brown,Fall,2011.0,Formal,Hush Puppies Men Jungle Brown Formal Shoes
4328,Unisex,Apparel,Topwear,Tshirts,Red,Summer,2011.0,Casual,Tantra Kid's Unisex Cute Mom Red Kidswear
44948,Men,Footwear,Shoes,Sports Shoes,Black,Summer,2012.0,Sports,Puma Men Black Aquil II Sports Shoes
19836,Men,Apparel,Topwear,Shirts,Blue,Fall,2011.0,Casual,U.S. Polo Assn. Men Blue & WIne Check Shirt
7962,Men,Apparel,Topwear,Tshirts,Black,Fall,2011.0,Sports,Puma Men's Graphic Black Red T-shirt
6220,Men,Apparel,Topwear,Tshirts,Orange,Summer,2011.0,Casual,Lee Men's Believe Burnt Orange T-shirt
38630,Women,Apparel,Topwear,Tshirts,Purple,Summer,2012.0,Casual,Nike Women Purple Polo T-shirt
56405,Women,Footwear,Shoes,Flats,Black,Winter,2012.0,Casual,Rocia Women Black Sandals
7901,Men,Apparel,Topwear,Tshirts,Cream,Fall,2011.0,Casual,Proline Men's Printed Chalk Cream Brown T-shirt
33757,Women,Apparel,Topwear,Tops,Sea Green,Summer,2012.0,Casual,Vero Moda Women Sea Green Top
17565,Men,Apparel,Topwear,Shirts,Blue,Fall,2011.0,Formal,Mark Taylor Men Blue & White Striped Shirt
7247,Men,Footwear,Shoes,Formal Shoes,Brown,Fall,2011.0,Formal,Rockport Men's Allender Brown Shoe
19904,Women,Footwear,Shoes,Flats,Pink,Fall,2011.0,Casual,Lotto Women Virtue Pink Sandal
14129,Men,Apparel,Bottomwear,Jeans,Blue,Fall,2011.0,Casual,Flying Machine Men Washed Blue Jeans
26969,Women,Apparel,Topwear,Tops,White,Summer,2012.0,Casual,Jealous 21 Women Printed White & Blue Top
34533,Men,Footwear,Shoes,Formal Shoes,Black,Winter,2018.0,Formal,Red Tape Men Black Shoes
39613,Women,Footwear,Shoes,Heels,Silver,Winter,2015.0,Casual,Catwalk Women Silver Heels
20923,Women,Footwear,Shoes,Heels,Black,Winter,2015.0,Casual,Catwalk Women Black Casual Heels
20132,Women,Apparel,Topwear,Tops,Green,Fall,2011.0,Casual,Wrangler Women Ribbed Green Top
16192,Men,Apparel,Topwear,Sweaters,Grey,Fall,2011.0,Casual,Puma Men Knitted Vest Grey Sweater
16056,Men,Apparel,Bottomwear,Trousers,Beige,Fall,2011.0,Casual,Highlander Men Solid Beige Trouser
44770,Men,Footwear,Shoes,Casual Shoes,Black,Summer,2012.0,Casual,Globalite Men Black Skid Shoes
33352,Men,Footwear,Shoes,Formal Shoes,Tan,Summer,2012.0,Formal,Homme Men Tan Semi Formal Ankle Boots
3012,Men,Apparel,Topwear,Shirts,Green,Summer,2011.0,Casual,Lee Men Xavier Green White Check Shirt
28514,Men,Apparel,Bottomwear,Shorts,Black,Summer,2012.0,Sports,Nike Men Black Shorts
54117,Women,Footwear,Shoes,Heels,Brown,Winter,2012.0,Casual,Rocia Women Brown Flats
34504,Women,Apparel,Bottomwear,Trousers,Beige,Summer,2012.0,Formal,Van Heusen Woman Beige Trousers
34494,Women,Apparel,Bottomwear,Skirts,Black,Summer,2012.0,Formal,Van Heusen Woman Black Skirt
28807,Men,Apparel,Topwear,Shirts,Brown,Summer,2012.0,Casual,Denizen Men Check Brown Shirt
29123,Men,Footwear,Shoes,Sports Shoes,White,Summer,2012.0,Sports,Puma Men Aquil White Sports Shoes
9161,Men,Apparel,Bottomwear,Jeans,Blue,Fall,2011.0,Casual,Locomotive Men Cairo Blue Jeans
23039,Men,Apparel,Bottomwear,Trousers,Beige,Summer,2011.0,Casual,Arrow Men Beige Solid Trousers
9080,Men,Apparel,Bottomwear,Track Pants,Grey,Fall,2011.0,Sports,ADIDAS Men Adna Revpt Grey Trackpant
38662,Men,Footwear,Shoes,Sports Shoes,Blue,Summer,2012.0,Sports,Nike Men T90 Shoot IV Hg-B Blue Sports Shoes
39591,Women,Footwear,Shoes,Heels,Blue,Winter,2015.0,Casual,Catwalk Women Blue Wedges
29237,Women,Footwear,Shoes,Flats,Black,Summer,2012.0,Casual,Puma Women Black Mabel Flats
22277,Women,Footwear,Shoes,Heels,Gold,Winter,2012.0,Casual,Inc.5 Women Gold Casual Heels
19009,Women,Apparel,Topwear,Jackets,White,Summer,2011.0,Casual,ADIDAS Originals Women F Night Logo TT White Jacket
15268,Women,Footwear,Shoes,Casual Shoes,Purple,Fall,2011.0,Casual,ADIDAS Originals Women Rekapi Purple Casual Shoes
12877,Men,Footwear,Shoes,Formal Shoes,Black,Fall,2011.0,Formal,Provogue Men Formal Black Formal Shoes
30637,Women,Apparel,Bottomwear,Shorts,Red,Summer,2012.0,Sports,Nike Women Printed Tempo Red Shorts
1891,Men,Apparel,Topwear,Tshirts,White,Winter,2010.0,Casual,FIFA Mens Essentials White T-shirt
3673,Men,Footwear,Shoes,Sports Shoes,White,Summer,2011.0,Sports,Fila Men's Speed Fire White Black Shoe
41006,Girls,Apparel,Bottomwear,Shorts,Navy Blue,Summer,2012.0,Casual,Gini and Jony Girls Woven Navy Blue Shorts
3965,Women,Apparel,Topwear,Tops,White,Summer,2011.0,Casual,Jealous 21 Women White Sleeveless Top
56864,Women,Footwear,Shoes,Heels,Gold,Winter,2012.0,Casual,HM Women Golden Heels
10126,Men,Footwear,Shoes,Sports Shoes,White,Fall,2011.0,Sports,Reebok Men Runtone Action White Sports Shoes
50744,Men,Footwear,Shoes,Formal Shoes,Black,Winter,2018.0,Casual,Red Chief Men Black Formal Shoes
13475,Women,Footwear,Shoes,Flats,Brown,Winter,2014.0,Casual,Rocia Women Brown Flats
31422,Men,Apparel,Bottomwear,Shorts,White,Summer,2012.0,Sports,Nike Men White Shorts
3896,Girls,Apparel,Bottomwear,Skirts,Blue,Summer,2011.0,Casual,Disney Kids Girl's Denim Minnie Dark Blue Skirt
29399,Men,Apparel,Bottomwear,Trousers,Grey,Summer,2012.0,Formal,Genesis Men Grey Trousers
31570,Men,Apparel,Bottomwear,Trousers,Black,Summer,2012.0,Formal,Mark Taylor Men Striped Black Trousers
30639,Women,Apparel,Bottomwear,Shorts,Purple,Summer,2012.0,Sports,Nike Women Tempo Purple Shorts
1855,Men,Apparel,Topwear,Tshirts,Grey,Summer,2011.0,Casual,Inkfruit Mens Chain Reaction T-shirt
42700,Women,Footwear,Shoes,Flats,Bronze,Spring,2013.0,Casual,Rocia Women Bronze Sandal
3136,Women,Footwear,Shoes,Flats,Black,Winter,2015.0,Casual,Catwalk Women Black Flats
36304,Men,Apparel,Topwear,Tshirts,Green,Summer,2012.0,Casual,Angry Birds Men Green Stop Madness T-shirt
51503,Women,Apparel,Bottomwear,Jeans,Blue,Summer,2012.0,Casual,Denizen Women Blue Jeans
41452,Men,Footwear,Shoes,Casual Shoes,White,Summer,2012.0,Casual,Lee Cooper Men White Shoes
26613,Men,Footwear,Shoes,Sports Shoes,Grey,Summer,2012.0,Sports,Puma Men Complete Itana 2 Grey Sports Shoes
2947,Women,Apparel,Topwear,Tops,Yellow,Fall,2010.0,Casual,DUSG Women Uttarkashi Organic Endive Top
11874,Men,Footwear,Shoes,Formal Shoes,Black,Summer,2013.0,Casual,Franco Leone Men Casual Black Sandals
9980,Men,Apparel,Topwear,Jackets,Black,Fall,2011.0,Sports,Nike Men As Sideline J Black Jackets
40051,Men,Apparel,Topwear,Jackets,Navy Blue,Fall,2013.0,Sports,ADIDAS Men Navy Messi Track Jacket
41668,Women,Footwear,Shoes,Heels,Silver,Winter,2012.0,Casual,Catwalk Women Silver Heels
42725,Women,Footwear,Shoes,Flats,Black,Winter,2012.0,Casual,Rocia Women Black Sandals
2711,Girls,Apparel,Dress,Dresses,Pink,Summer,2011.0,Casual,Disney Kids Girl's Halter Neck Pink Kidswear
6884,Women,Apparel,Topwear,Jackets,Cream,Summer,2011.0,Casual,Forever New Women Ivory Cream Jacket
32278,Men,Footwear,Shoes,Sports Shoes,Black,Summer,2012.0,Sports,ADIDAS Men Adipower Barricade Black Sports Shoes
39980,Men,Footwear,Shoes,Casual Shoes,Brown,Summer,2013.0,Casual,Gas Men Flint Brown Shoes
20868,Men,Footwear,Shoes,Casual Shoes,White,Summer,2013.0,Casual,Fila Men Stradd White Casual Shoes
28500,Men,Apparel,Bottomwear,Track Pants,Grey,Summer,2012.0,Sports,Urban Yoga Men Grey Track Pants
49648,Women,Apparel,Dress,Dresses,Cream,Summer,2012.0,Casual,Mineral Cream & Purple Printed Dress
43002,Men,Footwear,Shoes,Sports Shoes,Grey,Summer,2012.0,Sports,Nike Men Grey Lunarswift Sports Shoes
17271,Men,Apparel,Topwear,Tshirts,Grey,Fall,2011.0,Casual,U.S. Polo Assn. Men Stripes DK.Grey Polo Tshirt
51605,Women,Apparel,Bottomwear,Trousers,Black,Fall,2012.0,Casual,Kraus Jeans Women Black Trousers
11897,Men,Footwear,Shoes,Formal Shoes,Brown,Fall,2011.0,Formal,Franco Leone Men Formal Brown Formal Shoes
19809,Men,Apparel,Topwear,Sweaters,Grey,Fall,2011.0,Casual,U.S. Polo Assn. Men Striped Grey Sweaters
46394,Men,Apparel,Topwear,Shirts,Blue,Summer,2012.0,Casual,ADIDAS Men Blue & Black Check Shirt
37200,Men,Apparel,Bottomwear,Jeans,Blue,Summer,2012.0,Casual,United Colors of Benetton Men Washed Blue Jeans
11900,Men,Footwear,Shoes,Formal Shoes,Black,Summer,2012.0,Formal,Franco Leone Men Formal Black Formal Shoes
34096,Boys,Apparel,Topwear,Tshirts,Red,Summer,2012.0,Casual,Doodle Boys Printed Red T-shirt
13848,Men,Apparel,Topwear,Tshirts,Blue,Fall,2011.0,Casual,United Colors of Benetton Men Solid Blue Polo Tshirts
7797,Men,Footwear,Shoes,Casual Shoes,Black,Fall,2011.0,Casual,Puma Men's First Round Takeahike Black Yellow Shoe
6244,Women,Apparel,Topwear,Tshirts,Black,Summer,2011.0,Casual,Lee Women's Rihana Black T-shirt
24409,Women,Footwear,Shoes,Sports Shoes,White,Summer,2012.0,Sports,ADIDAS Women White & Grey Vanquish Sports Shoes
51431,Men,Apparel,Topwear,Shirts,Blue,Summer,2012.0,Formal,Myntra Men Blue Shirt
18724,Women,Apparel,Topwear,Sweaters,Black,Fall,2011.0,Casual,Arrow Woman Lara Black Sweater
48095,Women,Apparel,Topwear,Tops,White,Summer,2012.0,Casual,French Connection Women White Top
29166,Girls,Apparel,Dress,Dresses,Navy Blue,Summer,2012.0,Casual,United Colors of Benetton Girls Polka Dot Navy Blue Dress
43928,Women,Footwear,Shoes,Heels,White,Winter,2012.0,Casual,Catwalk Women White Heels
45394,Women,Footwear,Shoes,Flats,Black,Winter,2012.0,Casual,Rocia Women Black Sandals
28608,Men,Footwear,Shoes,Sports Shoes,White,Summer,2012.0,Sports,Nike Men Dart VII Leather White Sports Shoes
5343,Women,Footwear,Shoes,Casual Shoes,Blue,Winter,2015.0,Casual,Skechers Women Blue Teal Shoe
33847,Men,Footwear,Shoes,Casual Shoes,White,Summer,2012.0,Casual,Puma Men Future Cat White Shoes
5395,Women,Footwear,Shoes,Sports Shoes,Gold,Summer,2011.0,Sports,Artengo Artengo Bad 414 I Woman
56917,Women,Footwear,Shoes,Heels,Brown,Winter,2012.0,Casual,HM Women Brown Sandals
51857,Men,Apparel,Topwear,Shirts,Beige,Summer,2012.0,Casual,Highlander Men  Blue & Beige Check  Shirt
32769,Men,Apparel,Topwear,Tshirts,Blue,Spring,2013.0,Casual,Music Men Printed Blue T-shirt
26372,Women,Apparel,Bottomwear,Trousers,Grey,Summer,2012.0,Formal,Arrow Woman Check Grey Trousers
58509,Women,Apparel,Dress,Dresses,Off White,Fall,2012.0,Casual,Tonga Off-White & Black Animal Print Dress
34114,Girls,Apparel,Dress,Dresses,Blue,Summer,2012.0,Casual,Doodle Girls Printed Blue Dress
26827,Men,Apparel,Bottomwear,Trousers,Olive,Summer,2012.0,Casual,Highlander Men Olive Trousers
19334,Men,Apparel,Topwear,Jackets,Maroon,Fall,2011.0,Casual,United Colors of Benetton Men Check Maroon Jacket
20186,Men,Apparel,Topwear,Shirts,Blue,Fall,2011.0,Casual,Wrangler Men Tony Check Blue Shirt
13649,Men,Footwear,Shoes,Casual Shoes,Black,Fall,2011.0,Casual,ADIDAS Black Hydroterra Shandal Casual Shoes
11327,Men,Apparel,Bottomwear,Jeans,Blue,Fall,2011.0,Casual,United Colors of Benetton Men Washed Blue Jeans
21059,Men,Footwear,Shoes,Formal Shoes,Black,Fall,2012.0,Formal,Clarks Men Extra Look Black Formal Shoe
4179,Men,Footwear,Shoes,Formal Shoes,Black,Summer,2011.0,Formal,Rockport Men's Tyson Black Shoe
14661,Men,Apparel,Topwear,Shirts,Navy Blue,Fall,2011.0,Casual,Basics Men Navy Slim Fit Checked Shirt
13028,Women,Footwear,Shoes,Heels,Black,Winter,2012.0,Casual,Inc 5 Women Casual Black Heels
16514,Men,Apparel,Bottomwear,Jeans,Blue,Fall,2011.0,Casual,Locomotive Men Washed Blue Jeans
37240,Men,Footwear,Shoes,Casual Shoes,Brown,Summer,2012.0,Casual,United Colors of Benetton Men Brown Shoes
34858,Men,Footwear,Shoes,Casual Shoes,Grey,Summer,2012.0,Casual,Vans Men Classic Slip-On Grey Shoes
3700,Women,Apparel,Topwear,Tshirts,Purple,Summer,2011.0,Casual,Tantra Women's Flower Heart Lavender Long T-shirt
59131,Men,Apparel,Topwear,Jackets,Brown,Summer,2012.0,Casual,Just Natural Men Brown Jacket
32587,Women,Apparel,Bottomwear,Shorts,Black,Summer,2012.0,Casual,Only  Women Black Shorts
32586,Women,Apparel,Bottomwear,Trousers,Brown,Summer,2012.0,Casual,ONLY Women Brown Trousers
5115,Women,Apparel,Topwear,Tops,Grey,Summer,2011.0,Casual,Wrangler Women Blouson Tank Dark Grey Top
20731,Women,Footwear,Shoes,Heels,Blue,Fall,2011.0,Casual,Enroute Women Blue Peep Toes
7029,Men,Apparel,Bottomwear,Shorts,White,Summer,2011.0,Casual,s.Oliver Men's Blue Black Stripes White Short
10851,Men,Apparel,Topwear,Tshirts,Brown,Fall,2011.0,Casual,Wrangler Men Applique Polo Brown T-Shirts
5095,Men,Apparel,Topwear,Tshirts,Blue,Summer,2011.0,Casual,Wrangler Men's Greensboro Raw Edge Blue T-shirt
39943,Men,Footwear,Shoes,Casual Shoes,Brown,Summer,2013.0,Casual,GAS Men Brown Count Casual Shoes
33100,Women,Footwear,Shoes,Heels,Blue,Winter,2015.0,Casual,Catwalk Women Blue Flats
27609,Men,Apparel,Bottomwear,Trousers,Black,Summer,2012.0,Casual,Scullers Men Black Trousers
19962,Men,Apparel,Topwear,Sweaters,Grey,Fall,2011.0,Casual,United Colors of Benetton Men Check Grey Sweater
31571,Men,Apparel,Bottomwear,Trousers,Black,Summer,2012.0,Formal,Mark Taylor Men Striped Black Trousers
12598,Unisex,Apparel,Topwear,Tshirts,Orange,Fall,2011.0,Casual,Tantra Unisex Printed Orange Tshirts
15115,Men,Apparel,Bottomwear,Trousers,Navy Blue,Fall,2012.0,Formal,Arrow Men TR Finish Navy Blue Trousers
44811,Women,Apparel,Topwear,Tops,Pink,Summer,2012.0,Casual,Spykar Women Pink Top
27883,Women,Apparel,Topwear,Tshirts,Pink,Summer,2012.0,Casual,Scullers For Her Women Pink Shirt
17902,Men,Apparel,Bottomwear,Track Pants,Navy Blue,Fall,2011.0,Sports,Nike Men Trainng Navy Blue Track Pant
23400,Women,Apparel,Bottomwear,Jeans,Blue,Summer,2012.0,Casual,Spykar Women Blue Jeans
27216,Men,Apparel,Bottomwear,Shorts,Navy Blue,Summer,2012.0,Casual,Doodle Kids Boy  Navy Blue Shorts
39214,Men,Footwear,Shoes,Formal Shoes,Black,Summer,2013.0,Formal,Franco Leone Men Black Formal Shoes
22312,Men,Apparel,Topwear,Jackets,Black,Summer,2015.0,Casual,Wildcraft Men Solid Black Jacket
7880,Men,Footwear,Shoes,Formal Shoes,Brown,Summer,2011.0,Formal,Provogue Men's Formal Brown Shoe
6526,Women,Apparel,Bottomwear,Track Pants,Black,Summer,2011.0,Sports,Nike Women's Strong Poly Black Track Pant
26967,Women,Apparel,Topwear,Tops,Navy Blue,Summer,2012.0,Casual,Jealous 21 Women Check Navy Blue Top
4180,Men,Footwear,Shoes,Formal Shoes,Brown,Summer,2011.0,Smart Casual,Rockport Men Brown Leather Semi-Formal Shoes
45617,Men,Footwear,Shoes,Formal Shoes,Brown,Summer,2012.0,Formal,Arrow Men Brown Formal Shoes
31166,Boys,Apparel,Bottomwear,Shorts,Blue,Summer,2012.0,Casual,Gini and Jony Boys Washed Blue Denim Shorts
15491,Women,Footwear,Shoes,Heels,Nude,Spring,2013.0,Formal,Carlton London Women Nude Heels
7244,Men,Footwear,Shoes,Formal Shoes,Black,Fall,2011.0,Formal,Rockport Men's Allander Black Shoe
41742,Women,Footwear,Shoes,Flats,Brown,Winter,2015.0,Casual,Catwalk Women Brown Sandals
23197,Men,Apparel,Topwear,Shirts,Blue,Fall,2011.0,Casual,Highlander Men Blue Check Shirt
38994,Boys,Apparel,Bottomwear,Jeans,Blue,Summer,2012.0,Casual,Gini and Jony Boys Jeans Blue Jeans
25465,Men,Footwear,Shoes,Sports Shoes,White,Summer,2012.0,Sports,Nike Men Downshifter 4 MSL White Sports Shoes
57075,Women,Apparel,Bottomwear,Jeans,Blue,Summer,2012.0,Casual,Elle Blue Jeans
13685,Men,Footwear,Shoes,Casual Shoes,Black,Fall,2011.0,Casual,ADIDAS Men Dash Casual Shoes
35341,Women,Footwear,Shoes,Heels,Brown,Summer,2012.0,Casual,Senorita Women Brown Heels
53750,Women,Apparel,Bottomwear,Track Pants,Grey,Summer,2012.0,Casual,ADIDAS Women Dark Grey Track Pant
26993,Women,Apparel,Bottomwear,Jeans,Blue,Summer,2012.0,Casual,Jealous 21 Women Washed Blue Jeans
3610,Unisex,Footwear,Shoes,Casual Shoes,Green,Summer,2011.0,Casual,Converse Unisex Chuck Taylor Check HI Green Canvas Shoe
8082,Men,Footwear,Shoes,Sports Shoes,Black,Fall,2011.0,Sports,ADIDAS Men Predito Trx HG Black Sports Shoes
57854,Women,Footwear,Shoes,Heels,Brown,Winter,2015.0,Casual,Catwalk Women Brown Flats
33212,Women,Apparel,Topwear,Tops,Black,Summer,2012.0,Casual,Sepia Women Black Top
19607,Women,Apparel,Topwear,Tops,Red,Summer,2011.0,Casual,United Colors of Benetton Women Solid Red Top
3656,Men,Footwear,Shoes,Sports Shoes,Black,Summer,2011.0,Sports,Fila Men's Emotion Black Shoe
58561,Women,Apparel,Bottomwear,Jeans,Blue,Fall,2012.0,Casual,Puma Women Blue Jeans
33817,Men,Apparel,Bottomwear,Trousers,Navy Blue,Summer,2012.0,Formal,Van Heusen Men Travelite Pleated Navy Blue Trousers
10490,Men,Apparel,Topwear,Shirts,Navy Blue,Fall,2011.0,Casual,Flying Machine Men HS Blue Shirts
51595,Women,Apparel,Bottomwear,Jeans,Blue,Summer,2012.0,Casual,Wrangler Women Blue Molly Jeans
54194,Men,Apparel,Bottomwear,Trousers,Grey,Summer,2012.0,Casual,Highlander Men Grey Chinos
11527,Men,Apparel,Topwear,Tshirts,Olive,Fall,2011.0,Casual,United Colors of Benetton Men Olive Tshirts
7248,Men,Footwear,Shoes,Formal Shoes,Black,Fall,2011.0,Formal,Rockport Men's Anniello Black Shoe
14779,Men,Apparel,Topwear,Shirts,Green,Fall,2011.0,Formal,Arrow Men Stripes Green Shirts
46367,Men,Apparel,Topwear,Shirts,Blue,Summer,2012.0,Casual,Locomotive Men Blue and Grey Check Shirt
37794,Men,Apparel,Topwear,Shirts,Brown,Summer,2012.0,Formal,John Players Men Stripes Brown Shirt
44939,Men,Footwear,Shoes,Formal Shoes,Black,Summer,2013.0,Formal,Franco Leone Men Black Shoes
3841,Women,Footwear,Shoes,Flats,White,Summer,2011.0,Casual,Crocs Women Lady Oyster Flats
38983,Men,Apparel,Bottomwear,Trousers,Charcoal,Summer,2012.0,Formal,Arrow Men Charcoal Striped Trousers
36735,Women,Apparel,Topwear,Tshirts,Multi,Summer,2012.0,Casual,Spykar Women Cult Multi T-shirt
5387,Unisex,Footwear,Shoes,Sports Shoes,Black,Summer,2011.0,Sports,Kalenji Kapteren 50 Black Pink
37173,Boys,Apparel,Bottomwear,Shorts,Red,Summer,2012.0,Casual,United Colors of Benetton Boys Knitted shorts
17911,Women,Apparel,Topwear,Jackets,Black,Fall,2011.0,Casual,Nike Women Sptcas Black Jacket
8845,Men,Apparel,Bottomwear,Trousers,Grey,Summer,2011.0,Casual,Scullers Men Scul Grey Trousers
57073,Women,Apparel,Bottomwear,Jeans,Blue,Summer,2012.0,Casual,Elle Women Blue Jeans
15313,Men,Footwear,Shoes,Sports Shoes,White,Fall,2011.0,Sports,ADIDAS Men Aerostar White Sports Shoes
10572,Men,Apparel,Topwear,Sweaters,Red,Fall,2011.0,Casual,Puma Men Knitted Red Sweaters
41379,Women,Apparel,Topwear,Tops,Red,Summer,2012.0,Casual,Wrangler Women Red Rosy Top
49634,Women,Apparel,Dress,Dresses,Blue,Summer,2012.0,Casual,Mineral Blue Dress
12478,Men,Footwear,Shoes,Formal Shoes,Black,Fall,2012.0,Formal,Clarks Men Black Leather Formal Shoes
7242,Men,Footwear,Shoes,Formal Shoes,Black,Fall,2011.0,Formal,Rockport Men's Alfrew Black Shoe
58200,Men,Footwear,Shoes,Sports Shoes,Black,Summer,2012.0,Sports,Puma Men Black Sports Shoes
2226,Women,Apparel,Bottomwear,Track Pants,Black,Fall,2010.0,Sports,ADIDAS Women Black Tracksuit
38835,Women,Apparel,Dress,Dresses,Grey,Summer,2012.0,Casual,Latin Quarters Women Grey & Olive Printed Dress
18636,Men,Apparel,Topwear,Tshirts,White,Fall,2011.0,Sports,Puma Men V.11 Speed  White Tshirts
41358,Men,Apparel,Bottomwear,Jeans,Blue,Summer,2016.0,Casual,Wrangler Men Blue Skanders Jeans
11094,Women,Apparel,Topwear,Sweaters,Black,Fall,2011.0,Casual,Scullers Women Stripes Black Sweaters
35982,Women,Apparel,Topwear,Tshirts,Grey,Summer,2012.0,Casual,Flying Machine Women Grey T-shirt
46622,Women,Footwear,Shoes,Heels,Multi,Summer,2016.0,Casual,Catwalk Women Multi colour Wedges
12672,Men,Apparel,Bottomwear,Shorts,Yellow,Fall,2011.0,Casual,Probase Men Yellow Shorts
9776,Men,Apparel,Bottomwear,Track Pants,Grey,Fall,2011.0,Casual,ADIDAS Men Grey Track Pants
51591,Women,Apparel,Bottomwear,Jeans,Navy Blue,Summer,2012.0,Casual,Wrangler Women Navy Blue Giselle Jeans
9078,Men,Apparel,Bottomwear,Track Pants,Black,Spring,2013.0,Sports,ADIDAS Men Crkt Col Pant Black Trackpant
46590,Women,Footwear,Shoes,Heels,Green,Summer,2016.0,Casual,Catwalk Women Green Heels
46387,Men,Apparel,Bottomwear,Shorts,Black,Summer,2012.0,Casual,ADIDAS Men Black Shorts
18573,Men,Apparel,Topwear,Sweaters,Blue,Fall,2011.0,Casual,Puma Men Striped Full Zip Blue Sweater
43363,Women,Footwear,Shoes,Flats,White,Summer,2013.0,Casual,Reebok Women White Casual Shoes
43918,Women,Apparel,Bottomwear,Trousers,Yellow,Summer,2012.0,Casual,Femella Women Yellow Trousers
29683,Men,Apparel,Bottomwear,Trousers,Black,Summer,2012.0,Casual,Indigo Nation Men Black Trouser
9967,Men,Apparel,Bottomwear,Track Pants,Black,Fall,2011.0,Sports,Nike Men Ad Breakline Black Track Pants
12477,Men,Footwear,Shoes,Formal Shoes,Brown,Fall,2012.0,Formal,Clarks Men Leather Brown Formal Shoes
47228,Men,Footwear,Shoes,Formal Shoes,Brown,Winter,2012.0,Formal,Franco Leone Men Dark Brown Formal Shoes
25893,Women,Apparel,Topwear,Tops,Brown,Summer,2012.0,Casual,Femella Women Spaghetti Brown Top
8948,Men,Apparel,Bottomwear,Trousers,Navy Blue,Fall,2011.0,Formal,Indigo Nation Men ID Printed Navy Blue Trousers
14748,Men,Apparel,Topwear,Shirts,White,Fall,2011.0,Formal,Arrow Men Solid White Shirts
47209,Men,Footwear,Shoes,Formal Shoes,Black,Summer,2012.0,Formal,Franco Leone Men Black Formal Shoes
34634,Men,Footwear,Shoes,Casual Shoes,Brown,Summer,2012.0,Casual,Lotto Men Brown Fella Tres Shoes
17410,Men,Footwear,Shoes,Sports Shoes,White,Fall,2011.0,Sports,Lotto Men Atlantica White Sports Shoe
11339,Men,Apparel,Bottomwear,Jeans,Blue,Summer,2017.0,Casual,Lee Men Blue Chicago Fit Jeans
10436,Men,Apparel,Topwear,Tshirts,Pink,Fall,2011.0,Casual,Flying Machine Men Pink Polo Tshirts
38503,Girls,Apparel,Bottomwear,Shorts,Blue,Summer,2012.0,Casual,Gini and Jony Girls Woven Blue Shorts
9081,Men,Apparel,Bottomwear,Shorts,Red,Fall,2011.0,Sports,ADIDAS Men Gfx Rev 2l Sho Red Shorts
4181,Men,Footwear,Shoes,Formal Shoes,Brown,Summer,2011.0,Smart Casual,Rockport Men Brown Leather Casual Shoes
26183,Women,Footwear,Shoes,Flats,Black,Winter,2016.0,Casual,Rocia Women Black Flats
9187,Men,Apparel,Bottomwear,Jeans,Blue,Fall,2011.0,Casual,Spykar Men Style Essentials Spykar Basic Attire Series 0428 Blue Jeans
2737,Girls,Apparel,Topwear,Tops,Red,Summer,2011.0,Casual,Disney Kids Girl's Red Kidswear
12286,Men,Apparel,Bottomwear,Trousers,Navy Blue,Fall,2011.0,Formal,Genesis Men Solid Navy Blue Trousers
59121,Men,Apparel,Topwear,Jackets,Black,Summer,2012.0,Casual,Just Natural Men Black Jacket
3688,Men,Footwear,Shoes,Sports Shoes,Navy Blue,Summer,2011.0,Sports,Lotto Men's Bristol II Navy White Shoe
9156,Women,Apparel,Topwear,Tops,Purple,Fall,2011.0,Casual,Jealous 21 Women Lavender Purple Tops
9773,Men,Apparel,Bottomwear,Shorts,Blue,Fall,2011.0,Casual,ADIDAS Men Gfx Re V 2L Sho Blue Shorts
4726,Boys,Apparel,Topwear,Tshirts,White,Summer,2011.0,Casual,Disney Kids Boy's Regatta Annual White Teen Kidswear
3730,Men,Apparel,Topwear,Tshirts,Yellow,Summer,2011.0,Sports,CSK Mens Fangear Yellow Jersey
39385,Men,Apparel,Bottomwear,Jeans,Grey,Summer,2012.0,Casual,Peter England Men Grey Jeans
32812,Women,Footwear,Shoes,Heels,Black,Winter,2012.0,Casual,iPanema Women Ritmos Black Flats
39597,Women,Footwear,Shoes,Heels,Bronze,Winter,2015.0,Casual,Catwalk Women Bronze Flats
11253,Men,Apparel,Bottomwear,Trousers,Olive,Fall,2011.0,Formal,Indigo Nation Men Tro Olive Trousers
18564,Women,Footwear,Shoes,Flats,Teal,Winter,2015.0,Casual,Catwalk Women Casual Teal Sandal
7560,Women,Apparel,Bottomwear,Track Pants,Grey,Summer,2011.0,Sports,Nike Women's Be Strong Grey Track Pant
46270,Women,Apparel,Topwear,Tops,Purple,Summer,2012.0,Casual,109F Women Purple Layered Top
35430,Men,Footwear,Shoes,Sports Shoes,Blue,Summer,2012.0,Sports,ADIDAS Men Advent Blue Sports Shoes
5559,Men,Apparel,Topwear,Jackets,Yellow,Summer,2011.0,Casual,Reebok Men Reversible Blue & Yellow Jacket
9052,Men,Footwear,Shoes,Sports Shoes,White,Fall,2011.0,Sports,ADIDAS Men Duramo 3 M White Sports Shoes
4988,Women,Apparel,Dress,Dresses,White,Summer,2011.0,Casual,Gini and Jony Girl's Vanya White Polka Dot Kidswear
29147,Men,Apparel,Topwear,Tshirts,Green,Summer,2012.0,Casual,United Colors of Benetton Men Printed Green T-shirt
14961,Men,Apparel,Topwear,Jackets,Red,Fall,2011.0,Casual,Status Quo Men Printed Red Jackets
11274,Men,Apparel,Bottomwear,Track Pants,Black,Fall,2011.0,Sports,Nike Men Crickt Black Track Pants
9331,Men,Apparel,Bottomwear,Shorts,Blue,Fall,2011.0,Casual,Puma Men Chino Blue Shorts
16508,Men,Apparel,Bottomwear,Jeans,Blue,Fall,2011.0,Casual,Locomotive Men Washed Blue Jeans
14633,Women,Apparel,Topwear,Tops,Green,Fall,2011.0,Casual,United Colors of Benetton Women Printed Green Tops
10129,Men,Footwear,Shoes,Formal Shoes,Brown,Fall,2011.0,Formal,Rockport Men Jefford Brown Formal Shoes
15609,Men,Apparel,Bottomwear,Shorts,Grey,Summer,2012.0,Sports,Nike Men Trainng Grey Shorts
43473,Men,Footwear,Shoes,Casual Shoes,Khaki,Summer,2012.0,Casual,Woodland Men Khaki Shoes
59019,Women,Footwear,Shoes,Flats,Black,Winter,2012.0,Casual,Carlton London Women Black Flats
9430,Men,Footwear,Shoes,Formal Shoes,Black,Fall,2011.0,Formal,Lee Cooper Men Nnado Black Formal Shoes
23870,Men,Apparel,Bottomwear,Track Pants,Black,Fall,2011.0,Casual,ADIDAS Men Black  Track Pant
13214,Men,Footwear,Shoes,Sports Shoes,White,Fall,2011.0,Sports,ASICS Men Gel 1160 Running White Sports Shoes
35947,Men,Apparel,Topwear,Shirts,White,Summer,2012.0,Casual,Flying Machine Men White Shirt
18921,Men,Apparel,Topwear,Shirts,Red,Fall,2011.0,Casual,Levis Men Classics  Red Shirt
4344,Men,Footwear,Shoes,Sports Shoes,White,Summer,2011.0,Sports,Fila Men's Abascuss White Blue Shoe
33113,Women,Footwear,Shoes,Heels,Black,Winter,2015.0,Casual,Catwalk Women Black Stilettos
20759,Women,Footwear,Shoes,Flats,Brown,Fall,2011.0,Casual,Carlton London Women Casual Brown Sandals
33509,Women,Apparel,Bottomwear,Shorts,Pink,Summer,2012.0,Casual,Doodle Kids Girl Check Pink Shorts
13538,Men,Footwear,Shoes,Casual Shoes,Black,Winter,2012.0,Casual,Carlton London Men Casual Black Casual Shoes
40928,Boys,Apparel,Bottomwear,Jeans,Blue,Summer,2012.0,Casual,Gini and Jony Boys Rodeo Blue Jeans
56998,Women,Footwear,Shoes,Flats,White,Winter,2012.0,Casual,HM Women White Sandals
24006,Men,Apparel,Topwear,Shirts,White,Summer,2012.0,Casual,Regent Polo Club Men White Striped Shirt
26310,Men,Apparel,Bottomwear,Shorts,Black,Summer,2012.0,Sports,Proline Black Sports Shorts
40282,Men,Apparel,Bottomwear,Trousers,Brown,Summer,2012.0,Casual,Scullers Men Brown Trousers
10023,Women,Apparel,Bottomwear,Track Pants,Grey,Fall,2011.0,Sports,Nike Women Regular Grey Track Pants
33701,Men,Footwear,Shoes,Formal Shoes,Brown,Winter,2012.0,Formal,Cobblerz Men Brown Formal Shoes
11320,Men,Apparel,Bottomwear,Jeans,Grey,Fall,2011.0,Casual,United Colors of Benetton Men Washed Grey Jeans
50420,Men,Footwear,Shoes,Formal Shoes,Brown,Summer,2012.0,Formal,U.S. Polo Assn. Men Brown Formal Shoes
12992,Unisex,Footwear,Shoes,Sports Shoes,Silver,Fall,2011.0,Sports,ADIDAS Kids Unisex HyperRun Silver Sports Shoes
24311,Men,Apparel,Bottomwear,Shorts,Black,Fall,2011.0,Casual,ADIDAS Men Black Shorts
14000,Men,Apparel,Topwear,Jackets,Blue,Fall,2011.0,Sports,Nike Men Printed Blue Jackets
6786,Men,Apparel,Topwear,Jackets,Black,Summer,2011.0,Casual,Timberland Men Falmouth Cycling Jac Black Jacket
2375,Men,Footwear,Shoes,Formal Shoes,Black,Winter,2018.0,Formal,Red Tape Men's Black Semi Formal Shoe
5590,Men,Footwear,Shoes,Sports Shoes,White,Summer,2011.0,Sports,ADIDAS Men's Adi Taurus White Shoe
25931,Women,Apparel,Bottomwear,Skirts,Red,Summer,2012.0,Casual,Femella Women Red Skirt
14408,Women,Footwear,Shoes,Heels,Beige,Summer,2012.0,Casual,Enroute Women Casual Beige Flats
7133,Men,Apparel,Bottomwear,Track Pants,Grey,Fall,2011.0,Casual,Urban Yoga Men Bottom Grey Yoga Pants
7205,Women,Apparel,Topwear,Tops,Black,Fall,2011.0,Casual,Jealous 21 Women Shimmery Patch Black Top
2192,Men,Apparel,Bottomwear,Shorts,White,Fall,2010.0,Sports,ADIDAS Men White Short
42592,Girls,Apparel,Dress,Dresses,Pink,Fall,2012.0,Casual,United Colors of Benetton Kids Girls Pink Printed Dress
39836,Girls,Apparel,Topwear,Tops,Peach,Summer,2012.0,Casual,Gini and Jony Girls Printed Peach Top
